Device ID,Timestamp (AST - America/Anguilla (UTC-04:00)),Site ID,Site Name,Room Number,Device Type
10:2b:aa:50:31:d8,2026-08-04 11:29:59,NxAdYxekQZxahxWUdflx3oODft9AoCVH,The Berkley Las Vegas (MVM784) 006Ql00000f29sP,1405A@B,Evolve M2
10:2b:aa:50:34:06,2026-08-04 11:29:58,NxAdYxekQZxahxWUdflx3oODft9AoCVH,The Berkley Las Vegas (MVM784) 006Ql00000f29sP,303B@B,Evolve M2
10:2b:aa:50:2d:d6,2026-08-04 11:29:56,NxAdYxekQZxahxWUdflx3oODft9AoCVH,The Berkley Las Vegas (MVM784) 006Ql00000f29sP,1008A@L,Evolve M2
10:2b:aa:50:2e:42,2026-08-04 11:29:55,NxAdYxekQZxahxWUdflx3oODft9AoCVH,The Berkley Las Vegas (MVM784) 006Ql00000f29sP,1407A@L,Evolve M2
10:2b:aa:50:3c:3a,2026-08-04 11:29:54,NxAdYxekQZxahxWUdflx3oODft9AoCVH,The Berkley Las Vegas (MVM784) 006Ql00000f29sP,609A@L,Evolve M2
10:2b:aa:51:eb:33,2026-08-04 11:29:54,NxAdYxekQZxahxWUdflx3oODft9AoCVH,The Berkley Las Vegas (MVM784) 006Ql00000f29sP,1105A@B,Evolve M2
10:2b:aa:50:35:e3,2026-08-04 11:29:53,NxAdYxekQZxahxWUdflx3oODft9AoCVH,The Berkley Las Vegas (MVM784) 006Ql00000f29sP,612B@L,Evolve M2
10:2b:aa:50:90:ca,2026-08-04 11:29:53,NxAdYxekQZxahxWUdflx3oODft9AoCVH,The Berkley Las Vegas (MVM784) 006Ql00000f29sP,1511B@L,Evolve M2
10:2b:aa:51:e6:65,2026-08-04 11:29:52,NxAdYxekQZxahxWUdflx3oODft9AoCVH,The Berkley Las Vegas (MVM784) 006Ql00000f29sP,505B@L,Evolve M2
10:2b:aa:50:36:82,2026-08-04 11:29:52,NxAdYxekQZxahxWUdflx3oODft9AoCVH,The Berkley Las Vegas (MVM784) 006Ql00000f29sP,602B@B,Evolve M2
10:2b:aa:50:8f:e6,2026-08-04 11:29:52,NxAdYxekQZxahxWUdflx3oODft9AoCVH,The Berkley Las Vegas (MVM784) 006Ql00000f29sP,1601B@L,Evolve M2
10:2b:aa:50:2d:ac,2026-08-04 11:29:51,NxAdYxekQZxahxWUdflx3oODft9AoCVH,The Berkley Las Vegas (MVM784) 006Ql00000f29sP,904B@L,Evolve M2
10:2b:aa:50:2d:9a,2026-08-04 11:29:51,NxAdYxekQZxahxWUdflx3oODft9AoCVH,The Berkley Las Vegas (MVM784) 006Ql00000f29sP,1010B@L,Evolve M2
10:2b:aa:50:3e:95,2026-08-04 11:29:50,NxAdYxekQZxahxWUdflx3oODft9AoCVH,The Berkley Las Vegas (MVM784) 006Ql00000f29sP,306A@B,Evolve M2
10:2b:aa:50:34:e1,2026-08-04 11:29:48,NxAdYxekQZxahxWUdflx3oODft9AoCVH,The Berkley Las Vegas (MVM784) 006Ql00000f29sP,907B@B,Evolve M2
10:2b:aa:51:ea:df,2026-08-04 11:29:47,NxAdYxekQZxahxWUdflx3oODft9AoCVH,The Berkley Las Vegas (MVM784) 006Ql00000f29sP,1101B@L,Evolve M2
10:2b:aa:50:34:78,2026-08-04 11:29:46,NxAdYxekQZxahxWUdflx3oODft9AoCVH,The Berkley Las Vegas (MVM784) 006Ql00000f29sP,201B@B,Evolve M2
10:2b:aa:50:04:60,2026-08-04 11:29:46,NxAdYxekQZxahxWUdflx3oODft9AoCVH,The Berkley Las Vegas (MVM784) 006Ql00000f29sP,1603A@L,Evolve M2
10:2b:aa:50:8f:20,2026-08-04 11:29:46,NxAdYxekQZxahxWUdflx3oODft9AoCVH,The Berkley Las Vegas (MVM784) 006Ql00000f29sP,911B@B,Evolve M2
10:2b:aa:50:3e:a1,2026-08-04 11:29:46,NxAdYxekQZxahxWUdflx3oODft9AoCVH,The Berkley Las Vegas (MVM784) 006Ql00000f29sP,311B@L,Evolve M2
10:2b:aa:50:37:81,2026-08-04 11:29:45,NxAdYxekQZxahxWUdflx3oODft9AoCVH,The Berkley Las Vegas (MVM784) 006Ql00000f29sP,810B@L,Evolve M2
10:2b:aa:50:90:91,2026-08-04 11:29:44,NxAdYxekQZxahxWUdflx3oODft9AoCVH,The Berkley Las Vegas (MVM784) 006Ql00000f29sP,503A@B,Evolve M2
10:2b:aa:51:ea:49,2026-08-04 11:29:39,NxAdYxekQZxahxWUdflx3oODft9AoCVH,The Berkley Las Vegas (MVM784) 006Ql00000f29sP,1207B@L,Evolve M2
10:2b:aa:50:33:a6,2026-08-04 11:29:39,NxAdYxekQZxahxWUdflx3oODft9AoCVH,The Berkley Las Vegas (MVM784) 006Ql00000f29sP,609B@B,Evolve M2
10:2b:aa:50:3c:34,2026-08-04 11:29:38,NxAdYxekQZxahxWUdflx3oODft9AoCVH,The Berkley Las Vegas (MVM784) 006Ql00000f29sP,1002B@B,Evolve M2
10:2b:aa:50:3f:31,2026-08-04 11:29:38,NxAdYxekQZxahxWUdflx3oODft9AoCVH,The Berkley Las Vegas (MVM784) 006Ql00000f29sP,309B@L,Evolve M2
68:ab:a9:f8:43:ad,2026-08-04 11:29:37,NxAdYxekQZxahxWUdflx3oODft9AoCVH,The Berkley Las Vegas (MVM784) 006Ql00000f29sP,1509B@B,Evolve M2
10:2b:aa:50:8d:34,2026-08-04 11:29:37,NxAdYxekQZxahxWUdflx3oODft9AoCVH,The Berkley Las Vegas (MVM784) 006Ql00000f29sP,411A@B,Evolve M2
10:2b:aa:50:90:2e,2026-08-04 11:29:35,NxAdYxekQZxahxWUdflx3oODft9AoCVH,The Berkley Las Vegas (MVM784) 006Ql00000f29sP,501A@L,Evolve M2
10:2b:aa:50:37:ba,2026-08-04 11:29:35,NxAdYxekQZxahxWUdflx3oODft9AoCVH,The Berkley Las Vegas (MVM784) 006Ql00000f29sP,910B@B,Evolve M2
10:2b:aa:50:91:30,2026-08-04 11:29:35,NxAdYxekQZxahxWUdflx3oODft9AoCVH,The Berkley Las Vegas (MVM784) 006Ql00000f29sP,1510B@B,Evolve M2
10:2b:aa:51:eb:15,2026-08-04 11:29:33,NxAdYxekQZxahxWUdflx3oODft9AoCVH,The Berkley Las Vegas (MVM784) 006Ql00000f29sP,707B@L,Evolve M2
10:2b:aa:50:91:de,2026-08-04 11:29:32,NxAdYxekQZxahxWUdflx3oODft9AoCVH,The Berkley Las Vegas (MVM784) 006Ql00000f29sP,1001B@L,Evolve M2
10:2b:aa:50:8c:ce,2026-08-04 11:29:27,NxAdYxekQZxahxWUdflx3oODft9AoCVH,The Berkley Las Vegas (MVM784) 006Ql00000f29sP,402A@B,Evolve M2
10:2b:aa:50:8d:2b,2026-08-04 11:29:26,NxAdYxekQZxahxWUdflx3oODft9AoCVH,The Berkley Las Vegas (MVM784) 006Ql00000f29sP,1401B@B,Evolve M2
10:2b:aa:51:eb:03,2026-08-04 11:29:26,NxAdYxekQZxahxWUdflx3oODft9AoCVH,The Berkley Las Vegas (MVM784) 006Ql00000f29sP,1607A@B,Evolve M2
10:2b:aa:50:3f:04,2026-08-04 11:29:25,NxAdYxekQZxahxWUdflx3oODft9AoCVH,The Berkley Las Vegas (MVM784) 006Ql00000f29sP,310A@L,Evolve M2
10:2b:aa:50:37:0f,2026-08-04 11:29:23,NxAdYxekQZxahxWUdflx3oODft9AoCVH,The Berkley Las Vegas (MVM784) 006Ql00000f29sP,706B@B,Evolve M2
10:2b:aa:50:33:67,2026-08-04 11:29:23,NxAdYxekQZxahxWUdflx3oODft9AoCVH,The Berkley Las Vegas (MVM784) 006Ql00000f29sP,1606B@L,Evolve M2
10:2b:aa:50:3c:b8,2026-08-04 11:29:22,NxAdYxekQZxahxWUdflx3oODft9AoCVH,The Berkley Las Vegas (MVM784) 006Ql00000f29sP,1605A@L,Evolve M2
10:2b:aa:50:31:e7,2026-08-04 11:29:21,NxAdYxekQZxahxWUdflx3oODft9AoCVH,The Berkley Las Vegas (MVM784) 006Ql00000f29sP,305B@L,Evolve M2
10:2b:aa:50:2c:95,2026-08-04 11:29:20,NxAdYxekQZxahxWUdflx3oODft9AoCVH,The Berkley Las Vegas (MVM784) 006Ql00000f29sP,1003A@L,Evolve M2
10:2b:aa:51:e8:21,2026-08-04 11:29:19,NxAdYxekQZxahxWUdflx3oODft9AoCVH,The Berkley Las Vegas (MVM784) 006Ql00000f29sP,1212A@B,Evolve M2
10:2b:aa:50:34:90,2026-08-04 11:29:19,NxAdYxekQZxahxWUdflx3oODft9AoCVH,The Berkley Las Vegas (MVM784) 006Ql00000f29sP,501S@L,Evolve M2
10:2b:aa:50:2c:fb,2026-08-04 11:29:19,NxAdYxekQZxahxWUdflx3oODft9AoCVH,The Berkley Las Vegas (MVM784) 006Ql00000f29sP,1703B@L,Evolve M2
10:2b:aa:50:3c:d9,2026-08-04 11:29:18,NxAdYxekQZxahxWUdflx3oODft9AoCVH,The Berkley Las Vegas (MVM784) 006Ql00000f29sP,801A@B,Evolve M2
10:2b:aa:50:37:c0,2026-08-04 11:29:16,NxAdYxekQZxahxWUdflx3oODft9AoCVH,The Berkley Las Vegas (MVM784) 006Ql00000f29sP,812A@L,Evolve M2
10:2b:aa:50:2c:da,2026-08-04 11:29:15,NxAdYxekQZxahxWUdflx3oODft9AoCVH,The Berkley Las Vegas (MVM784) 006Ql00000f29sP,610B@B,Evolve M2
10:2b:aa:50:04:45,2026-08-04 11:29:15,NxAdYxekQZxahxWUdflx3oODft9AoCVH,The Berkley Las Vegas (MVM784) 006Ql00000f29sP,1107B@B,Evolve M2
10:2b:aa:50:2e:a2,2026-08-04 11:29:14,NxAdYxekQZxahxWUdflx3oODft9AoCVH,The Berkley Las Vegas (MVM784) 006Ql00000f29sP,1505A@B,Evolve M2
10:2b:aa:50:92:bc,2026-08-04 11:29:13,NxAdYxekQZxahxWUdflx3oODft9AoCVH,The Berkley Las Vegas (MVM784) 006Ql00000f29sP,906B@B,Evolve M2
10:2b:aa:51:ea:e5,2026-08-04 11:29:13,NxAdYxekQZxahxWUdflx3oODft9AoCVH,The Berkley Las Vegas (MVM784) 006Ql00000f29sP,1501A@B,Evolve M2
10:2b:aa:50:38:83,2026-08-04 11:29:12,NxAdYxekQZxahxWUdflx3oODft9AoCVH,The Berkley Las Vegas (MVM784) 006Ql00000f29sP,404B@B,Evolve M2
10:2b:aa:50:36:10,2026-08-04 11:29:09,NxAdYxekQZxahxWUdflx3oODft9AoCVH,The Berkley Las Vegas (MVM784) 006Ql00000f29sP,901A@B,Evolve M2
10:2b:aa:50:3c:37,2026-08-04 11:29:05,NxAdYxekQZxahxWUdflx3oODft9AoCVH,The Berkley Las Vegas (MVM784) 006Ql00000f29sP,202B@B,Evolve M2
10:2b:aa:50:8f:8c,2026-08-04 11:29:05,NxAdYxekQZxahxWUdflx3oODft9AoCVH,The Berkley Las Vegas (MVM784) 006Ql00000f29sP,504A@L,Evolve M2
10:2b:aa:50:91:cf,2026-08-04 11:29:05,NxAdYxekQZxahxWUdflx3oODft9AoCVH,The Berkley Las Vegas (MVM784) 006Ql00000f29sP,1511B@B,Evolve M2
10:2b:aa:51:e8:cf,2026-08-04 11:29:04,NxAdYxekQZxahxWUdflx3oODft9AoCVH,The Berkley Las Vegas (MVM784) 006Ql00000f29sP,1703A@L,Evolve M2
10:2b:aa:50:2e:4e,2026-08-04 11:29:03,NxAdYxekQZxahxWUdflx3oODft9AoCVH,The Berkley Las Vegas (MVM784) 006Ql00000f29sP,1203A@B,Evolve M2
10:2b:aa:50:92:4a,2026-08-04 11:29:02,NxAdYxekQZxahxWUdflx3oODft9AoCVH,The Berkley Las Vegas (MVM784) 006Ql00000f29sP,1602B@L,Evolve M2
10:2b:aa:51:e6:05,2026-08-04 11:29:02,NxAdYxekQZxahxWUdflx3oODft9AoCVH,The Berkley Las Vegas (MVM784) 006Ql00000f29sP,1505A@L,Evolve M2
10:2b:aa:50:34:48,2026-08-04 11:28:01,NxAdYxekQZxahxWUdflx3oODft9AoCVH,The Berkley Las Vegas (MVM784) 006Ql00000f29sP,207A@L,Evolve M2
68:ab:a9:fc:d1:a7,2026-08-04 11:28:00,NxAdYxekQZxahxWUdflx3oODft9AoCVH,The Berkley Las Vegas (MVM784) 006Ql00000f29sP,1811A@L,Evolve M2
10:2b:aa:50:90:43,2026-08-04 11:28:00,NxAdYxekQZxahxWUdflx3oODft9AoCVH,The Berkley Las Vegas (MVM784) 006Ql00000f29sP,1603A@B,Evolve M2
10:2b:aa:50:2b:db,2026-08-04 11:28:00,NxAdYxekQZxahxWUdflx3oODft9AoCVH,The Berkley Las Vegas (MVM784) 006Ql00000f29sP,1612B@B,Evolve M2
10:2b:aa:50:34:9f,2026-08-04 11:27:58,NxAdYxekQZxahxWUdflx3oODft9AoCVH,The Berkley Las Vegas (MVM784) 006Ql00000f29sP,409B@L,Evolve M2
10:2b:aa:50:3a:b7,2026-08-04 11:27:55,NxAdYxekQZxahxWUdflx3oODft9AoCVH,The Berkley Las Vegas (MVM784) 006Ql00000f29sP,1201A@L,Evolve M2
10:2b:aa:50:37:84,2026-08-04 11:27:55,NxAdYxekQZxahxWUdflx3oODft9AoCVH,The Berkley Las Vegas (MVM784) 006Ql00000f29sP,812B@B,Evolve M2
10:2b:aa:50:32:02,2026-08-04 11:27:52,NxAdYxekQZxahxWUdflx3oODft9AoCVH,The Berkley Las Vegas (MVM784) 006Ql00000f29sP,1511A@B,Evolve M2
10:2b:aa:50:8d:46,2026-08-04 11:27:50,NxAdYxekQZxahxWUdflx3oODft9AoCVH,The Berkley Las Vegas (MVM784) 006Ql00000f29sP,1410B@B,Evolve M2
10:2b:aa:50:38:44,2026-08-04 11:27:50,NxAdYxekQZxahxWUdflx3oODft9AoCVH,The Berkley Las Vegas (MVM784) 006Ql00000f29sP,1011B@B,Evolve M2
10:2b:aa:50:3f:ee,2026-08-04 11:27:50,NxAdYxekQZxahxWUdflx3oODft9AoCVH,The Berkley Las Vegas (MVM784) 006Ql00000f29sP,307B@B,Evolve M2
10:2b:aa:50:35:c2,2026-08-04 11:27:50,NxAdYxekQZxahxWUdflx3oODft9AoCVH,The Berkley Las Vegas (MVM784) 006Ql00000f29sP,407B@B,Evolve M2
10:2b:aa:50:2d:64,2026-08-04 11:27:49,NxAdYxekQZxahxWUdflx3oODft9AoCVH,The Berkley Las Vegas (MVM784) 006Ql00000f29sP,801S@L,Evolve M2
10:2b:aa:50:31:8a,2026-08-04 11:27:46,NxAdYxekQZxahxWUdflx3oODft9AoCVH,The Berkley Las Vegas (MVM784) 006Ql00000f29sP,1408B@L,Evolve M2
10:2b:aa:50:8f:9b,2026-08-04 11:27:46,NxAdYxekQZxahxWUdflx3oODft9AoCVH,The Berkley Las Vegas (MVM784) 006Ql00000f29sP,1608A@B,Evolve M2
10:2b:aa:50:33:37,2026-08-04 11:27:42,NxAdYxekQZxahxWUdflx3oODft9AoCVH,The Berkley Las Vegas (MVM784) 006Ql00000f29sP,1509A@L,Evolve M2
10:2b:aa:51:ea:7c,2026-08-04 11:27:42,NxAdYxekQZxahxWUdflx3oODft9AoCVH,The Berkley Las Vegas (MVM784) 006Ql00000f29sP,507A@L,Evolve M2
10:2b:aa:50:3c:6d,2026-08-04 11:27:40,NxAdYxekQZxahxWUdflx3oODft9AoCVH,The Berkley Las Vegas (MVM784) 006Ql00000f29sP,103A@L,Evolve M2
10:2b:aa:50:32:2c,2026-08-04 11:27:38,NxAdYxekQZxahxWUdflx3oODft9AoCVH,The Berkley Las Vegas (MVM784) 006Ql00000f29sP,1203B@L,Evolve M2
10:2b:aa:50:3e:e6,2026-08-04 11:27:38,NxAdYxekQZxahxWUdflx3oODft9AoCVH,The Berkley Las Vegas (MVM784) 006Ql00000f29sP,1702A@B,Evolve M2
10:2b:aa:4f:fc:ec,2026-08-04 11:27:37,NxAdYxekQZxahxWUdflx3oODft9AoCVH,The Berkley Las Vegas (MVM784) 006Ql00000f29sP,1108A@B,Evolve M2
10:2b:aa:50:31:03,2026-08-04 11:27:36,NxAdYxekQZxahxWUdflx3oODft9AoCVH,The Berkley Las Vegas (MVM784) 006Ql00000f29sP,1709B@L,Evolve M2
10:2b:aa:50:8e:a5,2026-08-04 11:27:35,NxAdYxekQZxahxWUdflx3oODft9AoCVH,The Berkley Las Vegas (MVM784) 006Ql00000f29sP,1807A@L,Evolve M2
10:2b:aa:50:34:7e,2026-08-04 11:27:34,NxAdYxekQZxahxWUdflx3oODft9AoCVH,The Berkley Las Vegas (MVM784) 006Ql00000f29sP,901B@L,Evolve M2
10:2b:aa:50:90:be,2026-08-04 11:27:34,NxAdYxekQZxahxWUdflx3oODft9AoCVH,The Berkley Las Vegas (MVM784) 006Ql00000f29sP,1004B,Evolve M2
68:ab:a9:fb:06:e8,2026-08-04 11:27:34,NxAdYxekQZxahxWUdflx3oODft9AoCVH,The Berkley Las Vegas (MVM784) 006Ql00000f29sP,1812A@L,Evolve M2
10:2b:aa:50:39:55,2026-08-04 11:27:33,NxAdYxekQZxahxWUdflx3oODft9AoCVH,The Berkley Las Vegas (MVM784) 006Ql00000f29sP,704B@L,Evolve M2
10:2b:aa:50:37:63,2026-08-04 11:27:33,NxAdYxekQZxahxWUdflx3oODft9AoCVH,The Berkley Las Vegas (MVM784) 006Ql00000f29sP,1508A,Evolve M2
10:2b:aa:51:ea:67,2026-08-04 11:27:31,NxAdYxekQZxahxWUdflx3oODft9AoCVH,The Berkley Las Vegas (MVM784) 006Ql00000f29sP,1208B@B,Evolve M2
10:2b:aa:50:30:67,2026-08-04 11:27:30,NxAdYxekQZxahxWUdflx3oODft9AoCVH,The Berkley Las Vegas (MVM784) 006Ql00000f29sP,709B@L,Evolve M2
10:2b:aa:50:2c:08,2026-08-04 11:27:30,NxAdYxekQZxahxWUdflx3oODft9AoCVH,The Berkley Las Vegas (MVM784) 006Ql00000f29sP,1607B@L,Evolve M2
10:2b:aa:50:31:f6,2026-08-04 11:27:28,NxAdYxekQZxahxWUdflx3oODft9AoCVH,The Berkley Las Vegas (MVM784) 006Ql00000f29sP,1002A@L,Evolve M2
10:2b:aa:50:3e:f5,2026-08-04 11:27:27,NxAdYxekQZxahxWUdflx3oODft9AoCVH,The Berkley Las Vegas (MVM784) 006Ql00000f29sP,305B@B,Evolve M2
10:2b:aa:50:30:79,2026-08-04 11:27:26,NxAdYxekQZxahxWUdflx3oODft9AoCVH,The Berkley Las Vegas (MVM784) 006Ql00000f29sP,706A@B,Evolve M2
10:2b:aa:50:2e:0f,2026-08-04 11:27:25,NxAdYxekQZxahxWUdflx3oODft9AoCVH,The Berkley Las Vegas (MVM784) 006Ql00000f29sP,701B@B,Evolve M2
10:2b:aa:50:90:f7,2026-08-04 11:27:25,NxAdYxekQZxahxWUdflx3oODft9AoCVH,The Berkley Las Vegas (MVM784) 006Ql00000f29sP,1003B@B,Evolve M2
10:2b:aa:50:35:2c,2026-08-04 11:27:24,NxAdYxekQZxahxWUdflx3oODft9AoCVH,The Berkley Las Vegas (MVM784) 006Ql00000f29sP,408A@L,Evolve M2
10:2b:aa:50:32:9b,2026-08-04 11:27:21,NxAdYxekQZxahxWUdflx3oODft9AoCVH,The Berkley Las Vegas (MVM784) 006Ql00000f29sP,809A@B,Evolve M2
10:2b:aa:50:31:ab,2026-08-04 11:27:19,NxAdYxekQZxahxWUdflx3oODft9AoCVH,The Berkley Las Vegas (MVM784) 006Ql00000f29sP,1101A@L,Evolve M2
10:2b:aa:50:36:73,2026-08-04 11:27:18,NxAdYxekQZxahxWUdflx3oODft9AoCVH,The Berkley Las Vegas (MVM784) 006Ql00000f29sP,912B@B,Evolve M2
10:2b:aa:50:90:a0,2026-08-04 11:27:17,NxAdYxekQZxahxWUdflx3oODft9AoCVH,The Berkley Las Vegas (MVM784) 006Ql00000f29sP,1702A@L,Evolve M2
10:2b:aa:50:04:b1,2026-08-04 11:27:17,NxAdYxekQZxahxWUdflx3oODft9AoCVH,The Berkley Las Vegas (MVM784) 006Ql00000f29sP,1110B@L,Evolve M2
10:2b:aa:50:2d:3a,2026-08-04 11:27:16,NxAdYxekQZxahxWUdflx3oODft9AoCVH,The Berkley Las Vegas (MVM784) 006Ql00000f29sP,1104A@B,Evolve M2
10:2b:aa:50:35:ce,2026-08-04 11:27:13,NxAdYxekQZxahxWUdflx3oODft9AoCVH,The Berkley Las Vegas (MVM784) 006Ql00000f29sP,709B@B,Evolve M2
10:2b:aa:50:92:80,2026-08-04 11:27:11,NxAdYxekQZxahxWUdflx3oODft9AoCVH,The Berkley Las Vegas (MVM784) 006Ql00000f29sP,1603B@B,Evolve M2
10:2b:aa:50:8f:29,2026-08-04 11:27:11,NxAdYxekQZxahxWUdflx3oODft9AoCVH,The Berkley Las Vegas (MVM784) 006Ql00000f29sP,901S@B,Evolve M2
10:2b:aa:50:30:d3,2026-08-04 11:27:10,NxAdYxekQZxahxWUdflx3oODft9AoCVH,The Berkley Las Vegas (MVM784) 006Ql00000f29sP,1403A@L,Evolve M2
10:2b:aa:50:33:fd,2026-08-04 11:27:09,NxAdYxekQZxahxWUdflx3oODft9AoCVH,The Berkley Las Vegas (MVM784) 006Ql00000f29sP,204B@B,Evolve M2
10:2b:aa:50:2d:dc,2026-08-04 11:27:07,NxAdYxekQZxahxWUdflx3oODft9AoCVH,The Berkley Las Vegas (MVM784) 006Ql00000f29sP,1206A@L,Evolve M2
10:2b:aa:50:32:41,2026-08-04 11:27:05,NxAdYxekQZxahxWUdflx3oODft9AoCVH,The Berkley Las Vegas (MVM784) 006Ql00000f29sP,1001S@L,Evolve M2
10:2b:aa:50:8c:e9,2026-08-04 11:27:04,NxAdYxekQZxahxWUdflx3oODft9AoCVH,The Berkley Las Vegas (MVM784) 006Ql00000f29sP,411B@B,Evolve M2
10:2b:aa:50:04:c6,2026-08-04 11:27:03,NxAdYxekQZxahxWUdflx3oODft9AoCVH,The Berkley Las Vegas (MVM784) 006Ql00000f29sP,806B@B,Evolve M2
10:2b:aa:50:37:72,2026-08-04 11:27:02,NxAdYxekQZxahxWUdflx3oODft9AoCVH,The Berkley Las Vegas (MVM784) 006Ql00000f29sP,808B@B,Evolve M2
10:2b:aa:50:8c:ec,2026-08-04 11:27:00,NxAdYxekQZxahxWUdflx3oODft9AoCVH,The Berkley Las Vegas (MVM784) 006Ql00000f29sP,412A@B,Evolve M2
10:2b:aa:50:33:b5,2026-08-04 11:26:58,NxAdYxekQZxahxWUdflx3oODft9AoCVH,The Berkley Las Vegas (MVM784) 006Ql00000f29sP,206B@L,Evolve M2
10:2b:aa:50:3a:f3,2026-08-04 11:26:56,NxAdYxekQZxahxWUdflx3oODft9AoCVH,The Berkley Las Vegas (MVM784) 006Ql00000f29sP,308B@L,Evolve M2
10:2b:aa:50:92:c8,2026-08-04 11:26:56,NxAdYxekQZxahxWUdflx3oODft9AoCVH,The Berkley Las Vegas (MVM784) 006Ql00000f29sP,1512A@L,Evolve M2
10:2b:aa:50:8d:f7,2026-08-04 11:26:54,NxAdYxekQZxahxWUdflx3oODft9AoCVH,The Berkley Las Vegas (MVM784) 006Ql00000f29sP,604B@B,Evolve M2
10:2b:aa:50:37:cf,2026-08-04 11:26:54,NxAdYxekQZxahxWUdflx3oODft9AoCVH,The Berkley Las Vegas (MVM784) 006Ql00000f29sP,807A@B,Evolve M2
10:2b:aa:50:31:18,2026-08-04 11:26:53,NxAdYxekQZxahxWUdflx3oODft9AoCVH,The Berkley Las Vegas (MVM784) 006Ql00000f29sP,1401B@L,Evolve M2
10:2b:aa:50:33:5e,2026-08-04 11:26:53,NxAdYxekQZxahxWUdflx3oODft9AoCVH,The Berkley Las Vegas (MVM784) 006Ql00000f29sP,1610A@B,Evolve M2
10:2b:aa:50:2c:4d,2026-08-04 11:26:53,NxAdYxekQZxahxWUdflx3oODft9AoCVH,The Berkley Las Vegas (MVM784) 006Ql00000f29sP,902A@B,Evolve M2
10:2b:aa:50:35:d7,2026-08-04 11:26:52,NxAdYxekQZxahxWUdflx3oODft9AoCVH,The Berkley Las Vegas (MVM784) 006Ql00000f29sP,510A@L,Evolve M2
10:2b:aa:50:3e:b9,2026-08-04 11:26:51,NxAdYxekQZxahxWUdflx3oODft9AoCVH,The Berkley Las Vegas (MVM784) 006Ql00000f29sP,308B@B,Evolve M2
10:2b:aa:50:3a:69,2026-08-04 11:26:51,NxAdYxekQZxahxWUdflx3oODft9AoCVH,The Berkley Las Vegas (MVM784) 006Ql00000f29sP,803B@B,Evolve M2
10:2b:aa:51:ea:5e,2026-08-04 11:26:51,NxAdYxekQZxahxWUdflx3oODft9AoCVH,The Berkley Las Vegas (MVM784) 006Ql00000f29sP,707A@B,Evolve M2
10:2b:aa:50:90:4f,2026-08-04 11:26:50,NxAdYxekQZxahxWUdflx3oODft9AoCVH,The Berkley Las Vegas (MVM784) 006Ql00000f29sP,502B@L,Evolve M2
10:2b:aa:50:8f:dd,2026-08-04 11:26:48,NxAdYxekQZxahxWUdflx3oODft9AoCVH,The Berkley Las Vegas (MVM784) 006Ql00000f29sP,504A@B,Evolve M2
10:2b:aa:50:91:cc,2026-08-04 11:26:47,NxAdYxekQZxahxWUdflx3oODft9AoCVH,The Berkley Las Vegas (MVM784) 006Ql00000f29sP,GYM@2,Evolve M2
10:2b:aa:50:3b:3b,2026-08-04 11:26:47,NxAdYxekQZxahxWUdflx3oODft9AoCVH,The Berkley Las Vegas (MVM784) 006Ql00000f29sP,403B@L,Evolve M2
10:2b:aa:50:3d:d5,2026-08-04 11:26:44,NxAdYxekQZxahxWUdflx3oODft9AoCVH,The Berkley Las Vegas (MVM784) 006Ql00000f29sP,1201B@B,Evolve M2
10:2b:aa:50:04:ba,2026-08-04 11:26:43,NxAdYxekQZxahxWUdflx3oODft9AoCVH,The Berkley Las Vegas (MVM784) 006Ql00000f29sP,410B@B,Evolve M2
10:2b:aa:50:31:b1,2026-08-04 11:26:42,NxAdYxekQZxahxWUdflx3oODft9AoCVH,The Berkley Las Vegas (MVM784) 006Ql00000f29sP,1511A@L,Evolve M2
10:2b:aa:50:8e:d5,2026-08-04 11:26:40,NxAdYxekQZxahxWUdflx3oODft9AoCVH,The Berkley Las Vegas (MVM784) 006Ql00000f29sP,205A@L,Evolve M2
10:2b:aa:50:2c:cb,2026-08-04 11:26:40,NxAdYxekQZxahxWUdflx3oODft9AoCVH,The Berkley Las Vegas (MVM784) 006Ql00000f29sP,1103A@L,Evolve M2
10:2b:aa:50:8f:71,2026-08-04 11:26:39,NxAdYxekQZxahxWUdflx3oODft9AoCVH,The Berkley Las Vegas (MVM784) 006Ql00000f29sP,1402B@B,Evolve M2
10:2b:aa:50:8f:44,2026-08-04 11:26:38,NxAdYxekQZxahxWUdflx3oODft9AoCVH,The Berkley Las Vegas (MVM784) 006Ql00000f29sP,803B@L,Evolve M2
10:2b:aa:50:36:97,2026-08-04 11:26:38,NxAdYxekQZxahxWUdflx3oODft9AoCVH,The Berkley Las Vegas (MVM784) 006Ql00000f29sP,1210A@L,Evolve M2
10:2b:aa:50:37:e7,2026-08-04 11:26:38,NxAdYxekQZxahxWUdflx3oODft9AoCVH,The Berkley Las Vegas (MVM784) 006Ql00000f29sP,602B@L,Evolve M2
10:2b:aa:50:2f:a7,2026-08-04 11:26:37,NxAdYxekQZxahxWUdflx3oODft9AoCVH,The Berkley Las Vegas (MVM784) 006Ql00000f29sP,601B@B,Evolve M2
10:2b:aa:50:33:8e,2026-08-04 11:26:36,NxAdYxekQZxahxWUdflx3oODft9AoCVH,The Berkley Las Vegas (MVM784) 006Ql00000f29sP,1602B@B,Evolve M2
10:2b:aa:50:8e:bd,2026-08-04 11:26:36,NxAdYxekQZxahxWUdflx3oODft9AoCVH,The Berkley Las Vegas (MVM784) 006Ql00000f29sP,212B@L,Evolve M2
10:2b:aa:50:30:bb,2026-08-04 11:26:34,NxAdYxekQZxahxWUdflx3oODft9AoCVH,The Berkley Las Vegas (MVM784) 006Ql00000f29sP,1005A@B,Evolve M2
10:2b:aa:50:04:d8,2026-08-04 11:26:33,NxAdYxekQZxahxWUdflx3oODft9AoCVH,The Berkley Las Vegas (MVM784) 006Ql00000f29sP,703B@B,Evolve M2
10:2b:aa:50:91:e7,2026-08-04 11:26:33,NxAdYxekQZxahxWUdflx3oODft9AoCVH,The Berkley Las Vegas (MVM784) 006Ql00000f29sP,1708A@B,Evolve M2
10:2b:aa:50:30:31,2026-08-04 11:26:32,NxAdYxekQZxahxWUdflx3oODft9AoCVH,The Berkley Las Vegas (MVM784) 006Ql00000f29sP,1510A@B,Evolve M2
10:2b:aa:50:92:0e,2026-08-04 11:26:27,NxAdYxekQZxahxWUdflx3oODft9AoCVH,The Berkley Las Vegas (MVM784) 006Ql00000f29sP,1005B@B,Evolve M2
10:2b:aa:50:2e:5d,2026-08-04 11:26:24,NxAdYxekQZxahxWUdflx3oODft9AoCVH,The Berkley Las Vegas (MVM784) 006Ql00000f29sP,1206B@L,Evolve M2
10:2b:aa:50:36:13,2026-08-04 11:26:23,NxAdYxekQZxahxWUdflx3oODft9AoCVH,The Berkley Las Vegas (MVM784) 006Ql00000f29sP,712B@B,Evolve M2
10:2b:aa:50:04:78,2026-08-04 11:26:23,NxAdYxekQZxahxWUdflx3oODft9AoCVH,The Berkley Las Vegas (MVM784) 006Ql00000f29sP,1507B@L,Evolve M2
10:2b:aa:50:92:65,2026-08-04 11:26:23,NxAdYxekQZxahxWUdflx3oODft9AoCVH,The Berkley Las Vegas (MVM784) 006Ql00000f29sP,802A@L,Evolve M2
10:2b:aa:50:3a:78,2026-08-04 11:26:22,NxAdYxekQZxahxWUdflx3oODft9AoCVH,The Berkley Las Vegas (MVM784) 006Ql00000f29sP,1007B@L,Evolve M2
10:2b:aa:50:34:72,2026-08-04 11:26:21,NxAdYxekQZxahxWUdflx3oODft9AoCVH,The Berkley Las Vegas (MVM784) 006Ql00000f29sP,303B@L,Evolve M2
10:2b:aa:50:8f:41,2026-08-04 11:26:19,NxAdYxekQZxahxWUdflx3oODft9AoCVH,The Berkley Las Vegas (MVM784) 006Ql00000f29sP,1608B@L,Evolve M2
10:2b:aa:50:8e:ae,2026-08-04 11:26:16,NxAdYxekQZxahxWUdflx3oODft9AoCVH,The Berkley Las Vegas (MVM784) 006Ql00000f29sP,908A@B,Evolve M2
10:2b:aa:50:8c:b3,2026-08-04 11:26:16,NxAdYxekQZxahxWUdflx3oODft9AoCVH,The Berkley Las Vegas (MVM784) 006Ql00000f29sP,404A@L,Evolve M2
10:2b:aa:50:3f:c7,2026-08-04 11:26:15,NxAdYxekQZxahxWUdflx3oODft9AoCVH,The Berkley Las Vegas (MVM784) 006Ql00000f29sP,308A@L,Evolve M2
10:2b:aa:50:31:99,2026-08-04 11:26:13,NxAdYxekQZxahxWUdflx3oODft9AoCVH,The Berkley Las Vegas (MVM784) 006Ql00000f29sP,1210B@L,Evolve M2
10:2b:aa:50:3c:07,2026-08-04 11:26:11,NxAdYxekQZxahxWUdflx3oODft9AoCVH,The Berkley Las Vegas (MVM784) 006Ql00000f29sP,609B@L,Evolve M2
10:2b:aa:50:91:a5,2026-08-04 11:26:09,NxAdYxekQZxahxWUdflx3oODft9AoCVH,The Berkley Las Vegas (MVM784) 006Ql00000f29sP,1403B@L,Evolve M2
10:2b:aa:50:3a:39,2026-08-04 11:26:08,NxAdYxekQZxahxWUdflx3oODft9AoCVH,The Berkley Las Vegas (MVM784) 006Ql00000f29sP,612A@L,Evolve M2
10:2b:aa:50:35:8c,2026-08-04 11:26:07,NxAdYxekQZxahxWUdflx3oODft9AoCVH,The Berkley Las Vegas (MVM784) 006Ql00000f29sP,1507B@B,Evolve M2
10:2b:aa:50:37:fc,2026-08-04 11:26:06,NxAdYxekQZxahxWUdflx3oODft9AoCVH,The Berkley Las Vegas (MVM784) 006Ql00000f29sP,1107A@B,Evolve M2
10:2b:aa:50:92:2c,2026-08-04 11:26:06,NxAdYxekQZxahxWUdflx3oODft9AoCVH,The Berkley Las Vegas (MVM784) 006Ql00000f29sP,1609A@B,Evolve M2
10:2b:aa:50:30:dc,2026-08-04 11:26:05,NxAdYxekQZxahxWUdflx3oODft9AoCVH,The Berkley Las Vegas (MVM784) 006Ql00000f29sP,808A@L,Evolve M2
10:2b:aa:50:04:0c,2026-08-04 11:26:04,NxAdYxekQZxahxWUdflx3oODft9AoCVH,The Berkley Las Vegas (MVM784) 006Ql00000f29sP,1108A@L,Evolve M2
10:2b:aa:50:2f:29,2026-08-04 11:26:02,NxAdYxekQZxahxWUdflx3oODft9AoCVH,The Berkley Las Vegas (MVM784) 006Ql00000f29sP,711B@L,Evolve M2
10:2b:aa:50:2c:83,2026-08-04 11:26:01,NxAdYxekQZxahxWUdflx3oODft9AoCVH,The Berkley Las Vegas (MVM784) 006Ql00000f29sP,1103B@B,Evolve M2
10:2b:aa:50:90:97,2026-08-04 11:26:01,NxAdYxekQZxahxWUdflx3oODft9AoCVH,The Berkley Las Vegas (MVM784) 006Ql00000f29sP,1708A@L,Evolve M2
10:2b:aa:50:36:76,2026-08-04 11:25:59,NxAdYxekQZxahxWUdflx3oODft9AoCVH,The Berkley Las Vegas (MVM784) 006Ql00000f29sP,1501B@B,Evolve M2
10:2b:aa:50:3f:73,2026-08-04 11:25:59,NxAdYxekQZxahxWUdflx3oODft9AoCVH,The Berkley Las Vegas (MVM784) 006Ql00000f29sP,204A@L,Evolve M2
10:2b:aa:50:2e:bd,2026-08-04 11:25:58,NxAdYxekQZxahxWUdflx3oODft9AoCVH,The Berkley Las Vegas (MVM784) 006Ql00000f29sP,1112A@L,Evolve M2
10:2b:aa:50:8e:5a,2026-08-04 11:25:58,NxAdYxekQZxahxWUdflx3oODft9AoCVH,The Berkley Las Vegas (MVM784) 006Ql00000f29sP,801B@L,Evolve M2
10:2b:aa:50:30:3a,2026-08-04 11:25:57,NxAdYxekQZxahxWUdflx3oODft9AoCVH,The Berkley Las Vegas (MVM784) 006Ql00000f29sP,709A@L,Evolve M2
10:2b:aa:50:39:e2,2026-08-04 11:25:56,NxAdYxekQZxahxWUdflx3oODft9AoCVH,The Berkley Las Vegas (MVM784) 006Ql00000f29sP,706B@L,Evolve M2
10:2b:aa:51:e8:ed,2026-08-04 11:25:53,NxAdYxekQZxahxWUdflx3oODft9AoCVH,The Berkley Las Vegas (MVM784) 006Ql00000f29sP,1410A@B,Evolve M2
10:2b:aa:50:2c:89,2026-08-04 11:25:53,NxAdYxekQZxahxWUdflx3oODft9AoCVH,The Berkley Las Vegas (MVM784) 006Ql00000f29sP,610A@L,Evolve M2
10:2b:aa:50:32:da,2026-08-04 11:25:51,NxAdYxekQZxahxWUdflx3oODft9AoCVH,The Berkley Las Vegas (MVM784) 006Ql00000f29sP,607A@B,Evolve M2
10:2b:aa:50:32:89,2026-08-04 11:25:50,NxAdYxekQZxahxWUdflx3oODft9AoCVH,The Berkley Las Vegas (MVM784) 006Ql00000f29sP,412B@L,Evolve M2
10:2b:aa:50:33:82,2026-08-04 11:25:50,NxAdYxekQZxahxWUdflx3oODft9AoCVH,The Berkley Las Vegas (MVM784) 006Ql00000f29sP,1602A@B,Evolve M2
10:2b:aa:51:e8:66,2026-08-04 11:25:49,NxAdYxekQZxahxWUdflx3oODft9AoCVH,The Berkley Las Vegas (MVM784) 006Ql00000f29sP,503A@L,Evolve M2
10:2b:aa:50:39:df,2026-08-04 11:25:49,NxAdYxekQZxahxWUdflx3oODft9AoCVH,The Berkley Las Vegas (MVM784) 006Ql00000f29sP,105B@L,Evolve M2
10:2b:aa:50:2e:a5,2026-08-04 11:25:49,NxAdYxekQZxahxWUdflx3oODft9AoCVH,The Berkley Las Vegas (MVM784) 006Ql00000f29sP,1404A@B,Evolve M2
10:2b:aa:50:3d:18,2026-08-04 11:25:47,NxAdYxekQZxahxWUdflx3oODft9AoCVH,The Berkley Las Vegas (MVM784) 006Ql00000f29sP,1205A@B,Evolve M2
10:2b:aa:50:3e:65,2026-08-04 11:25:46,NxAdYxekQZxahxWUdflx3oODft9AoCVH,The Berkley Las Vegas (MVM784) 006Ql00000f29sP,1712A@B,Evolve M2
10:2b:aa:50:37:36,2026-08-04 11:25:45,NxAdYxekQZxahxWUdflx3oODft9AoCVH,The Berkley Las Vegas (MVM784) 006Ql00000f29sP,701B@L,Evolve M2
10:2b:aa:50:92:74,2026-08-04 11:25:45,NxAdYxekQZxahxWUdflx3oODft9AoCVH,The Berkley Las Vegas (MVM784) 006Ql00000f29sP,804A@L,Evolve M2
10:2b:aa:50:2e:1e,2026-08-04 11:25:43,NxAdYxekQZxahxWUdflx3oODft9AoCVH,The Berkley Las Vegas (MVM784) 006Ql00000f29sP,1609B@B,Evolve M2
10:2b:aa:50:91:84,2026-08-04 11:25:43,NxAdYxekQZxahxWUdflx3oODft9AoCVH,The Berkley Las Vegas (MVM784) 006Ql00000f29sP,906A@L,Evolve M2
10:2b:aa:50:04:4e,2026-08-04 11:25:40,NxAdYxekQZxahxWUdflx3oODft9AoCVH,The Berkley Las Vegas (MVM784) 006Ql00000f29sP,1209A@L,Evolve M2
10:2b:aa:50:30:22,2026-08-04 11:25:40,NxAdYxekQZxahxWUdflx3oODft9AoCVH,The Berkley Las Vegas (MVM784) 006Ql00000f29sP,1406B@B,Evolve M2
10:2b:aa:50:90:34,2026-08-04 11:25:39,NxAdYxekQZxahxWUdflx3oODft9AoCVH,The Berkley Las Vegas (MVM784) 006Ql00000f29sP,504B@B,Evolve M2
10:2b:aa:50:38:80,2026-08-04 11:25:39,NxAdYxekQZxahxWUdflx3oODft9AoCVH,The Berkley Las Vegas (MVM784) 006Ql00000f29sP,404B@L,Evolve M2
10:2b:aa:50:3f:d3,2026-08-04 11:25:38,NxAdYxekQZxahxWUdflx3oODft9AoCVH,The Berkley Las Vegas (MVM784) 006Ql00000f29sP,302B@B,Evolve M2
10:2b:aa:50:3a:f9,2026-08-04 11:25:37,NxAdYxekQZxahxWUdflx3oODft9AoCVH,The Berkley Las Vegas (MVM784) 006Ql00000f29sP,306A@L,Evolve M2
10:2b:aa:50:91:f6,2026-08-04 11:25:37,NxAdYxekQZxahxWUdflx3oODft9AoCVH,The Berkley Las Vegas (MVM784) 006Ql00000f29sP,GYM@1,Evolve M2
10:2b:aa:50:33:31,2026-08-04 11:25:36,NxAdYxekQZxahxWUdflx3oODft9AoCVH,The Berkley Las Vegas (MVM784) 006Ql00000f29sP,605B@L,Evolve M2
10:2b:aa:50:8f:fe,2026-08-04 11:25:34,NxAdYxekQZxahxWUdflx3oODft9AoCVH,The Berkley Las Vegas (MVM784) 006Ql00000f29sP,506A@L,Evolve M2
10:2b:aa:50:30:4f,2026-08-04 11:25:33,NxAdYxekQZxahxWUdflx3oODft9AoCVH,The Berkley Las Vegas (MVM784) 006Ql00000f29sP,1106B@B,Evolve M2
10:2b:aa:50:8e:81,2026-08-04 11:25:32,NxAdYxekQZxahxWUdflx3oODft9AoCVH,The Berkley Las Vegas (MVM784) 006Ql00000f29sP,1411B@B,Evolve M2
10:2b:aa:50:32:a1,2026-08-04 11:25:31,NxAdYxekQZxahxWUdflx3oODft9AoCVH,The Berkley Las Vegas (MVM784) 006Ql00000f29sP,1704A@L,Evolve M2
10:2b:aa:50:92:35,2026-08-04 11:25:28,NxAdYxekQZxahxWUdflx3oODft9AoCVH,The Berkley Las Vegas (MVM784) 006Ql00000f29sP,704B@B,Evolve M2
10:2b:aa:50:3b:f5,2026-08-04 11:25:27,NxAdYxekQZxahxWUdflx3oODft9AoCVH,The Berkley Las Vegas (MVM784) 006Ql00000f29sP,907A@B,Evolve M2
10:2b:aa:50:2e:54,2026-08-04 11:25:26,NxAdYxekQZxahxWUdflx3oODft9AoCVH,The Berkley Las Vegas (MVM784) 006Ql00000f29sP,1112A@B,Evolve M2
10:2b:aa:50:33:f4,2026-08-04 11:25:26,NxAdYxekQZxahxWUdflx3oODft9AoCVH,The Berkley Las Vegas (MVM784) 006Ql00000f29sP,210B@L,Evolve M2
10:2b:aa:50:3d:03,2026-08-04 11:25:24,NxAdYxekQZxahxWUdflx3oODft9AoCVH,The Berkley Las Vegas (MVM784) 006Ql00000f29sP,209A@L,Evolve M2
10:2b:aa:50:3f:22,2026-08-04 11:25:24,NxAdYxekQZxahxWUdflx3oODft9AoCVH,The Berkley Las Vegas (MVM784) 006Ql00000f29sP,1103B@L,Evolve M2
10:2b:aa:50:3d:c3,2026-08-04 11:25:22,NxAdYxekQZxahxWUdflx3oODft9AoCVH,The Berkley Las Vegas (MVM784) 006Ql00000f29sP,209B@L,Evolve M2
10:2b:aa:50:35:62,2026-08-04 11:25:22,NxAdYxekQZxahxWUdflx3oODft9AoCVH,The Berkley Las Vegas (MVM784) 006Ql00000f29sP,1604B@B,Evolve M2
10:2b:aa:50:3c:10,2026-08-04 11:25:21,NxAdYxekQZxahxWUdflx3oODft9AoCVH,The Berkley Las Vegas (MVM784) 006Ql00000f29sP,208A@B,Evolve M2
10:2b:aa:50:37:5a,2026-08-04 11:25:20,NxAdYxekQZxahxWUdflx3oODft9AoCVH,The Berkley Las Vegas (MVM784) 006Ql00000f29sP,810A@B,Evolve M2
10:2b:aa:50:38:41,2026-08-04 11:25:20,NxAdYxekQZxahxWUdflx3oODft9AoCVH,The Berkley Las Vegas (MVM784) 006Ql00000f29sP,811B,Evolve M2
10:2b:aa:50:31:93,2026-08-04 11:25:18,NxAdYxekQZxahxWUdflx3oODft9AoCVH,The Berkley Las Vegas (MVM784) 006Ql00000f29sP,212A@L,Evolve M2
10:2b:aa:50:33:9a,2026-08-04 11:25:16,NxAdYxekQZxahxWUdflx3oODft9AoCVH,The Berkley Las Vegas (MVM784) 006Ql00000f29sP,211B@B,Evolve M2
10:2b:aa:50:32:bc,2026-08-04 11:25:14,NxAdYxekQZxahxWUdflx3oODft9AoCVH,The Berkley Las Vegas (MVM784) 006Ql00000f29sP,1807A@B,Evolve M2
10:2b:aa:50:34:ed,2026-08-04 11:25:12,NxAdYxekQZxahxWUdflx3oODft9AoCVH,The Berkley Las Vegas (MVM784) 006Ql00000f29sP,410B@L,Evolve M2
10:2b:aa:50:3f:b8,2026-08-04 11:25:12,NxAdYxekQZxahxWUdflx3oODft9AoCVH,The Berkley Las Vegas (MVM784) 006Ql00000f29sP,411B@L,Evolve M2
10:2b:aa:50:39:25,2026-08-04 11:25:11,NxAdYxekQZxahxWUdflx3oODft9AoCVH,The Berkley Las Vegas (MVM784) 006Ql00000f29sP,407B@L,Evolve M2
10:2b:aa:50:32:59,2026-08-04 11:25:09,NxAdYxekQZxahxWUdflx3oODft9AoCVH,The Berkley Las Vegas (MVM784) 006Ql00000f29sP,606A@L,Evolve M2
10:2b:aa:50:3e:80,2026-08-04 11:25:09,NxAdYxekQZxahxWUdflx3oODft9AoCVH,The Berkley Las Vegas (MVM784) 006Ql00000f29sP,1708B@L,Evolve M2
10:2b:aa:50:30:19,2026-08-04 11:25:08,NxAdYxekQZxahxWUdflx3oODft9AoCVH,The Berkley Las Vegas (MVM784) 006Ql00000f29sP,603A@L,Evolve M2
10:2b:aa:51:ea:c4,2026-08-04 11:25:07,NxAdYxekQZxahxWUdflx3oODft9AoCVH,The Berkley Las Vegas (MVM784) 006Ql00000f29sP,710B@L,Evolve M2
10:2b:aa:51:ea:f4,2026-08-04 11:25:06,NxAdYxekQZxahxWUdflx3oODft9AoCVH,The Berkley Las Vegas (MVM784) 006Ql00000f29sP,705B,Evolve M2
10:2b:aa:50:34:63,2026-08-04 11:25:05,NxAdYxekQZxahxWUdflx3oODft9AoCVH,The Berkley Las Vegas (MVM784) 006Ql00000f29sP,210A@L,Evolve M2
10:2b:aa:50:3b:14,2026-08-04 11:25:04,NxAdYxekQZxahxWUdflx3oODft9AoCVH,The Berkley Las Vegas (MVM784) 006Ql00000f29sP,1710A@B,Evolve M2
10:2b:aa:50:32:aa,2026-08-04 11:25:04,NxAdYxekQZxahxWUdflx3oODft9AoCVH,The Berkley Las Vegas (MVM784) 006Ql00000f29sP,1012B@B,Evolve M2
10:2b:aa:50:90:d6,2026-08-04 11:25:03,NxAdYxekQZxahxWUdflx3oODft9AoCVH,The Berkley Las Vegas (MVM784) 006Ql00000f29sP,1202A@B,Evolve M2
10:2b:aa:50:3f:43,2026-08-04 11:25:01,NxAdYxekQZxahxWUdflx3oODft9AoCVH,The Berkley Las Vegas (MVM784) 006Ql00000f29sP,312B@L,Evolve M2
10:2b:aa:50:8f:f2,2026-08-04 11:25:01,NxAdYxekQZxahxWUdflx3oODft9AoCVH,The Berkley Las Vegas (MVM784) 006Ql00000f29sP,1407B@L,Evolve M2
10:2b:aa:50:04:99,2026-08-04 11:25:00,NxAdYxekQZxahxWUdflx3oODft9AoCVH,The Berkley Las Vegas (MVM784) 006Ql00000f29sP,1111A@L,Evolve M2
10:2b:aa:50:33:4c,2026-08-04 11:25:00,NxAdYxekQZxahxWUdflx3oODft9AoCVH,The Berkley Las Vegas (MVM784) 006Ql00000f29sP,1412B@L,Evolve M2
10:2b:aa:50:92:98,2026-08-04 11:24:59,NxAdYxekQZxahxWUdflx3oODft9AoCVH,The Berkley Las Vegas (MVM784) 006Ql00000f29sP,906A@B,Evolve M2
10:2b:aa:50:31:5d,2026-08-04 11:24:59,NxAdYxekQZxahxWUdflx3oODft9AoCVH,The Berkley Las Vegas (MVM784) 006Ql00000f29sP,1207A@B,Evolve M2
10:2b:aa:50:37:ed,2026-08-04 11:24:56,NxAdYxekQZxahxWUdflx3oODft9AoCVH,The Berkley Las Vegas (MVM784) 006Ql00000f29sP,307B@L,Evolve M2
10:2b:aa:50:30:a3,2026-08-04 11:24:53,NxAdYxekQZxahxWUdflx3oODft9AoCVH,The Berkley Las Vegas (MVM784) 006Ql00000f29sP,701S@B,Evolve M2
10:2b:aa:50:32:fb,2026-08-04 11:24:52,NxAdYxekQZxahxWUdflx3oODft9AoCVH,The Berkley Las Vegas (MVM784) 006Ql00000f29sP,1402A@L,Evolve M2
10:2b:aa:50:3f:a9,2026-08-04 11:24:51,NxAdYxekQZxahxWUdflx3oODft9AoCVH,The Berkley Las Vegas (MVM784) 006Ql00000f29sP,310B@B,Evolve M2
10:2b:aa:50:3d:4e,2026-08-04 11:24:49,NxAdYxekQZxahxWUdflx3oODft9AoCVH,The Berkley Las Vegas (MVM784) 006Ql00000f29sP,606B@B,Evolve M2
10:2b:aa:50:04:a8,2026-08-04 11:24:48,NxAdYxekQZxahxWUdflx3oODft9AoCVH,The Berkley Las Vegas (MVM784) 006Ql00000f29sP,1208A@B,Evolve M2
10:2b:aa:50:8f:b0,2026-08-04 11:24:46,NxAdYxekQZxahxWUdflx3oODft9AoCVH,The Berkley Las Vegas (MVM784) 006Ql00000f29sP,1407B@B,Evolve M2
10:2b:aa:50:2f:3e,2026-08-04 11:24:46,NxAdYxekQZxahxWUdflx3oODft9AoCVH,The Berkley Las Vegas (MVM784) 006Ql00000f29sP,1406B@L,Evolve M2
10:2b:aa:50:90:22,2026-08-04 11:24:45,NxAdYxekQZxahxWUdflx3oODft9AoCVH,The Berkley Las Vegas (MVM784) 006Ql00000f29sP,503B@B,Evolve M2
10:2b:aa:50:3c:2b,2026-08-04 11:24:44,NxAdYxekQZxahxWUdflx3oODft9AoCVH,The Berkley Las Vegas (MVM784) 006Ql00000f29sP,402B@L,Evolve M2
10:2b:aa:50:38:5c,2026-08-04 11:24:44,NxAdYxekQZxahxWUdflx3oODft9AoCVH,The Berkley Las Vegas (MVM784) 006Ql00000f29sP,306B@L,Evolve M2
10:2b:aa:50:34:0f,2026-08-04 11:24:44,NxAdYxekQZxahxWUdflx3oODft9AoCVH,The Berkley Las Vegas (MVM784) 006Ql00000f29sP,204A@B,Evolve M2
10:2b:aa:50:33:52,2026-08-04 11:24:42,NxAdYxekQZxahxWUdflx3oODft9AoCVH,The Berkley Las Vegas (MVM784) 006Ql00000f29sP,912A@B,Evolve M2
10:2b:aa:50:37:3f,2026-08-04 11:24:41,NxAdYxekQZxahxWUdflx3oODft9AoCVH,The Berkley Las Vegas (MVM784) 006Ql00000f29sP,1701A@L,Evolve M2
10:2b:aa:50:39:7c,2026-08-04 11:24:39,NxAdYxekQZxahxWUdflx3oODft9AoCVH,The Berkley Las Vegas (MVM784) 006Ql00000f29sP,1204A@B,Evolve M2
10:2b:aa:50:36:d0,2026-08-04 11:24:38,NxAdYxekQZxahxWUdflx3oODft9AoCVH,The Berkley Las Vegas (MVM784) 006Ql00000f29sP,1203B@B,Evolve M2
10:2b:aa:50:33:ee,2026-08-04 11:24:37,NxAdYxekQZxahxWUdflx3oODft9AoCVH,The Berkley Las Vegas (MVM784) 006Ql00000f29sP,1103A@B,Evolve M2
10:2b:aa:50:35:32,2026-08-04 11:24:37,NxAdYxekQZxahxWUdflx3oODft9AoCVH,The Berkley Las Vegas (MVM784) 006Ql00000f29sP,901B@B,Evolve M2
10:2b:aa:50:2c:59,2026-08-04 11:24:36,NxAdYxekQZxahxWUdflx3oODft9AoCVH,The Berkley Las Vegas (MVM784) 006Ql00000f29sP,1710B@B,Evolve M2
10:2b:aa:50:37:ff,2026-08-04 11:24:34,NxAdYxekQZxahxWUdflx3oODft9AoCVH,The Berkley Las Vegas (MVM784) 006Ql00000f29sP,308A@B,Evolve M2
10:2b:aa:50:39:af,2026-08-04 11:24:33,NxAdYxekQZxahxWUdflx3oODft9AoCVH,The Berkley Las Vegas (MVM784) 006Ql00000f29sP,601B@L,Evolve M2
10:2b:aa:50:3f:94,2026-08-04 11:24:31,NxAdYxekQZxahxWUdflx3oODft9AoCVH,The Berkley Las Vegas (MVM784) 006Ql00000f29sP,311B@B,Evolve M2
10:2b:aa:50:2f:d4,2026-08-04 11:24:30,NxAdYxekQZxahxWUdflx3oODft9AoCVH,The Berkley Las Vegas (MVM784) 006Ql00000f29sP,903A@B,Evolve M2
10:2b:aa:50:36:f7,2026-08-04 11:24:29,NxAdYxekQZxahxWUdflx3oODft9AoCVH,The Berkley Las Vegas (MVM784) 006Ql00000f29sP,1701A@B,Evolve M2
10:2b:aa:50:8d:8e,2026-08-04 11:24:29,NxAdYxekQZxahxWUdflx3oODft9AoCVH,The Berkley Las Vegas (MVM784) 006Ql00000f29sP,1410B@L,Evolve M2
10:2b:aa:50:30:2e,2026-08-04 11:24:28,NxAdYxekQZxahxWUdflx3oODft9AoCVH,The Berkley Las Vegas (MVM784) 006Ql00000f29sP,712B@L,Evolve M2
10:2b:aa:50:03:dc,2026-08-04 11:24:26,NxAdYxekQZxahxWUdflx3oODft9AoCVH,The Berkley Las Vegas (MVM784) 006Ql00000f29sP,1110A@L,Evolve M2
68:ab:a9:fc:c4:3f,2026-08-04 11:24:25,NxAdYxekQZxahxWUdflx3oODft9AoCVH,The Berkley Las Vegas (MVM784) 006Ql00000f29sP,1709A,Evolve M2
10:2b:aa:50:34:33,2026-08-04 11:24:25,NxAdYxekQZxahxWUdflx3oODft9AoCVH,The Berkley Las Vegas (MVM784) 006Ql00000f29sP,210A@B,Evolve M2
10:2b:aa:50:37:c3,2026-08-04 11:24:22,NxAdYxekQZxahxWUdflx3oODft9AoCVH,The Berkley Las Vegas (MVM784) 006Ql00000f29sP,812A@B,Evolve M2
10:2b:aa:50:8f:5f,2026-08-04 11:24:22,NxAdYxekQZxahxWUdflx3oODft9AoCVH,The Berkley Las Vegas (MVM784) 006Ql00000f29sP,1601B@B,Evolve M2
10:2b:aa:50:3a:12,2026-08-04 11:24:22,NxAdYxekQZxahxWUdflx3oODft9AoCVH,The Berkley Las Vegas (MVM784) 006Ql00000f29sP,105B@B,Evolve M2
10:2b:aa:50:35:89,2026-08-04 11:24:21,NxAdYxekQZxahxWUdflx3oODft9AoCVH,The Berkley Las Vegas (MVM784) 006Ql00000f29sP,1209B@L,Evolve M2
10:2b:aa:50:8e:c9,2026-08-04 11:24:20,NxAdYxekQZxahxWUdflx3oODft9AoCVH,The Berkley Las Vegas (MVM784) 006Ql00000f29sP,905A@B,Evolve M2
10:2b:aa:50:8d:a6,2026-08-04 11:24:19,NxAdYxekQZxahxWUdflx3oODft9AoCVH,The Berkley Las Vegas (MVM784) 006Ql00000f29sP,801B@B,Evolve M2
10:2b:aa:50:35:92,2026-08-04 11:24:19,NxAdYxekQZxahxWUdflx3oODft9AoCVH,The Berkley Las Vegas (MVM784) 006Ql00000f29sP,1401S@L,Evolve M2
10:2b:aa:50:92:71,2026-08-04 11:24:18,NxAdYxekQZxahxWUdflx3oODft9AoCVH,The Berkley Las Vegas (MVM784) 006Ql00000f29sP,903B@L,Evolve M2
10:2b:aa:50:32:e9,2026-08-04 11:24:18,NxAdYxekQZxahxWUdflx3oODft9AoCVH,The Berkley Las Vegas (MVM784) 006Ql00000f29sP,1107A@L,Evolve M2
10:2b:aa:50:8f:2f,2026-08-04 11:24:16,NxAdYxekQZxahxWUdflx3oODft9AoCVH,The Berkley Las Vegas (MVM784) 006Ql00000f29sP,909B@B,Evolve M2
10:2b:aa:50:2e:27,2026-08-04 11:24:15,NxAdYxekQZxahxWUdflx3oODft9AoCVH,The Berkley Las Vegas (MVM784) 006Ql00000f29sP,1205B@B,Evolve M2
10:2b:aa:50:8e:12,2026-08-04 11:24:14,NxAdYxekQZxahxWUdflx3oODft9AoCVH,The Berkley Las Vegas (MVM784) 006Ql00000f29sP,803A@L,Evolve M2
10:2b:aa:50:2e:48,2026-08-04 11:24:13,NxAdYxekQZxahxWUdflx3oODft9AoCVH,The Berkley Las Vegas (MVM784) 006Ql00000f29sP,1011A@B,Evolve M2
10:2b:aa:50:3e:e0,2026-08-04 11:24:12,NxAdYxekQZxahxWUdflx3oODft9AoCVH,The Berkley Las Vegas (MVM784) 006Ql00000f29sP,1711B,Evolve M2
10:2b:aa:50:2f:da,2026-08-04 11:24:11,NxAdYxekQZxahxWUdflx3oODft9AoCVH,The Berkley Las Vegas (MVM784) 006Ql00000f29sP,1201S@B,Evolve M2
10:2b:aa:50:3c:5b,2026-08-04 11:24:10,NxAdYxekQZxahxWUdflx3oODft9AoCVH,The Berkley Las Vegas (MVM784) 006Ql00000f29sP,409A@B,Evolve M2
10:2b:aa:50:30:82,2026-08-04 11:24:09,NxAdYxekQZxahxWUdflx3oODft9AoCVH,The Berkley Las Vegas (MVM784) 006Ql00000f29sP,603A@B,Evolve M2
10:2b:aa:51:ea:31,2026-08-04 11:24:09,NxAdYxekQZxahxWUdflx3oODft9AoCVH,The Berkley Las Vegas (MVM784) 006Ql00000f29sP,1705B@B,Evolve M2
10:2b:aa:50:30:55,2026-08-04 11:24:09,NxAdYxekQZxahxWUdflx3oODft9AoCVH,The Berkley Las Vegas (MVM784) 006Ql00000f29sP,703A@L,Evolve M2
10:2b:aa:50:2b:b7,2026-08-04 11:24:08,NxAdYxekQZxahxWUdflx3oODft9AoCVH,The Berkley Las Vegas (MVM784) 006Ql00000f29sP,1405@B,Evolve M2
10:2b:aa:50:33:58,2026-08-04 11:24:08,NxAdYxekQZxahxWUdflx3oODft9AoCVH,The Berkley Las Vegas (MVM784) 006Ql00000f29sP,705A@B,Evolve M2
10:2b:aa:50:3f:01,2026-08-04 11:24:07,NxAdYxekQZxahxWUdflx3oODft9AoCVH,The Berkley Las Vegas (MVM784) 006Ql00000f29sP,301S@L,Evolve M2
10:2b:aa:50:3e:32,2026-08-04 11:24:06,NxAdYxekQZxahxWUdflx3oODft9AoCVH,The Berkley Las Vegas (MVM784) 006Ql00000f29sP,1712B@B,Evolve M2
10:2b:aa:50:04:27,2026-08-04 11:24:05,NxAdYxekQZxahxWUdflx3oODft9AoCVH,The Berkley Las Vegas (MVM784) 006Ql00000f29sP,708A@L,Evolve M2
10:2b:aa:50:8d:6a,2026-08-04 11:24:05,NxAdYxekQZxahxWUdflx3oODft9AoCVH,The Berkley Las Vegas (MVM784) 006Ql00000f29sP,1409B@B,Evolve M2
10:2b:aa:50:3a:d8,2026-08-04 11:24:05,NxAdYxekQZxahxWUdflx3oODft9AoCVH,The Berkley Las Vegas (MVM784) 006Ql00000f29sP,305A@B,Evolve M2
10:2b:aa:50:38:1d,2026-08-04 11:24:04,NxAdYxekQZxahxWUdflx3oODft9AoCVH,The Berkley Las Vegas (MVM784) 006Ql00000f29sP,312A@L,Evolve M2
10:2b:aa:50:8d:22,2026-08-04 11:24:03,NxAdYxekQZxahxWUdflx3oODft9AoCVH,The Berkley Las Vegas (MVM784) 006Ql00000f29sP,1203A@L,Evolve M2
10:2b:aa:50:3d:ab,2026-08-04 11:24:03,NxAdYxekQZxahxWUdflx3oODft9AoCVH,The Berkley Las Vegas (MVM784) 006Ql00000f29sP,101A@B,Evolve M2
10:2b:aa:50:3f:46,2026-08-04 11:24:03,NxAdYxekQZxahxWUdflx3oODft9AoCVH,The Berkley Las Vegas (MVM784) 006Ql00000f29sP,309A@L,Evolve M2
10:2b:aa:50:31:c3,2026-08-04 11:24:02,NxAdYxekQZxahxWUdflx3oODft9AoCVH,The Berkley Las Vegas (MVM784) 006Ql00000f29sP,704A@B,Evolve M2
10:2b:aa:50:34:12,2026-08-04 11:24:02,NxAdYxekQZxahxWUdflx3oODft9AoCVH,The Berkley Las Vegas (MVM784) 006Ql00000f29sP,203B@L,Evolve M2
10:2b:aa:50:3f:d0,2026-08-04 11:23:57,NxAdYxekQZxahxWUdflx3oODft9AoCVH,The Berkley Las Vegas (MVM784) 006Ql00000f29sP,1611B@L,Evolve M2
10:2b:aa:50:04:21,2026-08-04 11:23:57,NxAdYxekQZxahxWUdflx3oODft9AoCVH,The Berkley Las Vegas (MVM784) 006Ql00000f29sP,1502A@L,Evolve M2
10:2b:aa:50:31:84,2026-08-04 11:23:56,NxAdYxekQZxahxWUdflx3oODft9AoCVH,The Berkley Las Vegas (MVM784) 006Ql00000f29sP,704A@L,Evolve M2
10:2b:aa:50:30:13,2026-08-04 11:23:55,NxAdYxekQZxahxWUdflx3oODft9AoCVH,The Berkley Las Vegas (MVM784) 006Ql00000f29sP,702A@B,Evolve M2
10:2b:aa:50:36:e2,2026-08-04 11:23:51,NxAdYxekQZxahxWUdflx3oODft9AoCVH,The Berkley Las Vegas (MVM784) 006Ql00000f29sP,812B@L,Evolve M2
10:2b:aa:50:31:78,2026-08-04 11:23:49,NxAdYxekQZxahxWUdflx3oODft9AoCVH,The Berkley Las Vegas (MVM784) 006Ql00000f29sP,1507A@B,Evolve M2
10:2b:aa:50:32:4d,2026-08-04 11:23:48,NxAdYxekQZxahxWUdflx3oODft9AoCVH,The Berkley Las Vegas (MVM784) 006Ql00000f29sP,207B@L,Evolve M2
10:2b:aa:50:31:57,2026-08-04 11:23:47,NxAdYxekQZxahxWUdflx3oODft9AoCVH,The Berkley Las Vegas (MVM784) 006Ql00000f29sP,1812B@B,Evolve M2
10:2b:aa:50:92:b9,2026-08-04 11:23:43,NxAdYxekQZxahxWUdflx3oODft9AoCVH,The Berkley Las Vegas (MVM784) 006Ql00000f29sP,1401A@L,Evolve M2
10:2b:aa:50:30:d9,2026-08-04 11:23:42,NxAdYxekQZxahxWUdflx3oODft9AoCVH,The Berkley Las Vegas (MVM784) 006Ql00000f29sP,1810A@L,Evolve M2
10:2b:aa:50:2f:5c,2026-08-04 11:23:42,NxAdYxekQZxahxWUdflx3oODft9AoCVH,The Berkley Las Vegas (MVM784) 006Ql00000f29sP,1106A@L,Evolve M2
10:2b:aa:50:2c:aa,2026-08-04 11:23:40,NxAdYxekQZxahxWUdflx3oODft9AoCVH,The Berkley Las Vegas (MVM784) 006Ql00000f29sP,1705A@L,Evolve M2
10:2b:aa:50:3d:45,2026-08-04 11:23:38,NxAdYxekQZxahxWUdflx3oODft9AoCVH,The Berkley Las Vegas (MVM784) 006Ql00000f29sP,205B@B,Evolve M2
10:2b:aa:50:31:4b,2026-08-04 11:23:38,NxAdYxekQZxahxWUdflx3oODft9AoCVH,The Berkley Las Vegas (MVM784) 006Ql00000f29sP,1206B@B,Evolve M2
10:2b:aa:50:3c:55,2026-08-04 11:23:36,NxAdYxekQZxahxWUdflx3oODft9AoCVH,The Berkley Las Vegas (MVM784) 006Ql00000f29sP,212A@B,Evolve M2
10:2b:aa:50:37:12,2026-08-04 11:23:35,NxAdYxekQZxahxWUdflx3oODft9AoCVH,The Berkley Las Vegas (MVM784) 006Ql00000f29sP,710B@B,Evolve M2
10:2b:aa:50:3d:1e,2026-08-04 11:23:35,NxAdYxekQZxahxWUdflx3oODft9AoCVH,The Berkley Las Vegas (MVM784) 006Ql00000f29sP,103A@B,Evolve M2
10:2b:aa:50:3f:be,2026-08-04 11:23:35,NxAdYxekQZxahxWUdflx3oODft9AoCVH,The Berkley Las Vegas (MVM784) 006Ql00000f29sP,302A@B,Evolve M2
68:ab:a9:fb:04:24,2026-08-04 11:23:34,NxAdYxekQZxahxWUdflx3oODft9AoCVH,The Berkley Las Vegas (MVM784) 006Ql00000f29sP,1809B,Evolve M2
10:2b:aa:51:e1:1f,2026-08-04 11:23:34,NxAdYxekQZxahxWUdflx3oODft9AoCVH,The Berkley Las Vegas (MVM784) 006Ql00000f29sP,502A@L,Evolve M2
10:2b:aa:50:90:19,2026-08-04 11:23:34,NxAdYxekQZxahxWUdflx3oODft9AoCVH,The Berkley Las Vegas (MVM784) 006Ql00000f29sP,509A@B,Evolve M2
10:2b:aa:50:38:65,2026-08-04 11:23:34,NxAdYxekQZxahxWUdflx3oODft9AoCVH,The Berkley Las Vegas (MVM784) 006Ql00000f29sP,311A@B,Evolve M2
10:2b:aa:50:04:3f,2026-08-04 11:23:34,NxAdYxekQZxahxWUdflx3oODft9AoCVH,The Berkley Las Vegas (MVM784) 006Ql00000f29sP,1105B@B,Evolve M2
10:2b:aa:50:2b:f9,2026-08-04 11:23:33,NxAdYxekQZxahxWUdflx3oODft9AoCVH,The Berkley Las Vegas (MVM784) 006Ql00000f29sP,1612A@L,Evolve M2
10:2b:aa:50:8c:8f,2026-08-04 11:23:33,NxAdYxekQZxahxWUdflx3oODft9AoCVH,The Berkley Las Vegas (MVM784) 006Ql00000f29sP,807A@L,Evolve M2
10:2b:aa:50:3c:d0,2026-08-04 11:23:32,NxAdYxekQZxahxWUdflx3oODft9AoCVH,The Berkley Las Vegas (MVM784) 006Ql00000f29sP,1101A@B,Evolve M2
10:2b:aa:50:35:9e,2026-08-04 11:23:32,NxAdYxekQZxahxWUdflx3oODft9AoCVH,The Berkley Las Vegas (MVM784) 006Ql00000f29sP,603B@B,Evolve M2
10:2b:aa:50:91:1b,2026-08-04 11:23:32,NxAdYxekQZxahxWUdflx3oODft9AoCVH,The Berkley Las Vegas (MVM784) 006Ql00000f29sP,1202A@L,Evolve M2
10:2b:aa:50:3b:0b,2026-08-04 11:23:31,NxAdYxekQZxahxWUdflx3oODft9AoCVH,The Berkley Las Vegas (MVM784) 006Ql00000f29sP,301A@B,Evolve M2
10:2b:aa:50:3c:4c,2026-08-04 11:23:30,NxAdYxekQZxahxWUdflx3oODft9AoCVH,The Berkley Las Vegas (MVM784) 006Ql00000f29sP,209B@B,Evolve M2
10:2b:aa:50:34:03,2026-08-04 11:23:30,NxAdYxekQZxahxWUdflx3oODft9AoCVH,The Berkley Las Vegas (MVM784) 006Ql00000f29sP,1006B@B,Evolve M2
10:2b:aa:50:39:f1,2026-08-04 11:23:28,NxAdYxekQZxahxWUdflx3oODft9AoCVH,The Berkley Las Vegas (MVM784) 006Ql00000f29sP,601A@B,Evolve M2
10:2b:aa:50:2f:92,2026-08-04 11:23:25,NxAdYxekQZxahxWUdflx3oODft9AoCVH,The Berkley Las Vegas (MVM784) 006Ql00000f29sP,1603B@L,Evolve M2
10:2b:aa:50:32:35,2026-08-04 11:23:24,NxAdYxekQZxahxWUdflx3oODft9AoCVH,The Berkley Las Vegas (MVM784) 006Ql00000f29sP,604A@L,Evolve M2
10:2b:aa:50:8d:df,2026-08-04 11:23:24,NxAdYxekQZxahxWUdflx3oODft9AoCVH,The Berkley Las Vegas (MVM784) 006Ql00000f29sP,1709B@B,Evolve M2
10:2b:aa:50:32:98,2026-08-04 11:23:22,NxAdYxekQZxahxWUdflx3oODft9AoCVH,The Berkley Las Vegas (MVM784) 006Ql00000f29sP,1112B@L,Evolve M2
10:2b:aa:50:38:35,2026-08-04 11:23:21,NxAdYxekQZxahxWUdflx3oODft9AoCVH,The Berkley Las Vegas (MVM784) 006Ql00000f29sP,304A@B,Evolve M2
10:2b:aa:50:36:fd,2026-08-04 11:23:21,NxAdYxekQZxahxWUdflx3oODft9AoCVH,The Berkley Las Vegas (MVM784) 006Ql00000f29sP,1501B@L,Evolve M2
10:2b:aa:50:3e:bf,2026-08-04 11:23:20,NxAdYxekQZxahxWUdflx3oODft9AoCVH,The Berkley Las Vegas (MVM784) 006Ql00000f29sP,1711B@L,Evolve M2
10:2b:aa:50:2c:e0,2026-08-04 11:23:18,NxAdYxekQZxahxWUdflx3oODft9AoCVH,The Berkley Las Vegas (MVM784) 006Ql00000f29sP,1604B@L,Evolve M2
10:2b:aa:50:32:23,2026-08-04 11:23:18,NxAdYxekQZxahxWUdflx3oODft9AoCVH,The Berkley Las Vegas (MVM784) 006Ql00000f29sP,1101S@B,Evolve M2
10:2b:aa:50:2c:0e,2026-08-04 11:23:17,NxAdYxekQZxahxWUdflx3oODft9AoCVH,The Berkley Las Vegas (MVM784) 006Ql00000f29sP,507A@B,Evolve M2
10:2b:aa:50:3d:96,2026-08-04 11:23:17,NxAdYxekQZxahxWUdflx3oODft9AoCVH,The Berkley Las Vegas (MVM784) 006Ql00000f29sP,212B@B,Evolve M2
10:2b:aa:50:8e:b4,2026-08-04 11:23:15,NxAdYxekQZxahxWUdflx3oODft9AoCVH,The Berkley Las Vegas (MVM784) 006Ql00000f29sP,1706B@B,Evolve M2
10:2b:aa:50:30:e8,2026-08-04 11:23:15,NxAdYxekQZxahxWUdflx3oODft9AoCVH,The Berkley Las Vegas (MVM784) 006Ql00000f29sP,1006B@L,Evolve M2
10:2b:aa:50:38:77,2026-08-04 11:23:15,NxAdYxekQZxahxWUdflx3oODft9AoCVH,The Berkley Las Vegas (MVM784) 006Ql00000f29sP,301B@B,Evolve M2
10:2b:aa:50:3f:16,2026-08-04 11:23:14,NxAdYxekQZxahxWUdflx3oODft9AoCVH,The Berkley Las Vegas (MVM784) 006Ql00000f29sP,310A@B,Evolve M2
10:2b:aa:50:3c:61,2026-08-04 11:23:14,NxAdYxekQZxahxWUdflx3oODft9AoCVH,The Berkley Las Vegas (MVM784) 006Ql00000f29sP,210B@B,Evolve M2
10:2b:aa:50:36:22,2026-08-04 11:23:13,NxAdYxekQZxahxWUdflx3oODft9AoCVH,The Berkley Las Vegas (MVM784) 006Ql00000f29sP,303A@B,Evolve M2
10:2b:aa:50:2e:f6,2026-08-04 11:23:11,NxAdYxekQZxahxWUdflx3oODft9AoCVH,The Berkley Las Vegas (MVM784) 006Ql00000f29sP,904A@B,Evolve M2
10:2b:aa:50:39:a0,2026-08-04 11:23:11,NxAdYxekQZxahxWUdflx3oODft9AoCVH,The Berkley Las Vegas (MVM784) 006Ql00000f29sP,1601A@B,Evolve M2
10:2b:aa:50:33:2b,2026-08-04 11:23:09,NxAdYxekQZxahxWUdflx3oODft9AoCVH,The Berkley Las Vegas (MVM784) 006Ql00000f29sP,802A@B,Evolve M2
10:2b:aa:50:39:97,2026-08-04 11:23:08,NxAdYxekQZxahxWUdflx3oODft9AoCVH,The Berkley Las Vegas (MVM784) 006Ql00000f29sP,1201A@B,Evolve M2
10:2b:aa:50:8f:74,2026-08-04 11:23:06,NxAdYxekQZxahxWUdflx3oODft9AoCVH,The Berkley Las Vegas (MVM784) 006Ql00000f29sP,205B@L,Evolve M2
10:2b:aa:51:ea:58,2026-08-04 11:23:05,NxAdYxekQZxahxWUdflx3oODft9AoCVH,The Berkley Las Vegas (MVM784) 006Ql00000f29sP,1012A@B,Evolve M2
10:2b:aa:50:3c:85,2026-08-04 11:23:04,NxAdYxekQZxahxWUdflx3oODft9AoCVH,The Berkley Las Vegas (MVM784) 006Ql00000f29sP,101B@L,Evolve M2
10:2b:aa:50:33:8b,2026-08-04 11:23:04,NxAdYxekQZxahxWUdflx3oODft9AoCVH,The Berkley Las Vegas (MVM784) 006Ql00000f29sP,608A@B,Evolve M2
10:2b:aa:51:ea:2b,2026-08-04 11:23:04,NxAdYxekQZxahxWUdflx3oODft9AoCVH,The Berkley Las Vegas (MVM784) 006Ql00000f29sP,1209B@B,Evolve M2
10:2b:aa:50:91:b1,2026-08-04 11:23:02,NxAdYxekQZxahxWUdflx3oODft9AoCVH,The Berkley Las Vegas (MVM784) 006Ql00000f29sP,1605B@B,Evolve M2
10:2b:aa:50:3c:eb,2026-08-04 11:22:59,NxAdYxekQZxahxWUdflx3oODft9AoCVH,The Berkley Las Vegas (MVM784) 006Ql00000f29sP,606B@L,Evolve M2
68:ab:a9:fc:c5:31,2026-08-04 11:22:59,NxAdYxekQZxahxWUdflx3oODft9AoCVH,The Berkley Las Vegas (MVM784) 006Ql00000f29sP,1811A@B,Evolve M2
10:2b:aa:51:ea:16,2026-08-04 11:22:59,NxAdYxekQZxahxWUdflx3oODft9AoCVH,The Berkley Las Vegas (MVM784) 006Ql00000f29sP,1210B@B,Evolve M2
10:2b:aa:50:90:ac,2026-08-04 11:22:59,NxAdYxekQZxahxWUdflx3oODft9AoCVH,The Berkley Las Vegas (MVM784) 006Ql00000f29sP,1104B@B,Evolve M2
10:2b:aa:50:90:ee,2026-08-04 11:22:59,NxAdYxekQZxahxWUdflx3oODft9AoCVH,The Berkley Las Vegas (MVM784) 006Ql00000f29sP,1004B,Evolve M2
10:2b:aa:50:34:f6,2026-08-04 11:22:58,NxAdYxekQZxahxWUdflx3oODft9AoCVH,The Berkley Las Vegas (MVM784) 006Ql00000f29sP,408A@B,Evolve M2
10:2b:aa:50:3f:97,2026-08-04 11:22:58,NxAdYxekQZxahxWUdflx3oODft9AoCVH,The Berkley Las Vegas (MVM784) 006Ql00000f29sP,1411A@L,Evolve M2
10:2b:aa:51:e8:c0,2026-08-04 11:22:57,NxAdYxekQZxahxWUdflx3oODft9AoCVH,The Berkley Las Vegas (MVM784) 006Ql00000f29sP,502A@B,Evolve M2
10:2b:aa:50:33:3a,2026-08-04 11:22:57,NxAdYxekQZxahxWUdflx3oODft9AoCVH,The Berkley Las Vegas (MVM784) 006Ql00000f29sP,1409A@L,Evolve M2
10:2b:aa:50:8d:55,2026-08-04 11:22:55,NxAdYxekQZxahxWUdflx3oODft9AoCVH,The Berkley Las Vegas (MVM784) 006Ql00000f29sP,807B@B,Evolve M2
10:2b:aa:50:3c:46,2026-08-04 11:22:55,NxAdYxekQZxahxWUdflx3oODft9AoCVH,The Berkley Las Vegas (MVM784) 006Ql00000f29sP,204B@L,Evolve M2
10:2b:aa:50:8e:3c,2026-08-04 11:22:55,NxAdYxekQZxahxWUdflx3oODft9AoCVH,The Berkley Las Vegas (MVM784) 006Ql00000f29sP,604B@L,Evolve M2
10:2b:aa:50:3f:eb,2026-08-04 11:22:52,NxAdYxekQZxahxWUdflx3oODft9AoCVH,The Berkley Las Vegas (MVM784) 006Ql00000f29sP,401B@B,Evolve M2
10:2b:aa:50:3b:5f,2026-08-04 11:22:52,NxAdYxekQZxahxWUdflx3oODft9AoCVH,The Berkley Las Vegas (MVM784) 006Ql00000f29sP,403B@B,Evolve M2
10:2b:aa:50:3f:61,2026-08-04 11:22:51,NxAdYxekQZxahxWUdflx3oODft9AoCVH,The Berkley Las Vegas (MVM784) 006Ql00000f29sP,511B@L,Evolve M2
10:2b:aa:50:8f:b9,2026-08-04 11:22:50,NxAdYxekQZxahxWUdflx3oODft9AoCVH,The Berkley Las Vegas (MVM784) 006Ql00000f29sP,1707B@B,Evolve M2
10:2b:aa:50:2c:26,2026-08-04 11:22:50,NxAdYxekQZxahxWUdflx3oODft9AoCVH,The Berkley Las Vegas (MVM784) 006Ql00000f29sP,612B@B,Evolve M2
10:2b:aa:50:3f:55,2026-08-04 11:22:49,NxAdYxekQZxahxWUdflx3oODft9AoCVH,The Berkley Las Vegas (MVM784) 006Ql00000f29sP,508B@L,Evolve M2
10:2b:aa:50:3c:94,2026-08-04 11:22:49,NxAdYxekQZxahxWUdflx3oODft9AoCVH,The Berkley Las Vegas (MVM784) 006Ql00000f29sP,104B@L,Evolve M2
10:2b:aa:51:ea:4c,2026-08-04 11:22:48,NxAdYxekQZxahxWUdflx3oODft9AoCVH,The Berkley Las Vegas (MVM784) 006Ql00000f29sP,1205A@L,Evolve M2
10:2b:aa:50:3b:23,2026-08-04 11:22:46,NxAdYxekQZxahxWUdflx3oODft9AoCVH,The Berkley Las Vegas (MVM784) 006Ql00000f29sP,409A@L,Evolve M2
10:2b:aa:50:34:ab,2026-08-04 11:22:45,NxAdYxekQZxahxWUdflx3oODft9AoCVH,The Berkley Las Vegas (MVM784) 006Ql00000f29sP,907A@L,Evolve M2
10:2b:aa:50:32:77,2026-08-04 11:22:44,NxAdYxekQZxahxWUdflx3oODft9AoCVH,The Berkley Las Vegas (MVM784) 006Ql00000f29sP,409B@B,Evolve M2
10:2b:aa:50:2d:73,2026-08-04 11:22:43,NxAdYxekQZxahxWUdflx3oODft9AoCVH,The Berkley Las Vegas (MVM784) 006Ql00000f29sP,611A@B,Evolve M2
10:2b:aa:50:3a:87,2026-08-04 11:22:42,NxAdYxekQZxahxWUdflx3oODft9AoCVH,The Berkley Las Vegas (MVM784) 006Ql00000f29sP,1503B@L,Evolve M2
10:2b:aa:50:34:36,2026-08-04 11:22:41,NxAdYxekQZxahxWUdflx3oODft9AoCVH,The Berkley Las Vegas (MVM784) 006Ql00000f29sP,202A@L,Evolve M2
10:2b:aa:50:92:d1,2026-08-04 11:22:41,NxAdYxekQZxahxWUdflx3oODft9AoCVH,The Berkley Las Vegas (MVM784) 006Ql00000f29sP,1208A@L,Evolve M2
10:2b:aa:50:36:df,2026-08-04 11:22:40,NxAdYxekQZxahxWUdflx3oODft9AoCVH,The Berkley Las Vegas (MVM784) 006Ql00000f29sP,1604A@L,Evolve M2
10:2b:aa:50:35:6b,2026-08-04 11:22:39,NxAdYxekQZxahxWUdflx3oODft9AoCVH,The Berkley Las Vegas (MVM784) 006Ql00000f29sP,1205B@L,Evolve M2
10:2b:aa:50:3f:79,2026-08-04 11:22:38,NxAdYxekQZxahxWUdflx3oODft9AoCVH,The Berkley Las Vegas (MVM784) 006Ql00000f29sP,511B@B,Evolve M2
10:2b:aa:50:33:0a,2026-08-04 11:22:38,NxAdYxekQZxahxWUdflx3oODft9AoCVH,The Berkley Las Vegas (MVM784) 006Ql00000f29sP,1807B@L,Evolve M2
10:2b:aa:50:3e:92,2026-08-04 11:22:37,NxAdYxekQZxahxWUdflx3oODft9AoCVH,The Berkley Las Vegas (MVM784) 006Ql00000f29sP,309A@B,Evolve M2
10:2b:aa:50:3d:fc,2026-08-04 11:22:34,NxAdYxekQZxahxWUdflx3oODft9AoCVH,The Berkley Las Vegas (MVM784) 006Ql00000f29sP,1712A@L,Evolve M2
10:2b:aa:50:35:d1,2026-08-04 11:22:33,NxAdYxekQZxahxWUdflx3oODft9AoCVH,The Berkley Las Vegas (MVM784) 006Ql00000f29sP,711B@B,Evolve M2
10:2b:aa:50:91:9c,2026-08-04 11:22:32,NxAdYxekQZxahxWUdflx3oODft9AoCVH,The Berkley Las Vegas (MVM784) 006Ql00000f29sP,1001B@B,Evolve M2
10:2b:aa:50:04:c9,2026-08-04 11:22:32,NxAdYxekQZxahxWUdflx3oODft9AoCVH,The Berkley Las Vegas (MVM784) 006Ql00000f29sP,1110B@B,Evolve M2
10:2b:aa:50:3e:a7,2026-08-04 11:22:32,NxAdYxekQZxahxWUdflx3oODft9AoCVH,The Berkley Las Vegas (MVM784) 006Ql00000f29sP,405A@L,Evolve M2
10:2b:aa:50:92:56,2026-08-04 11:22:31,NxAdYxekQZxahxWUdflx3oODft9AoCVH,The Berkley Las Vegas (MVM784) 006Ql00000f29sP,1512A@B,Evolve M2
10:2b:aa:50:31:60,2026-08-04 11:22:31,NxAdYxekQZxahxWUdflx3oODft9AoCVH,The Berkley Las Vegas (MVM784) 006Ql00000f29sP,1405A@L,Evolve M2
10:2b:aa:50:33:1f,2026-08-04 11:22:31,NxAdYxekQZxahxWUdflx3oODft9AoCVH,The Berkley Las Vegas (MVM784) 006Ql00000f29sP,809A@L,Evolve M2
10:2b:aa:50:3e:05,2026-08-04 11:22:28,NxAdYxekQZxahxWUdflx3oODft9AoCVH,The Berkley Las Vegas (MVM784) 006Ql00000f29sP,1202B@L,Evolve M2
10:2b:aa:50:38:f2,2026-08-04 11:22:27,NxAdYxekQZxahxWUdflx3oODft9AoCVH,The Berkley Las Vegas (MVM784) 006Ql00000f29sP,405A@B,Evolve M2
10:2b:aa:50:3a:51,2026-08-04 11:22:25,NxAdYxekQZxahxWUdflx3oODft9AoCVH,The Berkley Las Vegas (MVM784) 006Ql00000f29sP,1503B@B,Evolve M2
10:2b:aa:50:35:bf,2026-08-04 11:22:22,NxAdYxekQZxahxWUdflx3oODft9AoCVH,The Berkley Las Vegas (MVM784) 006Ql00000f29sP,702B@B,Evolve M2
10:2b:aa:50:3d:8d,2026-08-04 11:22:21,NxAdYxekQZxahxWUdflx3oODft9AoCVH,The Berkley Las Vegas (MVM784) 006Ql00000f29sP,801A@L,Evolve M2
10:2b:aa:50:91:ea,2026-08-04 11:22:17,NxAdYxekQZxahxWUdflx3oODft9AoCVH,The Berkley Las Vegas (MVM784) 006Ql00000f29sP,1406A@L,Evolve M2
10:2b:aa:50:37:27,2026-08-04 11:22:16,NxAdYxekQZxahxWUdflx3oODft9AoCVH,The Berkley Las Vegas (MVM784) 006Ql00000f29sP,1812A@B,Evolve M2
10:2b:aa:50:04:81,2026-08-04 11:22:16,NxAdYxekQZxahxWUdflx3oODft9AoCVH,The Berkley Las Vegas (MVM784) 006Ql00000f29sP,1607B@B,Evolve M2
10:2b:aa:50:39:22,2026-08-04 11:22:14,NxAdYxekQZxahxWUdflx3oODft9AoCVH,The Berkley Las Vegas (MVM784) 006Ql00000f29sP,408B@L,Evolve M2
10:2b:aa:50:3a:3c,2026-08-04 11:22:12,NxAdYxekQZxahxWUdflx3oODft9AoCVH,The Berkley Las Vegas (MVM784) 006Ql00000f29sP,601S@B,Evolve M2
10:2b:aa:50:37:ae,2026-08-04 11:22:11,NxAdYxekQZxahxWUdflx3oODft9AoCVH,The Berkley Las Vegas (MVM784) 006Ql00000f29sP,1105B@L,Evolve M2
10:2b:aa:50:3c:b2,2026-08-04 11:22:11,NxAdYxekQZxahxWUdflx3oODft9AoCVH,The Berkley Las Vegas (MVM784) 006Ql00000f29sP,1109A@B,Evolve M2
10:2b:aa:50:2b:ab,2026-08-04 11:22:11,NxAdYxekQZxahxWUdflx3oODft9AoCVH,The Berkley Las Vegas (MVM784) 006Ql00000f29sP,1207A@L,Evolve M2
10:2b:aa:51:e8:f6,2026-08-04 11:22:09,NxAdYxekQZxahxWUdflx3oODft9AoCVH,The Berkley Las Vegas (MVM784) 006Ql00000f29sP,1505B@B,Evolve M2
10:2b:aa:50:3a:c9,2026-08-04 11:22:06,NxAdYxekQZxahxWUdflx3oODft9AoCVH,The Berkley Las Vegas (MVM784) 006Ql00000f29sP,412B@B,Evolve M2
10:2b:aa:50:8e:1b,2026-08-04 11:22:05,NxAdYxekQZxahxWUdflx3oODft9AoCVH,The Berkley Las Vegas (MVM784) 006Ql00000f29sP,206A@L,Evolve M2
10:2b:aa:50:3a:0c,2026-08-04 11:22:05,NxAdYxekQZxahxWUdflx3oODft9AoCVH,The Berkley Las Vegas (MVM784) 006Ql00000f29sP,1507A@L,Evolve M2
10:2b:aa:50:38:53,2026-08-04 11:22:05,NxAdYxekQZxahxWUdflx3oODft9AoCVH,The Berkley Las Vegas (MVM784) 006Ql00000f29sP,307A@B,Evolve M2
10:2b:aa:50:2e:63,2026-08-04 11:22:01,NxAdYxekQZxahxWUdflx3oODft9AoCVH,The Berkley Las Vegas (MVM784) 006Ql00000f29sP,1206A@B,Evolve M2
10:2b:aa:50:37:9f,2026-08-04 11:22:00,NxAdYxekQZxahxWUdflx3oODft9AoCVH,The Berkley Las Vegas (MVM784) 006Ql00000f29sP,811A@B,Evolve M2
10:2b:aa:50:3a:03,2026-08-04 11:22:00,NxAdYxekQZxahxWUdflx3oODft9AoCVH,The Berkley Las Vegas (MVM784) 006Ql00000f29sP,311A@L,Evolve M2
10:2b:aa:51:ea:3d,2026-08-04 11:21:58,NxAdYxekQZxahxWUdflx3oODft9AoCVH,The Berkley Las Vegas (MVM784) 006Ql00000f29sP,1502B@L,Evolve M2
10:2b:aa:50:32:fe,2026-08-04 11:21:57,NxAdYxekQZxahxWUdflx3oODft9AoCVH,The Berkley Las Vegas (MVM784) 006Ql00000f29sP,1602A@L,Evolve M2
10:2b:aa:50:30:fa,2026-08-04 11:21:56,NxAdYxekQZxahxWUdflx3oODft9AoCVH,The Berkley Las Vegas (MVM784) 006Ql00000f29sP,1411B@L,Evolve M2
10:2b:aa:50:33:d0,2026-08-04 11:21:55,NxAdYxekQZxahxWUdflx3oODft9AoCVH,The Berkley Las Vegas (MVM784) 006Ql00000f29sP,1109B@L,Evolve M2
10:2b:aa:50:92:8f,2026-08-04 11:21:52,NxAdYxekQZxahxWUdflx3oODft9AoCVH,The Berkley Las Vegas (MVM784) 006Ql00000f29sP,1201S@L,Evolve M2
10:2b:aa:50:8d:b5,2026-08-04 11:21:52,NxAdYxekQZxahxWUdflx3oODft9AoCVH,The Berkley Las Vegas (MVM784) 006Ql00000f29sP,1211B@B,Evolve M2
10:2b:aa:50:38:38,2026-08-04 11:21:51,NxAdYxekQZxahxWUdflx3oODft9AoCVH,The Berkley Las Vegas (MVM784) 006Ql00000f29sP,1012B@L,Evolve M2
10:2b:aa:50:35:c5,2026-08-04 11:21:49,NxAdYxekQZxahxWUdflx3oODft9AoCVH,The Berkley Las Vegas (MVM784) 006Ql00000f29sP,902B@B,Evolve M2
10:2b:aa:50:33:10,2026-08-04 11:21:47,NxAdYxekQZxahxWUdflx3oODft9AoCVH,The Berkley Las Vegas (MVM784) 006Ql00000f29sP,1412A@B,Evolve M2
10:2b:aa:50:3a:a2,2026-08-04 11:21:46,NxAdYxekQZxahxWUdflx3oODft9AoCVH,The Berkley Las Vegas (MVM784) 006Ql00000f29sP,407A@B,Evolve M2
10:2b:aa:50:2c:2f,2026-08-04 11:21:46,NxAdYxekQZxahxWUdflx3oODft9AoCVH,The Berkley Las Vegas (MVM784) 006Ql00000f29sP,610A@B,Evolve M2
68:ab:a9:f8:56:8a,2026-08-04 11:21:46,NxAdYxekQZxahxWUdflx3oODft9AoCVH,The Berkley Las Vegas (MVM784) 006Ql00000f29sP,1810B@B,Evolve M2
10:2b:aa:50:92:d7,2026-08-04 11:21:44,NxAdYxekQZxahxWUdflx3oODft9AoCVH,The Berkley Las Vegas (MVM784) 006Ql00000f29sP,1606A@B,Evolve M2
10:2b:aa:51:e0:98,2026-08-04 11:21:42,NxAdYxekQZxahxWUdflx3oODft9AoCVH,The Berkley Las Vegas (MVM784) 006Ql00000f29sP,505B@B,Evolve M2
10:2b:aa:50:91:21,2026-08-04 11:21:41,NxAdYxekQZxahxWUdflx3oODft9AoCVH,The Berkley Las Vegas (MVM784) 006Ql00000f29sP,1512B@L,Evolve M2
68:ab:a9:f8:52:d5,2026-08-04 11:21:39,NxAdYxekQZxahxWUdflx3oODft9AoCVH,The Berkley Las Vegas (MVM784) 006Ql00000f29sP,1809A@B,Evolve M2
10:2b:aa:50:33:0d,2026-08-04 11:21:38,NxAdYxekQZxahxWUdflx3oODft9AoCVH,The Berkley Las Vegas (MVM784) 006Ql00000f29sP,809B@B,Evolve M2
10:2b:aa:50:3d:ae,2026-08-04 11:21:37,NxAdYxekQZxahxWUdflx3oODft9AoCVH,The Berkley Las Vegas (MVM784) 006Ql00000f29sP,211B@L,Evolve M2
10:2b:aa:50:3b:41,2026-08-04 11:21:37,NxAdYxekQZxahxWUdflx3oODft9AoCVH,The Berkley Las Vegas (MVM784) 006Ql00000f29sP,509B@L,Evolve M2
10:2b:aa:50:3e:1d,2026-08-04 11:21:35,NxAdYxekQZxahxWUdflx3oODft9AoCVH,The Berkley Las Vegas (MVM784) 006Ql00000f29sP,1701B@B,Evolve M2
10:2b:aa:51:e7:be,2026-08-04 11:21:35,NxAdYxekQZxahxWUdflx3oODft9AoCVH,The Berkley Las Vegas (MVM784) 006Ql00000f29sP,1501A@L,Evolve M2
10:2b:aa:50:2e:87,2026-08-04 11:21:34,NxAdYxekQZxahxWUdflx3oODft9AoCVH,The Berkley Las Vegas (MVM784) 006Ql00000f29sP,708A@B,Evolve M2
10:2b:aa:50:2d:a0,2026-08-04 11:21:34,NxAdYxekQZxahxWUdflx3oODft9AoCVH,The Berkley Las Vegas (MVM784) 006Ql00000f29sP,905A@L,Evolve M2
10:2b:aa:50:90:82,2026-08-04 11:21:33,NxAdYxekQZxahxWUdflx3oODft9AoCVH,The Berkley Las Vegas (MVM784) 006Ql00000f29sP,908B@B,Evolve M2
10:2b:aa:50:39:ca,2026-08-04 11:21:33,NxAdYxekQZxahxWUdflx3oODft9AoCVH,The Berkley Las Vegas (MVM784) 006Ql00000f29sP,601S@L,Evolve M2
10:2b:aa:51:e0:9e,2026-08-04 11:21:32,NxAdYxekQZxahxWUdflx3oODft9AoCVH,The Berkley Las Vegas (MVM784) 006Ql00000f29sP,512B@L,Evolve M2
10:2b:aa:50:91:87,2026-08-04 11:21:29,NxAdYxekQZxahxWUdflx3oODft9AoCVH,The Berkley Las Vegas (MVM784) 006Ql00000f29sP,1504A@L,Evolve M2
10:2b:aa:51:ea:fd,2026-08-04 11:21:28,NxAdYxekQZxahxWUdflx3oODft9AoCVH,The Berkley Las Vegas (MVM784) 006Ql00000f29sP,1101B@B,Evolve M2
10:2b:aa:50:90:61,2026-08-04 11:21:28,NxAdYxekQZxahxWUdflx3oODft9AoCVH,The Berkley Las Vegas (MVM784) 006Ql00000f29sP,1505B@L,Evolve M2
10:2b:aa:50:3e:ad,2026-08-04 11:21:25,NxAdYxekQZxahxWUdflx3oODft9AoCVH,The Berkley Las Vegas (MVM784) 006Ql00000f29sP,1006A@B,Evolve M2
10:2b:aa:50:35:47,2026-08-04 11:21:23,NxAdYxekQZxahxWUdflx3oODft9AoCVH,The Berkley Las Vegas (MVM784) 006Ql00000f29sP,406B@L,Evolve M2
10:2b:aa:50:90:70,2026-08-04 11:21:23,NxAdYxekQZxahxWUdflx3oODft9AoCVH,The Berkley Las Vegas (MVM784) 006Ql00000f29sP,1504@L,Evolve M2
10:2b:aa:51:ea:c7,2026-08-04 11:21:20,NxAdYxekQZxahxWUdflx3oODft9AoCVH,The Berkley Las Vegas (MVM784) 006Ql00000f29sP,1204A@L,Evolve M2
10:2b:aa:50:3c:a0,2026-08-04 11:21:19,NxAdYxekQZxahxWUdflx3oODft9AoCVH,The Berkley Las Vegas (MVM784) 006Ql00000f29sP,203B@B,Evolve M2
10:2b:aa:50:33:e2,2026-08-04 11:21:18,NxAdYxekQZxahxWUdflx3oODft9AoCVH,The Berkley Las Vegas (MVM784) 006Ql00000f29sP,910A@B,Evolve M2
10:2b:aa:50:2f:b9,2026-08-04 11:21:18,NxAdYxekQZxahxWUdflx3oODft9AoCVH,The Berkley Las Vegas (MVM784) 006Ql00000f29sP,1609A@L,Evolve M2
10:2b:aa:50:30:ac,2026-08-04 11:21:15,NxAdYxekQZxahxWUdflx3oODft9AoCVH,The Berkley Las Vegas (MVM784) 006Ql00000f29sP,602A@L,Evolve M2
68:ab:a9:f8:51:b0,2026-08-04 11:21:13,NxAdYxekQZxahxWUdflx3oODft9AoCVH,The Berkley Las Vegas (MVM784) 006Ql00000f29sP,1809B,Evolve M2
10:2b:aa:51:ea:8b,2026-08-04 11:21:12,NxAdYxekQZxahxWUdflx3oODft9AoCVH,The Berkley Las Vegas (MVM784) 006Ql00000f29sP,1212A@L,Evolve M2
10:2b:aa:50:31:ba,2026-08-04 11:21:10,NxAdYxekQZxahxWUdflx3oODft9AoCVH,The Berkley Las Vegas (MVM784) 006Ql00000f29sP,706A@L,Evolve M2
10:2b:aa:50:3b:68,2026-08-04 11:21:10,NxAdYxekQZxahxWUdflx3oODft9AoCVH,The Berkley Las Vegas (MVM784) 006Ql00000f29sP,808A@B,Evolve M2
10:2b:aa:50:32:f8,2026-08-04 11:21:08,NxAdYxekQZxahxWUdflx3oODft9AoCVH,The Berkley Las Vegas (MVM784) 006Ql00000f29sP,902B@L,Evolve M2
10:2b:aa:50:3f:4f,2026-08-04 11:21:08,NxAdYxekQZxahxWUdflx3oODft9AoCVH,The Berkley Las Vegas (MVM784) 006Ql00000f29sP,1011B@L,Evolve M2
10:2b:aa:50:2f:4a,2026-08-04 11:21:07,NxAdYxekQZxahxWUdflx3oODft9AoCVH,The Berkley Las Vegas (MVM784) 006Ql00000f29sP,1112B@B,Evolve M2
10:2b:aa:50:38:23,2026-08-04 11:21:06,NxAdYxekQZxahxWUdflx3oODft9AoCVH,The Berkley Las Vegas (MVM784) 006Ql00000f29sP,904A@L,Evolve M2
10:2b:aa:50:2e:7b,2026-08-04 11:21:04,NxAdYxekQZxahxWUdflx3oODft9AoCVH,The Berkley Las Vegas (MVM784) 006Ql00000f29sP,1612B@L,Evolve M2
10:2b:aa:50:33:fa,2026-08-04 11:21:04,NxAdYxekQZxahxWUdflx3oODft9AoCVH,The Berkley Las Vegas (MVM784) 006Ql00000f29sP,611B@L,Evolve M2
10:2b:aa:50:04:6f,2026-08-04 11:21:03,NxAdYxekQZxahxWUdflx3oODft9AoCVH,The Berkley Las Vegas (MVM784) 006Ql00000f29sP,708B@L,Evolve M2
10:2b:aa:50:32:71,2026-08-04 11:21:02,NxAdYxekQZxahxWUdflx3oODft9AoCVH,The Berkley Las Vegas (MVM784) 006Ql00000f29sP,805B@L,Evolve M2
10:2b:aa:50:3d:27,2026-08-04 11:21:01,NxAdYxekQZxahxWUdflx3oODft9AoCVH,The Berkley Las Vegas (MVM784) 006Ql00000f29sP,105A@B,Evolve M2
10:2b:aa:50:30:5e,2026-08-04 11:21:01,NxAdYxekQZxahxWUdflx3oODft9AoCVH,The Berkley Las Vegas (MVM784) 006Ql00000f29sP,711A@L,Evolve M2
10:2b:aa:50:39:4f,2026-08-04 11:21:00,NxAdYxekQZxahxWUdflx3oODft9AoCVH,The Berkley Las Vegas (MVM784) 006Ql00000f29sP,401S@L,Evolve M2
10:2b:aa:50:30:af,2026-08-04 11:21:00,NxAdYxekQZxahxWUdflx3oODft9AoCVH,The Berkley Las Vegas (MVM784) 006Ql00000f29sP,803A@B,Evolve M2
10:2b:aa:51:ea:82,2026-08-04 11:21:00,NxAdYxekQZxahxWUdflx3oODft9AoCVH,The Berkley Las Vegas (MVM784) 006Ql00000f29sP,1012A@L,Evolve M2
10:2b:aa:50:32:6e,2026-08-04 11:21:00,NxAdYxekQZxahxWUdflx3oODft9AoCVH,The Berkley Las Vegas (MVM784) 006Ql00000f29sP,809B@L,Evolve M2
10:2b:aa:51:e9:17,2026-08-04 11:20:59,NxAdYxekQZxahxWUdflx3oODft9AoCVH,The Berkley Las Vegas (MVM784) 006Ql00000f29sP,511A@B,Evolve M2
10:2b:aa:50:3e:4a,2026-08-04 11:20:59,NxAdYxekQZxahxWUdflx3oODft9AoCVH,The Berkley Las Vegas (MVM784) 006Ql00000f29sP,1212B@B,Evolve M2
10:2b:aa:50:32:14,2026-08-04 11:20:58,NxAdYxekQZxahxWUdflx3oODft9AoCVH,The Berkley Las Vegas (MVM784) 006Ql00000f29sP,1503A@B,Evolve M2
10:2b:aa:50:8f:47,2026-08-04 11:20:56,NxAdYxekQZxahxWUdflx3oODft9AoCVH,The Berkley Las Vegas (MVM784) 006Ql00000f29sP,1409A@B,Evolve M2
10:2b:aa:50:2e:69,2026-08-04 11:20:53,NxAdYxekQZxahxWUdflx3oODft9AoCVH,The Berkley Las Vegas (MVM784) 006Ql00000f29sP,711A@B,Evolve M2
10:2b:aa:50:90:a9,2026-08-04 11:20:53,NxAdYxekQZxahxWUdflx3oODft9AoCVH,The Berkley Las Vegas (MVM784) 006Ql00000f29sP,911A@B,Evolve M2
10:2b:aa:50:91:15,2026-08-04 11:20:53,NxAdYxekQZxahxWUdflx3oODft9AoCVH,The Berkley Las Vegas (MVM784) 006Ql00000f29sP,1005B@L,Evolve M2
10:2b:aa:50:31:fc,2026-08-04 11:20:51,NxAdYxekQZxahxWUdflx3oODft9AoCVH,The Berkley Las Vegas (MVM784) 006Ql00000f29sP,104A@L,Evolve M2
10:2b:aa:50:34:db,2026-08-04 11:20:50,NxAdYxekQZxahxWUdflx3oODft9AoCVH,The Berkley Las Vegas (MVM784) 006Ql00000f29sP,103B@B,Evolve M2
10:2b:aa:50:90:73,2026-08-04 11:20:50,NxAdYxekQZxahxWUdflx3oODft9AoCVH,The Berkley Las Vegas (MVM784) 006Ql00000f29sP,1705A@B,Evolve M2
10:2b:aa:50:33:22,2026-08-04 11:20:48,NxAdYxekQZxahxWUdflx3oODft9AoCVH,The Berkley Las Vegas (MVM784) 006Ql00000f29sP,806A@B,Evolve M2
10:2b:aa:51:e8:db,2026-08-04 11:20:45,NxAdYxekQZxahxWUdflx3oODft9AoCVH,The Berkley Las Vegas (MVM784) 006Ql00000f29sP,512A@B,Evolve M2
10:2b:aa:50:3d:84,2026-08-04 11:20:44,NxAdYxekQZxahxWUdflx3oODft9AoCVH,The Berkley Las Vegas (MVM784) 006Ql00000f29sP,101A@L,Evolve M2
10:2b:aa:50:33:e8,2026-08-04 11:20:44,NxAdYxekQZxahxWUdflx3oODft9AoCVH,The Berkley Las Vegas (MVM784) 006Ql00000f29sP,611B@B,Evolve M2
10:2b:aa:50:3c:73,2026-08-04 11:20:43,NxAdYxekQZxahxWUdflx3oODft9AoCVH,The Berkley Las Vegas (MVM784) 006Ql00000f29sP,207A@B,Evolve M2
10:2b:aa:50:39:a6,2026-08-04 11:20:43,NxAdYxekQZxahxWUdflx3oODft9AoCVH,The Berkley Las Vegas (MVM784) 006Ql00000f29sP,703A@B,Evolve M2
10:2b:aa:4f:fc:f8,2026-08-04 11:20:40,NxAdYxekQZxahxWUdflx3oODft9AoCVH,The Berkley Las Vegas (MVM784) 006Ql00000f29sP,1009A@L,Evolve M2
10:2b:aa:50:32:ef,2026-08-04 11:20:38,NxAdYxekQZxahxWUdflx3oODft9AoCVH,The Berkley Las Vegas (MVM784) 006Ql00000f29sP,804B@B,Evolve M2
10:2b:aa:50:32:7a,2026-08-04 11:20:36,NxAdYxekQZxahxWUdflx3oODft9AoCVH,The Berkley Las Vegas (MVM784) 006Ql00000f29sP,1808B@B,Evolve M2
10:2b:aa:50:2f:e0,2026-08-04 11:20:33,NxAdYxekQZxahxWUdflx3oODft9AoCVH,The Berkley Las Vegas (MVM784) 006Ql00000f29sP,903B@B,Evolve M2
10:2b:aa:51:e7:94,2026-08-04 11:20:31,NxAdYxekQZxahxWUdflx3oODft9AoCVH,The Berkley Las Vegas (MVM784) 006Ql00000f29sP,1102A@L,Evolve M2
10:2b:aa:50:8f:95,2026-08-04 11:20:31,NxAdYxekQZxahxWUdflx3oODft9AoCVH,The Berkley Las Vegas (MVM784) 006Ql00000f29sP,1412B@B,Evolve M2
10:2b:aa:50:38:98,2026-08-04 11:20:30,NxAdYxekQZxahxWUdflx3oODft9AoCVH,The Berkley Las Vegas (MVM784) 006Ql00000f29sP,1004A@L,Evolve M2
10:2b:aa:50:2f:ef,2026-08-04 11:20:30,NxAdYxekQZxahxWUdflx3oODft9AoCVH,The Berkley Las Vegas (MVM784) 006Ql00000f29sP,712A@B,Evolve M2
10:2b:aa:50:04:00,2026-08-04 11:20:30,NxAdYxekQZxahxWUdflx3oODft9AoCVH,The Berkley Las Vegas (MVM784) 006Ql00000f29sP,1209A@B,Evolve M2
10:2b:aa:50:32:08,2026-08-04 11:20:28,NxAdYxekQZxahxWUdflx3oODft9AoCVH,The Berkley Las Vegas (MVM784) 006Ql00000f29sP,807B@L,Evolve M2
10:2b:aa:50:8f:50,2026-08-04 11:20:26,NxAdYxekQZxahxWUdflx3oODft9AoCVH,The Berkley Las Vegas (MVM784) 006Ql00000f29sP,701S@L,Evolve M2
10:2b:aa:50:2e:4b,2026-08-04 11:20:25,NxAdYxekQZxahxWUdflx3oODft9AoCVH,The Berkley Las Vegas (MVM784) 006Ql00000f29sP,410A@L,Evolve M2
10:2b:aa:50:91:6f,2026-08-04 11:20:24,NxAdYxekQZxahxWUdflx3oODft9AoCVH,The Berkley Las Vegas (MVM784) 006Ql00000f29sP,1510B@L,Evolve M2
10:2b:aa:50:33:c4,2026-08-04 11:20:24,NxAdYxekQZxahxWUdflx3oODft9AoCVH,The Berkley Las Vegas (MVM784) 006Ql00000f29sP,907B@L,Evolve M2
10:2b:aa:50:34:30,2026-08-04 11:20:22,NxAdYxekQZxahxWUdflx3oODft9AoCVH,The Berkley Las Vegas (MVM784) 006Ql00000f29sP,201B@L,Evolve M2
10:2b:aa:51:e9:a1,2026-08-04 11:20:21,NxAdYxekQZxahxWUdflx3oODft9AoCVH,The Berkley Las Vegas (MVM784) 006Ql00000f29sP,510B@B,Evolve M2
10:2b:aa:50:35:3b,2026-08-04 11:20:19,NxAdYxekQZxahxWUdflx3oODft9AoCVH,The Berkley Las Vegas (MVM784) 006Ql00000f29sP,909A@L,Evolve M2
10:2b:aa:51:ea:d6,2026-08-04 11:20:19,NxAdYxekQZxahxWUdflx3oODft9AoCVH,The Berkley Las Vegas (MVM784) 006Ql00000f29sP,1102B@L,Evolve M2
10:2b:aa:50:35:7a,2026-08-04 11:20:18,NxAdYxekQZxahxWUdflx3oODft9AoCVH,The Berkley Las Vegas (MVM784) 006Ql00000f29sP,702A@L,Evolve M2
10:2b:aa:50:38:08,2026-08-04 11:20:18,NxAdYxekQZxahxWUdflx3oODft9AoCVH,The Berkley Las Vegas (MVM784) 006Ql00000f29sP,307A@L,Evolve M2
10:2b:aa:50:3e:1a,2026-08-04 11:20:17,NxAdYxekQZxahxWUdflx3oODft9AoCVH,The Berkley Las Vegas (MVM784) 006Ql00000f29sP,1710A@L,Evolve M2
10:2b:aa:50:2e:b1,2026-08-04 11:20:14,NxAdYxekQZxahxWUdflx3oODft9AoCVH,The Berkley Las Vegas (MVM784) 006Ql00000f29sP,712A@L,Evolve M2
10:2b:aa:50:3e:3b,2026-08-04 11:20:13,NxAdYxekQZxahxWUdflx3oODft9AoCVH,The Berkley Las Vegas (MVM784) 006Ql00000f29sP,1705B@L,Evolve M2
10:2b:aa:50:30:43,2026-08-04 11:20:12,NxAdYxekQZxahxWUdflx3oODft9AoCVH,The Berkley Las Vegas (MVM784) 006Ql00000f29sP,1010A@L,Evolve M2
10:2b:aa:50:35:a1,2026-08-04 11:20:11,NxAdYxekQZxahxWUdflx3oODft9AoCVH,The Berkley Las Vegas (MVM784) 006Ql00000f29sP,1608A@L,Evolve M2
10:2b:aa:50:8e:63,2026-08-04 11:20:09,NxAdYxekQZxahxWUdflx3oODft9AoCVH,The Berkley Las Vegas (MVM784) 006Ql00000f29sP,912B@L,Evolve M2
10:2b:aa:50:33:a3,2026-08-04 11:20:05,NxAdYxekQZxahxWUdflx3oODft9AoCVH,The Berkley Las Vegas (MVM784) 006Ql00000f29sP,910A@L,Evolve M2
10:2b:aa:50:31:6c,2026-08-04 11:20:05,NxAdYxekQZxahxWUdflx3oODft9AoCVH,The Berkley Las Vegas (MVM784) 006Ql00000f29sP,1810A@B,Evolve M2
10:2b:aa:50:32:b0,2026-08-04 11:20:04,NxAdYxekQZxahxWUdflx3oODft9AoCVH,The Berkley Las Vegas (MVM784) 006Ql00000f29sP,702B@L,Evolve M2
10:2b:aa:50:32:ad,2026-08-04 11:20:03,NxAdYxekQZxahxWUdflx3oODft9AoCVH,The Berkley Las Vegas (MVM784) 006Ql00000f29sP,701A@L,Evolve M2
10:2b:aa:50:3f:a3,2026-08-04 11:20:02,NxAdYxekQZxahxWUdflx3oODft9AoCVH,The Berkley Las Vegas (MVM784) 006Ql00000f29sP,301S@B,Evolve M2
10:2b:aa:50:34:8a,2026-08-04 11:20:02,NxAdYxekQZxahxWUdflx3oODft9AoCVH,The Berkley Las Vegas (MVM784) 006Ql00000f29sP,403A@B,Evolve M2
10:2b:aa:50:3d:ba,2026-08-04 11:19:59,NxAdYxekQZxahxWUdflx3oODft9AoCVH,The Berkley Las Vegas (MVM784) 006Ql00000f29sP,1201B@L,Evolve M2
10:2b:aa:50:2c:3e,2026-08-04 11:19:57,NxAdYxekQZxahxWUdflx3oODft9AoCVH,The Berkley Las Vegas (MVM784) 006Ql00000f29sP,605A@L,Evolve M2
10:2b:aa:51:e8:d8,2026-08-04 11:19:56,NxAdYxekQZxahxWUdflx3oODft9AoCVH,The Berkley Las Vegas (MVM784) 006Ql00000f29sP,1504B@B,Evolve M2
10:2b:aa:50:3e:5c,2026-08-04 11:19:56,NxAdYxekQZxahxWUdflx3oODft9AoCVH,The Berkley Las Vegas (MVM784) 006Ql00000f29sP,1211A@B,Evolve M2
10:2b:aa:50:8f:56,2026-08-04 11:19:55,NxAdYxekQZxahxWUdflx3oODft9AoCVH,The Berkley Las Vegas (MVM784) 006Ql00000f29sP,1408A@B,Evolve M2
10:2b:aa:50:33:49,2026-08-04 11:19:55,NxAdYxekQZxahxWUdflx3oODft9AoCVH,The Berkley Las Vegas (MVM784) 006Ql00000f29sP,1506B@B,Evolve M2
10:2b:aa:50:92:05,2026-08-04 11:19:55,NxAdYxekQZxahxWUdflx3oODft9AoCVH,The Berkley Las Vegas (MVM784) 006Ql00000f29sP,1404B@L,Evolve M2
10:2b:aa:50:8e:9c,2026-08-04 11:19:54,NxAdYxekQZxahxWUdflx3oODft9AoCVH,The Berkley Las Vegas (MVM784) 006Ql00000f29sP,1208B@L,Evolve M2
10:2b:aa:50:2f:50,2026-08-04 11:19:54,NxAdYxekQZxahxWUdflx3oODft9AoCVH,The Berkley Las Vegas (MVM784) 006Ql00000f29sP,810B@B,Evolve M2
10:2b:aa:50:90:dc,2026-08-04 11:19:53,NxAdYxekQZxahxWUdflx3oODft9AoCVH,The Berkley Las Vegas (MVM784) 006Ql00000f29sP,1403B@B,Evolve M2
10:2b:aa:50:3c:af,2026-08-04 11:19:51,NxAdYxekQZxahxWUdflx3oODft9AoCVH,The Berkley Las Vegas (MVM784) 006Ql00000f29sP,104B@B,Evolve M2
10:2b:aa:50:32:d7,2026-08-04 11:19:49,NxAdYxekQZxahxWUdflx3oODft9AoCVH,The Berkley Las Vegas (MVM784) 006Ql00000f29sP,1402B@L,Evolve M2
10:2b:aa:51:e0:9b,2026-08-04 11:19:47,NxAdYxekQZxahxWUdflx3oODft9AoCVH,The Berkley Las Vegas (MVM784) 006Ql00000f29sP,509A@L,Evolve M2
10:2b:aa:50:3f:5e,2026-08-04 11:19:46,NxAdYxekQZxahxWUdflx3oODft9AoCVH,The Berkley Las Vegas (MVM784) 006Ql00000f29sP,401A@L,Evolve M2
10:2b:aa:51:e9:ef,2026-08-04 11:19:46,NxAdYxekQZxahxWUdflx3oODft9AoCVH,The Berkley Las Vegas (MVM784) 006Ql00000f29sP,705B,Evolve M2
10:2b:aa:50:2c:c2,2026-08-04 11:19:46,NxAdYxekQZxahxWUdflx3oODft9AoCVH,The Berkley Las Vegas (MVM784) 006Ql00000f29sP,1611A@B,Evolve M2
10:2b:aa:50:31:0f,2026-08-04 11:19:44,NxAdYxekQZxahxWUdflx3oODft9AoCVH,The Berkley Las Vegas (MVM784) 006Ql00000f29sP,1403A@B,Evolve M2
10:2b:aa:50:31:15,2026-08-04 11:19:44,NxAdYxekQZxahxWUdflx3oODft9AoCVH,The Berkley Las Vegas (MVM784) 006Ql00000f29sP,1608B@B,Evolve M2
10:2b:aa:50:33:c1,2026-08-04 11:19:43,NxAdYxekQZxahxWUdflx3oODft9AoCVH,The Berkley Las Vegas (MVM784) 006Ql00000f29sP,908B@L,Evolve M2
10:2b:aa:50:39:13,2026-08-04 11:19:43,NxAdYxekQZxahxWUdflx3oODft9AoCVH,The Berkley Las Vegas (MVM784) 006Ql00000f29sP,1601A@L,Evolve M2
10:2b:aa:50:32:5f,2026-08-04 11:19:43,NxAdYxekQZxahxWUdflx3oODft9AoCVH,The Berkley Las Vegas (MVM784) 006Ql00000f29sP,607B@B,Evolve M2
10:2b:aa:50:33:70,2026-08-04 11:19:42,NxAdYxekQZxahxWUdflx3oODft9AoCVH,The Berkley Las Vegas (MVM784) 006Ql00000f29sP,501S@B,Evolve M2
10:2b:aa:50:37:2a,2026-08-04 11:19:42,NxAdYxekQZxahxWUdflx3oODft9AoCVH,The Berkley Las Vegas (MVM784) 006Ql00000f29sP,1704A@B,Evolve M2
10:2b:aa:50:2b:c3,2026-08-04 11:19:40,NxAdYxekQZxahxWUdflx3oODft9AoCVH,The Berkley Las Vegas (MVM784) 006Ql00000f29sP,1109A@L,Evolve M2
10:2b:aa:50:33:97,2026-08-04 11:19:40,NxAdYxekQZxahxWUdflx3oODft9AoCVH,The Berkley Las Vegas (MVM784) 006Ql00000f29sP,701A@B,Evolve M2
10:2b:aa:50:31:9c,2026-08-04 11:19:39,NxAdYxekQZxahxWUdflx3oODft9AoCVH,The Berkley Las Vegas (MVM784) 006Ql00000f29sP,1510A@L,Evolve M2
10:2b:aa:50:2f:35,2026-08-04 11:19:38,NxAdYxekQZxahxWUdflx3oODft9AoCVH,The Berkley Las Vegas (MVM784) 006Ql00000f29sP,806A@L,Evolve M2
10:2b:aa:51:e9:b0,2026-08-04 11:19:38,NxAdYxekQZxahxWUdflx3oODft9AoCVH,The Berkley Las Vegas (MVM784) 006Ql00000f29sP,501B@B,Evolve M2
68:ab:a9:fc:ae:47,2026-08-04 11:19:35,NxAdYxekQZxahxWUdflx3oODft9AoCVH,The Berkley Las Vegas (MVM784) 006Ql00000f29sP,1810B@L,Evolve M2
10:2b:aa:50:8f:80,2026-08-04 11:19:32,NxAdYxekQZxahxWUdflx3oODft9AoCVH,The Berkley Las Vegas (MVM784) 006Ql00000f29sP,1808B@L,Evolve M2
10:2b:aa:50:31:72,2026-08-04 11:19:30,NxAdYxekQZxahxWUdflx3oODft9AoCVH,The Berkley Las Vegas (MVM784) 006Ql00000f29sP,1405B@L,Evolve M2
10:2b:aa:50:8f:35,2026-08-04 11:19:28,NxAdYxekQZxahxWUdflx3oODft9AoCVH,The Berkley Las Vegas (MVM784) 006Ql00000f29sP,905B@L,Evolve M2
10:2b:aa:50:39:3a,2026-08-04 11:19:28,NxAdYxekQZxahxWUdflx3oODft9AoCVH,The Berkley Las Vegas (MVM784) 006Ql00000f29sP,105A@L,Evolve M2
10:2b:aa:50:3a:81,2026-08-04 11:19:27,NxAdYxekQZxahxWUdflx3oODft9AoCVH,The Berkley Las Vegas (MVM784) 006Ql00000f29sP,304B@B,Evolve M2
10:2b:aa:50:8d:64,2026-08-04 11:19:27,NxAdYxekQZxahxWUdflx3oODft9AoCVH,The Berkley Las Vegas (MVM784) 006Ql00000f29sP,402A@B,Evolve M2
10:2b:aa:50:92:29,2026-08-04 11:19:26,NxAdYxekQZxahxWUdflx3oODft9AoCVH,The Berkley Las Vegas (MVM784) 006Ql00000f29sP,1611A@L,Evolve M2
10:2b:aa:50:90:0d,2026-08-04 11:19:25,NxAdYxekQZxahxWUdflx3oODft9AoCVH,The Berkley Las Vegas (MVM784) 006Ql00000f29sP,501A@B,Evolve M2
10:2b:aa:50:33:bb,2026-08-04 11:19:22,NxAdYxekQZxahxWUdflx3oODft9AoCVH,The Berkley Las Vegas (MVM784) 006Ql00000f29sP,911A@L,Evolve M2
10:2b:aa:50:2e:db,2026-08-04 11:19:22,NxAdYxekQZxahxWUdflx3oODft9AoCVH,The Berkley Las Vegas (MVM784) 006Ql00000f29sP,707A@L,Evolve M2
10:2b:aa:50:32:3b,2026-08-04 11:19:21,NxAdYxekQZxahxWUdflx3oODft9AoCVH,The Berkley Las Vegas (MVM784) 006Ql00000f29sP,1002A@B,Evolve M2
10:2b:aa:50:35:a7,2026-08-04 11:19:21,NxAdYxekQZxahxWUdflx3oODft9AoCVH,The Berkley Las Vegas (MVM784) 006Ql00000f29sP,1701B@L,Evolve M2
68:ab:a9:fc:92:bf,2026-08-04 11:19:18,NxAdYxekQZxahxWUdflx3oODft9AoCVH,The Berkley Las Vegas (MVM784) 006Ql00000f29sP,1811B@L,Evolve M2
10:2b:aa:50:8e:48,2026-08-04 11:19:17,NxAdYxekQZxahxWUdflx3oODft9AoCVH,The Berkley Las Vegas (MVM784) 006Ql00000f29sP,1003B@L,Evolve M2
10:2b:aa:50:2f:9e,2026-08-04 11:19:15,NxAdYxekQZxahxWUdflx3oODft9AoCVH,The Berkley Las Vegas (MVM784) 006Ql00000f29sP,1610A@L,Evolve M2
10:2b:aa:51:e8:1b,2026-08-04 11:19:14,NxAdYxekQZxahxWUdflx3oODft9AoCVH,The Berkley Las Vegas (MVM784) 006Ql00000f29sP,512B@B,Evolve M2
10:2b:aa:50:3c:e8,2026-08-04 11:19:14,NxAdYxekQZxahxWUdflx3oODft9AoCVH,The Berkley Las Vegas (MVM784) 006Ql00000f29sP,202B@L,Evolve M2
10:2b:aa:50:3e:74,2026-08-04 11:19:09,NxAdYxekQZxahxWUdflx3oODft9AoCVH,The Berkley Las Vegas (MVM784) 006Ql00000f29sP,1003A@B,Evolve M2
10:2b:aa:50:3e:50,2026-08-04 11:19:08,NxAdYxekQZxahxWUdflx3oODft9AoCVH,The Berkley Las Vegas (MVM784) 006Ql00000f29sP,1712B@L,Evolve M2
10:2b:aa:50:3e:ef,2026-08-04 11:19:04,NxAdYxekQZxahxWUdflx3oODft9AoCVH,The Berkley Las Vegas (MVM784) 006Ql00000f29sP,1506A@B,Evolve M2
10:2b:aa:50:3f:1f,2026-08-04 11:19:03,NxAdYxekQZxahxWUdflx3oODft9AoCVH,The Berkley Las Vegas (MVM784) 006Ql00000f29sP,1703B@B,Evolve M2
10:2b:aa:50:32:68,2026-08-04 11:19:03,NxAdYxekQZxahxWUdflx3oODft9AoCVH,The Berkley Las Vegas (MVM784) 006Ql00000f29sP,602A@B,Evolve M2
10:2b:aa:50:33:ca,2026-08-04 11:19:03,NxAdYxekQZxahxWUdflx3oODft9AoCVH,The Berkley Las Vegas (MVM784) 006Ql00000f29sP,908A@L,Evolve M2
10:2b:aa:50:90:b8,2026-08-04 11:18:59,NxAdYxekQZxahxWUdflx3oODft9AoCVH,The Berkley Las Vegas (MVM784) 006Ql00000f29sP,1502B@B,Evolve M2
10:2b:aa:50:2d:e2,2026-08-04 11:18:58,NxAdYxekQZxahxWUdflx3oODft9AoCVH,The Berkley Las Vegas (MVM784) 006Ql00000f29sP,605A@B,Evolve M2
10:2b:aa:50:3a:60,2026-08-04 11:18:55,NxAdYxekQZxahxWUdflx3oODft9AoCVH,The Berkley Las Vegas (MVM784) 006Ql00000f29sP,607B@L,Evolve M2
10:2b:aa:50:2f:83,2026-08-04 11:18:52,NxAdYxekQZxahxWUdflx3oODft9AoCVH,The Berkley Las Vegas (MVM784) 006Ql00000f29sP,1002B@L,Evolve M2
10:2b:aa:50:90:58,2026-08-04 11:18:51,NxAdYxekQZxahxWUdflx3oODft9AoCVH,The Berkley Las Vegas (MVM784) 006Ql00000f29sP,502B@B,Evolve M2
10:2b:aa:50:04:8d,2026-08-04 11:18:49,NxAdYxekQZxahxWUdflx3oODft9AoCVH,The Berkley Las Vegas (MVM784) 006Ql00000f29sP,1110A@B,Evolve M2
10:2b:aa:50:04:09,2026-08-04 11:18:47,NxAdYxekQZxahxWUdflx3oODft9AoCVH,The Berkley Las Vegas (MVM784) 006Ql00000f29sP,1005A@L,Evolve M2
10:2b:aa:50:31:cf,2026-08-04 11:18:46,NxAdYxekQZxahxWUdflx3oODft9AoCVH,The Berkley Las Vegas (MVM784) 006Ql00000f29sP,1009B@B,Evolve M2
10:2b:aa:50:35:02,2026-08-04 11:18:44,NxAdYxekQZxahxWUdflx3oODft9AoCVH,The Berkley Las Vegas (MVM784) 006Ql00000f29sP,909A@B,Evolve M2
10:2b:aa:50:03:d6,2026-08-04 11:18:44,NxAdYxekQZxahxWUdflx3oODft9AoCVH,The Berkley Las Vegas (MVM784) 006Ql00000f29sP,811A@L,Evolve M2
10:2b:aa:51:ea:b2,2026-08-04 11:18:39,NxAdYxekQZxahxWUdflx3oODft9AoCVH,The Berkley Las Vegas (MVM784) 006Ql00000f29sP,710B@B,Evolve M2
68:ab:a9:fc:98:d5,2026-08-04 11:18:32,NxAdYxekQZxahxWUdflx3oODft9AoCVH,The Berkley Las Vegas (MVM784) 006Ql00000f29sP,1709A,Evolve M2
10:2b:aa:50:36:eb,2026-08-04 11:18:32,NxAdYxekQZxahxWUdflx3oODft9AoCVH,The Berkley Las Vegas (MVM784) 006Ql00000f29sP,801S@B,Evolve M2
10:2b:aa:50:2f:0e,2026-08-04 11:18:32,NxAdYxekQZxahxWUdflx3oODft9AoCVH,The Berkley Las Vegas (MVM784) 006Ql00000f29sP,1106A@B,Evolve M2
10:2b:aa:50:30:ca,2026-08-04 11:18:32,NxAdYxekQZxahxWUdflx3oODft9AoCVH,The Berkley Las Vegas (MVM784) 006Ql00000f29sP,710A@L,Evolve M2
10:2b:aa:50:2c:ef,2026-08-04 11:18:31,NxAdYxekQZxahxWUdflx3oODft9AoCVH,The Berkley Las Vegas (MVM784) 006Ql00000f29sP,610B@L,Evolve M2
10:2b:aa:50:8d:10,2026-08-04 11:18:28,NxAdYxekQZxahxWUdflx3oODft9AoCVH,The Berkley Las Vegas (MVM784) 006Ql00000f29sP,1011A@L,Evolve M2
10:2b:aa:50:04:30,2026-08-04 11:18:28,NxAdYxekQZxahxWUdflx3oODft9AoCVH,The Berkley Las Vegas (MVM784) 006Ql00000f29sP,1006A@L,Evolve M2
10:2b:aa:50:33:5b,2026-08-04 11:18:28,NxAdYxekQZxahxWUdflx3oODft9AoCVH,The Berkley Las Vegas (MVM784) 006Ql00000f29sP,608A@L,Evolve M2
10:2b:aa:50:2e:30,2026-08-04 11:18:24,NxAdYxekQZxahxWUdflx3oODft9AoCVH,The Berkley Las Vegas (MVM784) 006Ql00000f29sP,1109B@B,Evolve M2
10:2b:aa:50:32:8f,2026-08-04 11:18:21,NxAdYxekQZxahxWUdflx3oODft9AoCVH,The Berkley Las Vegas (MVM784) 006Ql00000f29sP,1807B@B,Evolve M2
10:2b:aa:50:33:d3,2026-08-04 11:18:20,NxAdYxekQZxahxWUdflx3oODft9AoCVH,The Berkley Las Vegas (MVM784) 006Ql00000f29sP,608B@B,Evolve M2
10:2b:aa:50:3c:1f,2026-08-04 11:18:19,NxAdYxekQZxahxWUdflx3oODft9AoCVH,The Berkley Las Vegas (MVM784) 006Ql00000f29sP,208B@B,Evolve M2
10:2b:aa:50:3d:3c,2026-08-04 11:18:18,NxAdYxekQZxahxWUdflx3oODft9AoCVH,The Berkley Las Vegas (MVM784) 006Ql00000f29sP,203A@B,Evolve M2
10:2b:aa:50:32:c8,2026-08-04 11:18:18,NxAdYxekQZxahxWUdflx3oODft9AoCVH,The Berkley Las Vegas (MVM784) 006Ql00000f29sP,1707B@L,Evolve M2
10:2b:aa:50:8d:ca,2026-08-04 11:18:17,NxAdYxekQZxahxWUdflx3oODft9AoCVH,The Berkley Las Vegas (MVM784) 006Ql00000f29sP,1406A@B,Evolve M2
10:2b:aa:50:3f:2b,2026-08-04 11:18:15,NxAdYxekQZxahxWUdflx3oODft9AoCVH,The Berkley Las Vegas (MVM784) 006Ql00000f29sP,312A@B,Evolve M2
10:2b:aa:50:8f:a7,2026-08-04 11:18:14,NxAdYxekQZxahxWUdflx3oODft9AoCVH,The Berkley Las Vegas (MVM784) 006Ql00000f29sP,511A@L,Evolve M2
10:2b:aa:50:38:2c,2026-08-04 11:18:14,NxAdYxekQZxahxWUdflx3oODft9AoCVH,The Berkley Las Vegas (MVM784) 006Ql00000f29sP,805A@L,Evolve M2
10:2b:aa:50:2c:50,2026-08-04 11:18:12,NxAdYxekQZxahxWUdflx3oODft9AoCVH,The Berkley Las Vegas (MVM784) 006Ql00000f29sP,1008A@B,Evolve M2
10:2b:aa:50:3d:ea,2026-08-04 11:18:11,NxAdYxekQZxahxWUdflx3oODft9AoCVH,The Berkley Las Vegas (MVM784) 006Ql00000f29sP,1102B@L,Evolve M2
10:2b:aa:50:32:f2,2026-08-04 11:18:10,NxAdYxekQZxahxWUdflx3oODft9AoCVH,The Berkley Las Vegas (MVM784) 006Ql00000f29sP,810A@L,Evolve M2
10:2b:aa:50:34:99,2026-08-04 11:18:10,NxAdYxekQZxahxWUdflx3oODft9AoCVH,The Berkley Las Vegas (MVM784) 006Ql00000f29sP,1004A@B,Evolve M2
10:2b:aa:50:3f:88,2026-08-04 11:18:09,NxAdYxekQZxahxWUdflx3oODft9AoCVH,The Berkley Las Vegas (MVM784) 006Ql00000f29sP,1707A@L,Evolve M2
10:2b:aa:50:90:31,2026-08-04 11:18:08,NxAdYxekQZxahxWUdflx3oODft9AoCVH,The Berkley Las Vegas (MVM784) 006Ql00000f29sP,1211A@L,Evolve M2
10:2b:aa:50:32:ce,2026-08-04 11:18:06,NxAdYxekQZxahxWUdflx3oODft9AoCVH,The Berkley Las Vegas (MVM784) 006Ql00000f29sP,1111A@B,Evolve M2
10:2b:aa:50:34:6c,2026-08-04 11:18:03,NxAdYxekQZxahxWUdflx3oODft9AoCVH,The Berkley Las Vegas (MVM784) 006Ql00000f29sP,405B@B,Evolve M2
10:2b:aa:50:31:6f,2026-08-04 11:18:02,NxAdYxekQZxahxWUdflx3oODft9AoCVH,The Berkley Las Vegas (MVM784) 006Ql00000f29sP,1001S@B,Evolve M2
10:2b:aa:51:e8:ab,2026-08-04 11:18:00,NxAdYxekQZxahxWUdflx3oODft9AoCVH,The Berkley Las Vegas (MVM784) 006Ql00000f29sP,506B@L,Evolve M2
10:2b:aa:50:3c:22,2026-08-04 11:17:57,NxAdYxekQZxahxWUdflx3oODft9AoCVH,The Berkley Las Vegas (MVM784) 006Ql00000f29sP,411A@L,Evolve M2
10:2b:aa:50:33:4f,2026-08-04 11:17:55,NxAdYxekQZxahxWUdflx3oODft9AoCVH,The Berkley Las Vegas (MVM784) 006Ql00000f29sP,607A@L,Evolve M2
10:2b:aa:50:31:45,2026-08-04 11:17:53,NxAdYxekQZxahxWUdflx3oODft9AoCVH,The Berkley Las Vegas (MVM784) 006Ql00000f29sP,1408B@B,Evolve M2
10:2b:aa:50:2f:14,2026-08-04 11:17:53,NxAdYxekQZxahxWUdflx3oODft9AoCVH,The Berkley Las Vegas (MVM784) 006Ql00000f29sP,910B@L,Evolve M2
10:2b:aa:50:37:5d,2026-08-04 11:17:52,NxAdYxekQZxahxWUdflx3oODft9AoCVH,The Berkley Las Vegas (MVM784) 006Ql00000f29sP,1706B@L,Evolve M2
10:2b:aa:50:2b:ed,2026-08-04 11:17:49,NxAdYxekQZxahxWUdflx3oODft9AoCVH,The Berkley Las Vegas (MVM784) 006Ql00000f29sP,808B@L,Evolve M2
10:2b:aa:50:92:5c,2026-08-04 11:17:49,NxAdYxekQZxahxWUdflx3oODft9AoCVH,The Berkley Las Vegas (MVM784) 006Ql00000f29sP,1612A@B,Evolve M2
10:2b:aa:50:36:d3,2026-08-04 11:17:47,NxAdYxekQZxahxWUdflx3oODft9AoCVH,The Berkley Las Vegas (MVM784) 006Ql00000f29sP,1808A@B,Evolve M2
10:2b:aa:50:3f:b2,2026-08-04 11:17:45,NxAdYxekQZxahxWUdflx3oODft9AoCVH,The Berkley Las Vegas (MVM784) 006Ql00000f29sP,310B@L,Evolve M2
10:2b:aa:50:38:6e,2026-08-04 11:17:45,NxAdYxekQZxahxWUdflx3oODft9AoCVH,The Berkley Las Vegas (MVM784) 006Ql00000f29sP,306B@B,Evolve M2
10:2b:aa:50:37:90,2026-08-04 11:17:44,NxAdYxekQZxahxWUdflx3oODft9AoCVH,The Berkley Las Vegas (MVM784) 006Ql00000f29sP,1108B@B,Evolve M2
10:2b:aa:50:30:7c,2026-08-04 11:17:42,NxAdYxekQZxahxWUdflx3oODft9AoCVH,The Berkley Las Vegas (MVM784) 006Ql00000f29sP,1404B@B,Evolve M2
10:2b:aa:51:e2:48,2026-08-04 11:17:41,NxAdYxekQZxahxWUdflx3oODft9AoCVH,The Berkley Las Vegas (MVM784) 006Ql00000f29sP,505A@B,Evolve M2
10:2b:aa:50:3d:66,2026-08-04 11:17:41,NxAdYxekQZxahxWUdflx3oODft9AoCVH,The Berkley Las Vegas (MVM784) 006Ql00000f29sP,208A@L,Evolve M2
10:2b:aa:50:30:04,2026-08-04 11:17:41,NxAdYxekQZxahxWUdflx3oODft9AoCVH,The Berkley Las Vegas (MVM784) 006Ql00000f29sP,901S@L,Evolve M2
10:2b:aa:50:3d:69,2026-08-04 11:17:38,NxAdYxekQZxahxWUdflx3oODft9AoCVH,The Berkley Las Vegas (MVM784) 006Ql00000f29sP,304B@L,Evolve M2
10:2b:aa:50:04:d5,2026-08-04 11:17:38,NxAdYxekQZxahxWUdflx3oODft9AoCVH,The Berkley Las Vegas (MVM784) 006Ql00000f29sP,1611B@B,Evolve M2
10:2b:aa:50:3b:ef,2026-08-04 11:17:37,NxAdYxekQZxahxWUdflx3oODft9AoCVH,The Berkley Las Vegas (MVM784) 006Ql00000f29sP,406B@B,Evolve M2
10:2b:aa:50:2d:fd,2026-08-04 11:17:35,NxAdYxekQZxahxWUdflx3oODft9AoCVH,The Berkley Las Vegas (MVM784) 006Ql00000f29sP,1007B@B,Evolve M2
10:2b:aa:50:35:1d,2026-08-04 11:17:35,NxAdYxekQZxahxWUdflx3oODft9AoCVH,The Berkley Las Vegas (MVM784) 006Ql00000f29sP,408B@B,Evolve M2
10:2b:aa:50:3d:f0,2026-08-04 11:17:35,NxAdYxekQZxahxWUdflx3oODft9AoCVH,The Berkley Las Vegas (MVM784) 006Ql00000f29sP,1202B@B,Evolve M2
10:2b:aa:50:3b:59,2026-08-04 11:17:35,NxAdYxekQZxahxWUdflx3oODft9AoCVH,The Berkley Las Vegas (MVM784) 006Ql00000f29sP,406A@L,Evolve M2
10:2b:aa:50:2c:17,2026-08-04 11:17:34,NxAdYxekQZxahxWUdflx3oODft9AoCVH,The Berkley Las Vegas (MVM784) 006Ql00000f29sP,609A@B,Evolve M2
10:2b:aa:50:2f:f2,2026-08-04 11:17:34,NxAdYxekQZxahxWUdflx3oODft9AoCVH,The Berkley Las Vegas (MVM784) 006Ql00000f29sP,1610B@B,Evolve M2
10:2b:aa:50:32:53,2026-08-04 11:17:32,NxAdYxekQZxahxWUdflx3oODft9AoCVH,The Berkley Las Vegas (MVM784) 006Ql00000f29sP,207B@B,Evolve M2
10:2b:aa:51:e8:e7,2026-08-04 11:17:31,NxAdYxekQZxahxWUdflx3oODft9AoCVH,The Berkley Las Vegas (MVM784) 006Ql00000f29sP,512A@L,Evolve M2
10:2b:aa:50:2c:74,2026-08-04 11:17:30,NxAdYxekQZxahxWUdflx3oODft9AoCVH,The Berkley Las Vegas (MVM784) 006Ql00000f29sP,510B@L,Evolve M2
10:2b:aa:50:2e:18,2026-08-04 11:17:30,NxAdYxekQZxahxWUdflx3oODft9AoCVH,The Berkley Las Vegas (MVM784) 006Ql00000f29sP,1111B@L,Evolve M2
10:2b:aa:50:8d:88,2026-08-04 11:17:29,NxAdYxekQZxahxWUdflx3oODft9AoCVH,The Berkley Las Vegas (MVM784) 006Ql00000f29sP,1606B@B,Evolve M2
10:2b:aa:50:90:9d,2026-08-04 11:17:28,NxAdYxekQZxahxWUdflx3oODft9AoCVH,The Berkley Las Vegas (MVM784) 006Ql00000f29sP,1704B@B,Evolve M2
10:2b:aa:50:2f:7a,2026-08-04 11:17:28,NxAdYxekQZxahxWUdflx3oODft9AoCVH,The Berkley Las Vegas (MVM784) 006Ql00000f29sP,1605B@L,Evolve M2
10:2b:aa:50:36:07,2026-08-04 11:17:27,NxAdYxekQZxahxWUdflx3oODft9AoCVH,The Berkley Las Vegas (MVM784) 006Ql00000f29sP,612A@B,Evolve M2
10:2b:aa:50:33:16,2026-08-04 11:17:26,NxAdYxekQZxahxWUdflx3oODft9AoCVH,The Berkley Las Vegas (MVM784) 006Ql00000f29sP,1508B@B,Evolve M2
10:2b:aa:50:3c:c7,2026-08-04 11:17:24,NxAdYxekQZxahxWUdflx3oODft9AoCVH,The Berkley Las Vegas (MVM784) 006Ql00000f29sP,208B@L,Evolve M2
10:2b:aa:50:2c:8f,2026-08-04 11:17:24,NxAdYxekQZxahxWUdflx3oODft9AoCVH,The Berkley Las Vegas (MVM784) 006Ql00000f29sP,901A@L,Evolve M2
10:2b:aa:50:3e:ce,2026-08-04 11:17:23,NxAdYxekQZxahxWUdflx3oODft9AoCVH,The Berkley Las Vegas (MVM784) 006Ql00000f29sP,804A,Evolve M2
10:2b:aa:51:e8:e4,2026-08-04 11:17:22,NxAdYxekQZxahxWUdflx3oODft9AoCVH,The Berkley Las Vegas (MVM784) 006Ql00000f29sP,507B@B,Evolve M2
10:2b:aa:50:35:5c,2026-08-04 11:17:21,NxAdYxekQZxahxWUdflx3oODft9AoCVH,The Berkley Las Vegas (MVM784) 006Ql00000f29sP,1808A@L,Evolve M2
10:2b:aa:50:8f:6b,2026-08-04 11:17:20,NxAdYxekQZxahxWUdflx3oODft9AoCVH,The Berkley Las Vegas (MVM784) 006Ql00000f29sP,1402A@B,Evolve M2
68:ab:a9:fc:c2:a0,2026-08-04 11:17:20,NxAdYxekQZxahxWUdflx3oODft9AoCVH,The Berkley Las Vegas (MVM784) 006Ql00000f29sP,1812B@L,Evolve M2
10:2b:aa:50:39:c1,2026-08-04 11:17:19,NxAdYxekQZxahxWUdflx3oODft9AoCVH,The Berkley Las Vegas (MVM784) 006Ql00000f29sP,709A@B,Evolve M2
10:2b:aa:50:32:e0,2026-08-04 11:17:16,NxAdYxekQZxahxWUdflx3oODft9AoCVH,The Berkley Las Vegas (MVM784) 006Ql00000f29sP,1704B@L,Evolve M2
10:2b:aa:50:37:db,2026-08-04 11:17:11,NxAdYxekQZxahxWUdflx3oODft9AoCVH,The Berkley Las Vegas (MVM784) 006Ql00000f29sP,1008B@B,Evolve M2
68:ab:a9:fc:0a:10,2026-08-04 11:17:10,NxAdYxekQZxahxWUdflx3oODft9AoCVH,The Berkley Las Vegas (MVM784) 006Ql00000f29sP,1811B@B,Evolve M2
10:2b:aa:50:2e:72,2026-08-04 11:17:10,NxAdYxekQZxahxWUdflx3oODft9AoCVH,The Berkley Las Vegas (MVM784) 006Ql00000f29sP,912A@L,Evolve M2
10:2b:aa:50:36:b8,2026-08-04 11:17:10,NxAdYxekQZxahxWUdflx3oODft9AoCVH,The Berkley Las Vegas (MVM784) 006Ql00000f29sP,1007A@B,Evolve M2
10:2b:aa:50:2f:98,2026-08-04 11:17:08,NxAdYxekQZxahxWUdflx3oODft9AoCVH,The Berkley Las Vegas (MVM784) 006Ql00000f29sP,406A@B,Evolve M2
10:2b:aa:51:e1:1c,2026-08-04 11:17:07,NxAdYxekQZxahxWUdflx3oODft9AoCVH,The Berkley Las Vegas (MVM784) 006Ql00000f29sP,504B@L,Evolve M2
10:2b:aa:51:e0:d4,2026-08-04 11:17:05,NxAdYxekQZxahxWUdflx3oODft9AoCVH,The Berkley Las Vegas (MVM784) 006Ql00000f29sP,507A@L,Evolve M2
10:2b:aa:50:36:7c,2026-08-04 11:17:02,NxAdYxekQZxahxWUdflx3oODft9AoCVH,The Berkley Las Vegas (MVM784) 006Ql00000f29sP,1007A@L,Evolve M2
10:2b:aa:50:32:62,2026-08-04 11:17:01,NxAdYxekQZxahxWUdflx3oODft9AoCVH,The Berkley Las Vegas (MVM784) 006Ql00000f29sP,1708B@B,Evolve M2
10:2b:aa:50:32:8c,2026-08-04 11:17:01,NxAdYxekQZxahxWUdflx3oODft9AoCVH,The Berkley Las Vegas (MVM784) 006Ql00000f29sP,1508B@L,Evolve M2
10:2b:aa:50:38:e9,2026-08-04 11:16:59,NxAdYxekQZxahxWUdflx3oODft9AoCVH,The Berkley Las Vegas (MVM784) 006Ql00000f29sP,510A@B,Evolve M2
10:2b:aa:50:32:80,2026-08-04 11:16:57,NxAdYxekQZxahxWUdflx3oODft9AoCVH,The Berkley Las Vegas (MVM784) 006Ql00000f29sP,902A@L,Evolve M2
10:2b:aa:50:3f:d9,2026-08-04 11:16:56,NxAdYxekQZxahxWUdflx3oODft9AoCVH,The Berkley Las Vegas (MVM784) 006Ql00000f29sP,304A@L,Evolve M2
10:2b:aa:50:34:3f,2026-08-04 11:16:56,NxAdYxekQZxahxWUdflx3oODft9AoCVH,The Berkley Las Vegas (MVM784) 006Ql00000f29sP,201A@L,Evolve M2
10:2b:aa:50:39:64,2026-08-04 11:16:56,NxAdYxekQZxahxWUdflx3oODft9AoCVH,The Berkley Las Vegas (MVM784) 006Ql00000f29sP,508B@B,Evolve M2
10:2b:aa:50:8e:78,2026-08-04 11:16:55,NxAdYxekQZxahxWUdflx3oODft9AoCVH,The Berkley Las Vegas (MVM784) 006Ql00000f29sP,903A@L,Evolve M2
10:2b:aa:50:3d:db,2026-08-04 11:16:55,NxAdYxekQZxahxWUdflx3oODft9AoCVH,The Berkley Las Vegas (MVM784) 006Ql00000f29sP,101B@B,Evolve M2
10:2b:aa:50:38:dd,2026-08-04 11:16:54,NxAdYxekQZxahxWUdflx3oODft9AoCVH,The Berkley Las Vegas (MVM784) 006Ql00000f29sP,508A@B,Evolve M2
10:2b:aa:50:31:e1,2026-08-04 11:16:53,NxAdYxekQZxahxWUdflx3oODft9AoCVH,The Berkley Las Vegas (MVM784) 006Ql00000f29sP,303A@L,Evolve M2
10:2b:aa:50:3a:c3,2026-08-04 11:16:52,NxAdYxekQZxahxWUdflx3oODft9AoCVH,The Berkley Las Vegas (MVM784) 006Ql00000f29sP,301A@L,Evolve M2
10:2b:aa:50:34:1e,2026-08-04 11:16:50,NxAdYxekQZxahxWUdflx3oODft9AoCVH,The Berkley Las Vegas (MVM784) 006Ql00000f29sP,202A@B,Evolve M2
10:2b:aa:50:92:47,2026-08-04 11:16:49,NxAdYxekQZxahxWUdflx3oODft9AoCVH,The Berkley Las Vegas (MVM784) 006Ql00000f29sP,1610B@L,Evolve M2
10:2b:aa:51:d1:76,2026-08-04 11:16:48,NxAdYxekQZxahxWUdflx3oODft9AoCVH,The Berkley Las Vegas (MVM784) 006Ql00000f29sP,707B@B,Evolve M2
10:2b:aa:50:2f:71,2026-08-04 11:16:45,NxAdYxekQZxahxWUdflx3oODft9AoCVH,The Berkley Las Vegas (MVM784) 006Ql00000f29sP,1111B@B,Evolve M2
10:2b:aa:50:35:9b,2026-08-04 11:16:45,NxAdYxekQZxahxWUdflx3oODft9AoCVH,The Berkley Las Vegas (MVM784) 006Ql00000f29sP,1604A@B,Evolve M2
10:2b:aa:50:31:bd,2026-08-04 11:16:45,NxAdYxekQZxahxWUdflx3oODft9AoCVH,The Berkley Las Vegas (MVM784) 006Ql00000f29sP,1009B@L,Evolve M2
10:2b:aa:50:8e:96,2026-08-04 11:16:44,NxAdYxekQZxahxWUdflx3oODft9AoCVH,The Berkley Las Vegas (MVM784) 006Ql00000f29sP,906B@L,Evolve M2
10:2b:aa:51:e0:35,2026-08-04 11:16:42,NxAdYxekQZxahxWUdflx3oODft9AoCVH,The Berkley Las Vegas (MVM784) 006Ql00000f29sP,705A@L,Evolve M2
10:2b:aa:50:3c:c1,2026-08-04 11:16:42,NxAdYxekQZxahxWUdflx3oODft9AoCVH,The Berkley Las Vegas (MVM784) 006Ql00000f29sP,1503A@L,Evolve M2
10:2b:aa:50:3f:e8,2026-08-04 11:16:41,NxAdYxekQZxahxWUdflx3oODft9AoCVH,The Berkley Las Vegas (MVM784) 006Ql00000f29sP,301B@L,Evolve M2
10:2b:aa:50:04:cf,2026-08-04 11:16:40,NxAdYxekQZxahxWUdflx3oODft9AoCVH,The Berkley Las Vegas (MVM784) 006Ql00000f29sP,1101S@L,Evolve M2
10:2b:aa:50:3d:9f,2026-08-04 11:16:37,NxAdYxekQZxahxWUdflx3oODft9AoCVH,The Berkley Las Vegas (MVM784) 006Ql00000f29sP,104A@B,Evolve M2
10:2b:aa:50:31:a5,2026-08-04 11:16:37,NxAdYxekQZxahxWUdflx3oODft9AoCVH,The Berkley Las Vegas (MVM784) 006Ql00000f29sP,402B@B,Evolve M2
10:2b:aa:50:2f:62,2026-08-04 11:16:36,NxAdYxekQZxahxWUdflx3oODft9AoCVH,The Berkley Las Vegas (MVM784) 006Ql00000f29sP,1407A@B,Evolve M2
10:2b:aa:50:36:fa,2026-08-04 11:16:36,NxAdYxekQZxahxWUdflx3oODft9AoCVH,The Berkley Las Vegas (MVM784) 006Ql00000f29sP,1506A@L,Evolve M2
10:2b:aa:50:2d:ca,2026-08-04 11:16:36,NxAdYxekQZxahxWUdflx3oODft9AoCVH,The Berkley Las Vegas (MVM784) 006Ql00000f29sP,805A@B,Evolve M2
10:2b:aa:50:3f:3a,2026-08-04 11:16:35,NxAdYxekQZxahxWUdflx3oODft9AoCVH,The Berkley Las Vegas (MVM784) 006Ql00000f29sP,309B@B,Evolve M2
10:2b:aa:50:39:5e,2026-08-04 11:16:35,NxAdYxekQZxahxWUdflx3oODft9AoCVH,The Berkley Las Vegas (MVM784) 006Ql00000f29sP,1001A@L,Evolve M2
10:2b:aa:50:35:56,2026-08-04 11:16:35,NxAdYxekQZxahxWUdflx3oODft9AoCVH,The Berkley Las Vegas (MVM784) 006Ql00000f29sP,1706A@B,Evolve M2
10:2b:aa:50:04:a2,2026-08-04 11:16:34,NxAdYxekQZxahxWUdflx3oODft9AoCVH,The Berkley Las Vegas (MVM784) 006Ql00000f29sP,1108B@L,Evolve M2
10:2b:aa:50:3a:93,2026-08-04 11:16:33,NxAdYxekQZxahxWUdflx3oODft9AoCVH,The Berkley Las Vegas (MVM784) 006Ql00000f29sP,205A@B,Evolve M2
10:2b:aa:50:39:73,2026-08-04 11:16:32,NxAdYxekQZxahxWUdflx3oODft9AoCVH,The Berkley Las Vegas (MVM784) 006Ql00000f29sP,601A@L,Evolve M2
10:2b:aa:50:36:3a,2026-08-04 11:16:32,NxAdYxekQZxahxWUdflx3oODft9AoCVH,The Berkley Las Vegas (MVM784) 006Ql00000f29sP,909B@L,Evolve M2
10:2b:aa:50:3a:27,2026-08-04 11:16:31,NxAdYxekQZxahxWUdflx3oODft9AoCVH,The Berkley Las Vegas (MVM784) 006Ql00000f29sP,412A@L,Evolve M2
10:2b:aa:50:39:d6,2026-08-04 11:16:30,NxAdYxekQZxahxWUdflx3oODft9AoCVH,The Berkley Las Vegas (MVM784) 006Ql00000f29sP,1001A@B,Evolve M2
10:2b:aa:50:30:e5,2026-08-04 11:16:24,NxAdYxekQZxahxWUdflx3oODft9AoCVH,The Berkley Las Vegas (MVM784) 006Ql00000f29sP,1707A@B,Evolve M2
10:2b:aa:50:3f:85,2026-08-04 11:16:24,NxAdYxekQZxahxWUdflx3oODft9AoCVH,The Berkley Las Vegas (MVM784) 006Ql00000f29sP,1411A@B,Evolve M2
10:2b:aa:50:2c:7d,2026-08-04 11:16:23,NxAdYxekQZxahxWUdflx3oODft9AoCVH,The Berkley Las Vegas (MVM784) 006Ql00000f29sP,1605A@B,Evolve M2
10:2b:aa:50:8f:68,2026-08-04 11:16:22,NxAdYxekQZxahxWUdflx3oODft9AoCVH,The Berkley Las Vegas (MVM784) 006Ql00000f29sP,211A@B,Evolve M2
10:2b:aa:50:33:76,2026-08-04 11:16:22,NxAdYxekQZxahxWUdflx3oODft9AoCVH,The Berkley Las Vegas (MVM784) 006Ql00000f29sP,911B@L,Evolve M2
10:2b:aa:50:8e:f0,2026-08-04 11:16:21,NxAdYxekQZxahxWUdflx3oODft9AoCVH,The Berkley Las Vegas (MVM784) 006Ql00000f29sP,905B@B,Evolve M2
10:2b:aa:50:32:b9,2026-08-04 11:16:21,NxAdYxekQZxahxWUdflx3oODft9AoCVH,The Berkley Las Vegas (MVM784) 006Ql00000f29sP,1408A@L,Evolve M2
10:2b:aa:50:38:c5,2026-08-04 11:16:19,NxAdYxekQZxahxWUdflx3oODft9AoCVH,The Berkley Las Vegas (MVM784) 006Ql00000f29sP,1212B@L,Evolve M2
10:2b:aa:51:e0:77,2026-08-04 11:16:19,NxAdYxekQZxahxWUdflx3oODft9AoCVH,The Berkley Las Vegas (MVM784) 006Ql00000f29sP,509B@B,Evolve M2
10:2b:aa:51:da:26,2026-08-04 11:16:18,NxAdYxekQZxahxWUdflx3oODft9AoCVH,The Berkley Las Vegas (MVM784) 006Ql00000f29sP,1207B@B,Evolve M2
10:2b:aa:50:90:07,2026-08-04 11:16:15,NxAdYxekQZxahxWUdflx3oODft9AoCVH,The Berkley Las Vegas (MVM784) 006Ql00000f29sP,501B@L,Evolve M2
10:2b:aa:50:33:2e,2026-08-04 11:16:15,NxAdYxekQZxahxWUdflx3oODft9AoCVH,The Berkley Las Vegas (MVM784) 006Ql00000f29sP,1509A@B,Evolve M2
10:2b:aa:50:37:42,2026-08-04 11:16:14,NxAdYxekQZxahxWUdflx3oODft9AoCVH,The Berkley Las Vegas (MVM784) 006Ql00000f29sP,804B@L,Evolve M2
10:2b:aa:50:31:db,2026-08-04 11:16:13,NxAdYxekQZxahxWUdflx3oODft9AoCVH,The Berkley Las Vegas (MVM784) 006Ql00000f29sP,606A@B,Evolve M2
10:2b:aa:50:92:44,2026-08-04 11:16:11,NxAdYxekQZxahxWUdflx3oODft9AoCVH,The Berkley Las Vegas (MVM784) 006Ql00000f29sP,1401A@B,Evolve M2
10:2b:aa:50:2e:39,2026-08-04 11:16:11,NxAdYxekQZxahxWUdflx3oODft9AoCVH,The Berkley Las Vegas (MVM784) 006Ql00000f29sP,611A@L,Evolve M2
10:2b:aa:50:91:33,2026-08-04 11:16:09,NxAdYxekQZxahxWUdflx3oODft9AoCVH,The Berkley Las Vegas (MVM784) 006Ql00000f29sP,1512B@B,Evolve M2
10:2b:aa:50:35:bc,2026-08-04 11:16:04,NxAdYxekQZxahxWUdflx3oODft9AoCVH,The Berkley Las Vegas (MVM784) 006Ql00000f29sP,603B@L,Evolve M2
10:2b:aa:50:37:1e,2026-08-04 11:16:04,NxAdYxekQZxahxWUdflx3oODft9AoCVH,The Berkley Las Vegas (MVM784) 006Ql00000f29sP,1606A@L,Evolve M2
10:2b:aa:50:03:e8,2026-08-04 11:16:02,NxAdYxekQZxahxWUdflx3oODft9AoCVH,The Berkley Las Vegas (MVM784) 006Ql00000f29sP,708B@B,Evolve M2
10:2b:aa:50:34:ba,2026-08-04 11:16:00,NxAdYxekQZxahxWUdflx3oODft9AoCVH,The Berkley Las Vegas (MVM784) 006Ql00000f29sP,1009A@B,Evolve M2
10:2b:aa:50:8f:17,2026-08-04 11:15:58,NxAdYxekQZxahxWUdflx3oODft9AoCVH,The Berkley Las Vegas (MVM784) 006Ql00000f29sP,802B@B,Evolve M2
10:2b:aa:50:04:66,2026-08-04 11:15:58,NxAdYxekQZxahxWUdflx3oODft9AoCVH,The Berkley Las Vegas (MVM784) 006Ql00000f29sP,1703A@B,Evolve M2
10:2b:aa:50:92:1a,2026-08-04 11:15:57,NxAdYxekQZxahxWUdflx3oODft9AoCVH,The Berkley Las Vegas (MVM784) 006Ql00000f29sP,1711A@L,Evolve M2
10:2b:aa:50:2e:e4,2026-08-04 11:15:57,NxAdYxekQZxahxWUdflx3oODft9AoCVH,The Berkley Las Vegas (MVM784) 006Ql00000f29sP,1106B@L,Evolve M2
10:2b:aa:50:91:bd,2026-08-04 11:15:57,NxAdYxekQZxahxWUdflx3oODft9AoCVH,The Berkley Las Vegas (MVM784) 006Ql00000f29sP,1404A@L,Evolve M2
10:2b:aa:50:31:d2,2026-08-04 11:15:57,NxAdYxekQZxahxWUdflx3oODft9AoCVH,The Berkley Las Vegas (MVM784) 006Ql00000f29sP,703B@L,Evolve M2
10:2b:aa:50:2e:c6,2026-08-04 11:15:55,NxAdYxekQZxahxWUdflx3oODft9AoCVH,The Berkley Las Vegas (MVM784) 006Ql00000f29sP,1107B@L,Evolve M2
10:2b:aa:50:33:3d,2026-08-04 11:15:53,NxAdYxekQZxahxWUdflx3oODft9AoCVH,The Berkley Las Vegas (MVM784) 006Ql00000f29sP,1412A@L,Evolve M2
10:2b:aa:51:e8:c6,2026-08-04 11:15:52,NxAdYxekQZxahxWUdflx3oODft9AoCVH,The Berkley Las Vegas (MVM784) 006Ql00000f29sP,506B@B,Evolve M2
10:2b:aa:50:90:8b,2026-08-04 11:15:52,NxAdYxekQZxahxWUdflx3oODft9AoCVH,The Berkley Las Vegas (MVM784) 006Ql00000f29sP,506A@B,Evolve M2
10:2b:aa:50:3b:7d,2026-08-04 11:15:51,NxAdYxekQZxahxWUdflx3oODft9AoCVH,The Berkley Las Vegas (MVM784) 006Ql00000f29sP,405B@L,Evolve M2
10:2b:aa:50:2f:b6,2026-08-04 11:15:49,NxAdYxekQZxahxWUdflx3oODft9AoCVH,The Berkley Las Vegas (MVM784) 006Ql00000f29sP,1609B@L,Evolve M2
10:2b:aa:51:e8:09,2026-08-04 11:15:48,NxAdYxekQZxahxWUdflx3oODft9AoCVH,The Berkley Las Vegas (MVM784) 006Ql00000f29sP,503B@L,Evolve M2
10:2b:aa:50:3d:78,2026-08-04 11:15:47,NxAdYxekQZxahxWUdflx3oODft9AoCVH,The Berkley Las Vegas (MVM784) 006Ql00000f29sP,206B@B,Evolve M2
10:2b:aa:50:8d:a0,2026-08-04 11:15:45,NxAdYxekQZxahxWUdflx3oODft9AoCVH,The Berkley Las Vegas (MVM784) 006Ql00000f29sP,404A@B,Evolve M2
10:2b:aa:50:32:c5,2026-08-04 11:15:45,NxAdYxekQZxahxWUdflx3oODft9AoCVH,The Berkley Las Vegas (MVM784) 006Ql00000f29sP,805B@B,Evolve M2
10:2b:aa:51:e9:74,2026-08-04 11:15:44,NxAdYxekQZxahxWUdflx3oODft9AoCVH,The Berkley Las Vegas (MVM784) 006Ql00000f29sP,1102A@B,Evolve M2
10:2b:aa:51:ea:73,2026-08-04 11:15:44,NxAdYxekQZxahxWUdflx3oODft9AoCVH,The Berkley Las Vegas (MVM784) 006Ql00000f29sP,505A@L,Evolve M2
10:2b:aa:50:35:b6,2026-08-04 11:15:44,NxAdYxekQZxahxWUdflx3oODft9AoCVH,The Berkley Las Vegas (MVM784) 006Ql00000f29sP,1401S@B,Evolve M2
10:2b:aa:50:90:e8,2026-08-04 11:15:39,NxAdYxekQZxahxWUdflx3oODft9AoCVH,The Berkley Las Vegas (MVM784) 006Ql00000f29sP,1504@B,Evolve M2
10:2b:aa:50:2d:3d,2026-08-04 11:15:37,NxAdYxekQZxahxWUdflx3oODft9AoCVH,The Berkley Las Vegas (MVM784) 006Ql00000f29sP,1010B@B,Evolve M2
10:2b:aa:50:3c:97,2026-08-04 11:15:36,NxAdYxekQZxahxWUdflx3oODft9AoCVH,The Berkley Las Vegas (MVM784) 006Ql00000f29sP,209A@B,Evolve M2
10:2b:aa:50:91:c6,2026-08-04 11:15:34,NxAdYxekQZxahxWUdflx3oODft9AoCVH,The Berkley Las Vegas (MVM784) 006Ql00000f29sP,1702B@L,Evolve M2
10:2b:aa:50:2d:76,2026-08-04 11:15:34,NxAdYxekQZxahxWUdflx3oODft9AoCVH,The Berkley Las Vegas (MVM784) 006Ql00000f29sP,806B@L,Evolve M2
10:2b:aa:50:35:74,2026-08-04 11:15:33,NxAdYxekQZxahxWUdflx3oODft9AoCVH,The Berkley Las Vegas (MVM784) 006Ql00000f29sP,401B@L,Evolve M2
10:2b:aa:50:04:d2,2026-08-04 11:15:31,NxAdYxekQZxahxWUdflx3oODft9AoCVH,The Berkley Las Vegas (MVM784) 006Ql00000f29sP,1710B@L,Evolve M2
10:2b:aa:50:37:e1,2026-08-04 11:15:30,NxAdYxekQZxahxWUdflx3oODft9AoCVH,The Berkley Las Vegas (MVM784) 006Ql00000f29sP,904B@B,Evolve M2
10:2b:aa:50:33:df,2026-08-04 11:15:29,NxAdYxekQZxahxWUdflx3oODft9AoCVH,The Berkley Las Vegas (MVM784) 006Ql00000f29sP,201A@B,Evolve M2
10:2b:aa:50:8e:2a,2026-08-04 11:15:27,NxAdYxekQZxahxWUdflx3oODft9AoCVH,The Berkley Las Vegas (MVM784) 006Ql00000f29sP,1706A@L,Evolve M2
68:ab:a9:f8:51:d8,2026-08-04 11:15:27,NxAdYxekQZxahxWUdflx3oODft9AoCVH,The Berkley Las Vegas (MVM784) 006Ql00000f29sP,1809A@L,Evolve M2
10:2b:aa:50:35:05,2026-08-04 11:15:27,NxAdYxekQZxahxWUdflx3oODft9AoCVH,The Berkley Las Vegas (MVM784) 006Ql00000f29sP,407A@L,Evolve M2
10:2b:aa:50:91:d2,2026-08-04 11:15:21,NxAdYxekQZxahxWUdflx3oODft9AoCVH,The Berkley Las Vegas (MVM784) 006Ql00000f29sP,1104B@L,Evolve M2
10:2b:aa:50:3b:32,2026-08-04 11:15:21,NxAdYxekQZxahxWUdflx3oODft9AoCVH,The Berkley Las Vegas (MVM784) 006Ql00000f29sP,1204B@L,Evolve M2
68:ab:a9:fb:4c:b8,2026-08-04 11:15:21,NxAdYxekQZxahxWUdflx3oODft9AoCVH,The Berkley Las Vegas (MVM784) 006Ql00000f29sP,1509B@L,Evolve M2
10:2b:aa:50:3e:c2,2026-08-04 11:15:17,NxAdYxekQZxahxWUdflx3oODft9AoCVH,The Berkley Las Vegas (MVM784) 006Ql00000f29sP,1711A@B,Evolve M2
10:2b:aa:50:8f:c5,2026-08-04 11:15:17,NxAdYxekQZxahxWUdflx3oODft9AoCVH,The Berkley Las Vegas (MVM784) 006Ql00000f29sP,1506B@L,Evolve M2
10:2b:aa:50:35:e9,2026-08-04 11:15:16,NxAdYxekQZxahxWUdflx3oODft9AoCVH,The Berkley Las Vegas (MVM784) 006Ql00000f29sP,508A@L,Evolve M2
10:2b:aa:50:3b:ec,2026-08-04 11:15:15,NxAdYxekQZxahxWUdflx3oODft9AoCVH,The Berkley Las Vegas (MVM784) 006Ql00000f29sP,103B@L,Evolve M2
10:2b:aa:50:8f:7d,2026-08-04 11:15:14,NxAdYxekQZxahxWUdflx3oODft9AoCVH,The Berkley Las Vegas (MVM784) 006Ql00000f29sP,211A@L,Evolve M2
10:2b:aa:50:36:bb,2026-08-04 11:15:14,NxAdYxekQZxahxWUdflx3oODft9AoCVH,The Berkley Las Vegas (MVM784) 006Ql00000f29sP,1210A@B,Evolve M2
10:2b:aa:50:3f:a0,2026-08-04 11:15:13,NxAdYxekQZxahxWUdflx3oODft9AoCVH,The Berkley Las Vegas (MVM784) 006Ql00000f29sP,312B@B,Evolve M2
10:2b:aa:50:2e:90,2026-08-04 11:15:13,NxAdYxekQZxahxWUdflx3oODft9AoCVH,The Berkley Las Vegas (MVM784) 006Ql00000f29sP,1607A@L,Evolve M2
10:2b:aa:50:39:c4,2026-08-04 11:15:12,NxAdYxekQZxahxWUdflx3oODft9AoCVH,The Berkley Las Vegas (MVM784) 006Ql00000f29sP,802B@L,Evolve M2
10:2b:aa:50:91:96,2026-08-04 11:15:09,NxAdYxekQZxahxWUdflx3oODft9AoCVH,The Berkley Las Vegas (MVM784) 006Ql00000f29sP,1702B@B,Evolve M2
10:2b:aa:50:3a:4e,2026-08-04 11:15:08,NxAdYxekQZxahxWUdflx3oODft9AoCVH,The Berkley Las Vegas (MVM784) 006Ql00000f29sP,1010A@B,Evolve M2
10:2b:aa:51:ea:cd,2026-08-04 11:15:08,NxAdYxekQZxahxWUdflx3oODft9AoCVH,The Berkley Las Vegas (MVM784) 006Ql00000f29sP,1105A@L,Evolve M2
10:2b:aa:50:36:5b,2026-08-04 11:15:08,NxAdYxekQZxahxWUdflx3oODft9AoCVH,The Berkley Las Vegas (MVM784) 006Ql00000f29sP,605B@B,Evolve M2
10:2b:aa:50:35:4d,2026-08-04 11:15:07,NxAdYxekQZxahxWUdflx3oODft9AoCVH,The Berkley Las Vegas (MVM784) 006Ql00000f29sP,403A@L,Evolve M2
10:2b:aa:51:ea:d3,2026-08-04 11:15:07,NxAdYxekQZxahxWUdflx3oODft9AoCVH,The Berkley Las Vegas (MVM784) 006Ql00000f29sP,1410A@L,Evolve M2
10:2b:aa:50:2d:61,2026-08-04 11:15:07,NxAdYxekQZxahxWUdflx3oODft9AoCVH,The Berkley Las Vegas (MVM784) 006Ql00000f29sP,1502A@B,Evolve M2
10:2b:aa:50:36:4c,2026-08-04 11:15:07,NxAdYxekQZxahxWUdflx3oODft9AoCVH,The Berkley Las Vegas (MVM784) 006Ql00000f29sP,1008B@L,Evolve M2
10:2b:aa:50:8f:4d,2026-08-04 11:15:06,NxAdYxekQZxahxWUdflx3oODft9AoCVH,The Berkley Las Vegas (MVM784) 006Ql00000f29sP,604A@B,Evolve M2
10:2b:aa:50:90:6a,2026-08-04 11:15:06,NxAdYxekQZxahxWUdflx3oODft9AoCVH,The Berkley Las Vegas (MVM784) 006Ql00000f29sP,1104A@L,Evolve M2
10:2b:aa:50:33:ac,2026-08-04 11:15:05,NxAdYxekQZxahxWUdflx3oODft9AoCVH,The Berkley Las Vegas (MVM784) 006Ql00000f29sP,203A@L,Evolve M2
10:2b:aa:50:3c:8e,2026-08-04 11:15:05,NxAdYxekQZxahxWUdflx3oODft9AoCVH,The Berkley Las Vegas (MVM784) 006Ql00000f29sP,305A@L,Evolve M2
10:2b:aa:50:39:0d,2026-08-04 11:15:04,NxAdYxekQZxahxWUdflx3oODft9AoCVH,The Berkley Las Vegas (MVM784) 006Ql00000f29sP,302A@L,Evolve M2
10:2b:aa:50:34:4b,2026-08-04 11:15:04,NxAdYxekQZxahxWUdflx3oODft9AoCVH,The Berkley Las Vegas (MVM784) 006Ql00000f29sP,302B@L,Evolve M2
10:2b:aa:50:38:ef,2026-08-04 11:15:04,NxAdYxekQZxahxWUdflx3oODft9AoCVH,The Berkley Las Vegas (MVM784) 006Ql00000f29sP,401S@B,Evolve M2
10:2b:aa:50:03:f4,2026-08-04 11:15:01,NxAdYxekQZxahxWUdflx3oODft9AoCVH,The Berkley Las Vegas (MVM784) 006Ql00000f29sP,811B,Evolve M2
10:2b:aa:50:8e:09,2026-08-04 11:15:01,NxAdYxekQZxahxWUdflx3oODft9AoCVH,The Berkley Las Vegas (MVM784) 006Ql00000f29sP,1409B@L,Evolve M2
10:2b:aa:50:30:c7,2026-08-04 11:15:01,NxAdYxekQZxahxWUdflx3oODft9AoCVH,The Berkley Las Vegas (MVM784) 006Ql00000f29sP,1204B@B,Evolve M2
10:2b:aa:50:8d:e8,2026-08-04 11:15:00,NxAdYxekQZxahxWUdflx3oODft9AoCVH,The Berkley Las Vegas (MVM784) 006Ql00000f29sP,1211B@L,Evolve M2
10:2b:aa:50:33:b8,2026-08-04 11:15:00,NxAdYxekQZxahxWUdflx3oODft9AoCVH,The Berkley Las Vegas (MVM784) 006Ql00000f29sP,608B@L,Evolve M2
