Device ID,Timestamp (AST - America/Anguilla (UTC-04:00)),Site ID,Site Name,Room Number,Device Type
64:18:df:74:5c:66,2026-08-04 03:59:59,E8X6iojo46RFyYc5zaAI4n7RYMR6jJXK,MVM783 - The Grandview at Las Vegas,4307A,Evolve M2
68:ab:a9:fc:55:6f,2026-08-04 03:59:59,E8X6iojo46RFyYc5zaAI4n7RYMR6jJXK,MVM783 - The Grandview at Las Vegas,3602B,Evolve M2
10:2b:aa:51:f4:18,2026-08-04 03:59:59,E8X6iojo46RFyYc5zaAI4n7RYMR6jJXK,MVM783 - The Grandview at Las Vegas,3308A,Evolve M2
10:2b:aa:51:5f:b2,2026-08-04 03:59:58,E8X6iojo46RFyYc5zaAI4n7RYMR6jJXK,MVM783 - The Grandview at Las Vegas,4203A,Evolve M2
10:2b:aa:51:4c:d1,2026-08-04 03:59:58,E8X6iojo46RFyYc5zaAI4n7RYMR6jJXK,MVM783 - The Grandview at Las Vegas,5705B,Evolve M2
10:2b:aa:51:60:90,2026-08-04 03:59:58,E8X6iojo46RFyYc5zaAI4n7RYMR6jJXK,MVM783 - The Grandview at Las Vegas,61608A,Evolve M2
10:2b:aa:51:5d:f9,2026-08-04 03:59:58,E8X6iojo46RFyYc5zaAI4n7RYMR6jJXK,MVM783 - The Grandview at Las Vegas,61201A,Evolve M2
10:2b:aa:51:fe:1d,2026-08-04 03:59:58,E8X6iojo46RFyYc5zaAI4n7RYMR6jJXK,MVM783 - The Grandview at Las Vegas,1903B,Evolve M2
10:2b:aa:51:69:81,2026-08-04 03:59:57,E8X6iojo46RFyYc5zaAI4n7RYMR6jJXK,MVM783 - The Grandview at Las Vegas,61210A,Evolve M2
10:2b:aa:51:f5:11,2026-08-04 03:59:57,E8X6iojo46RFyYc5zaAI4n7RYMR6jJXK,MVM783 - The Grandview at Las Vegas,81101B,Evolve M2
64:18:df:74:2c:24,2026-08-04 03:59:57,E8X6iojo46RFyYc5zaAI4n7RYMR6jJXK,MVM783 - The Grandview at Las Vegas,61810A,Evolve M2
68:ab:a9:fa:6d:b9,2026-08-04 03:59:57,E8X6iojo46RFyYc5zaAI4n7RYMR6jJXK,MVM783 - The Grandview at Las Vegas,6402B,Evolve M2
68:ab:a9:fb:d6:fe,2026-08-04 03:59:57,E8X6iojo46RFyYc5zaAI4n7RYMR6jJXK,MVM783 - The Grandview at Las Vegas,8201A,Evolve M2
10:2b:aa:51:63:ba,2026-08-04 03:59:56,E8X6iojo46RFyYc5zaAI4n7RYMR6jJXK,MVM783 - The Grandview at Las Vegas,3401A,Evolve M2
64:18:df:74:1a:b4,2026-08-04 03:59:56,E8X6iojo46RFyYc5zaAI4n7RYMR6jJXK,MVM783 - The Grandview at Las Vegas,42109B,Evolve M2
10:2b:aa:51:6b:61,2026-08-04 03:59:56,E8X6iojo46RFyYc5zaAI4n7RYMR6jJXK,MVM783 - The Grandview at Las Vegas,3504A,Evolve M2
68:ab:a9:fe:f8:bb,2026-08-04 03:59:56,E8X6iojo46RFyYc5zaAI4n7RYMR6jJXK,MVM783 - The Grandview at Las Vegas,8204A,Evolve M2
10:2b:aa:51:fe:4d,2026-08-04 03:59:56,E8X6iojo46RFyYc5zaAI4n7RYMR6jJXK,MVM783 - The Grandview at Las Vegas,2905B,Evolve M2
64:18:df:74:29:58,2026-08-04 03:59:55,E8X6iojo46RFyYc5zaAI4n7RYMR6jJXK,MVM783 - The Grandview at Las Vegas,6202A,Evolve M2
10:2b:aa:52:65:67,2026-08-04 03:59:55,E8X6iojo46RFyYc5zaAI4n7RYMR6jJXK,MVM783 - The Grandview at Las Vegas,2601B,Evolve M2
64:18:df:74:0b:b8,2026-08-04 03:59:55,E8X6iojo46RFyYc5zaAI4n7RYMR6jJXK,MVM783 - The Grandview at Las Vegas,5910B,Evolve M2
10:2b:aa:51:6a:59,2026-08-04 03:59:55,E8X6iojo46RFyYc5zaAI4n7RYMR6jJXK,MVM783 - The Grandview at Las Vegas,9910B,Evolve M2
10:2b:aa:51:69:12,2026-08-04 03:59:55,E8X6iojo46RFyYc5zaAI4n7RYMR6jJXK,MVM783 - The Grandview at Las Vegas,41509B,Evolve M2
68:ab:a9:fc:0d:ef,2026-08-04 03:59:55,E8X6iojo46RFyYc5zaAI4n7RYMR6jJXK,MVM783 - The Grandview at Las Vegas,62010B,Evolve M2
68:ab:a9:fe:65:05,2026-08-04 03:59:54,E8X6iojo46RFyYc5zaAI4n7RYMR6jJXK,MVM783 - The Grandview at Las Vegas,6607A,Evolve M2
68:ab:a9:fe:37:07,2026-08-04 03:59:54,E8X6iojo46RFyYc5zaAI4n7RYMR6jJXK,MVM783 - The Grandview at Las Vegas,51603B,Evolve M2
68:ab:a9:fc:2c:0c,2026-08-04 03:59:54,E8X6iojo46RFyYc5zaAI4n7RYMR6jJXK,MVM783 - The Grandview at Las Vegas,8104A,Evolve M2
64:18:df:73:e2:87,2026-08-04 03:59:54,E8X6iojo46RFyYc5zaAI4n7RYMR6jJXK,MVM783 - The Grandview at Las Vegas,61006A,Evolve M2
10:2b:aa:51:4e:81,2026-08-04 03:59:53,E8X6iojo46RFyYc5zaAI4n7RYMR6jJXK,MVM783 - The Grandview at Las Vegas,4502A,Evolve M2
10:2b:aa:51:f9:d0,2026-08-04 03:59:52,E8X6iojo46RFyYc5zaAI4n7RYMR6jJXK,MVM783 - The Grandview at Las Vegas,9603B,Evolve M2
68:ab:a9:fb:d8:86,2026-08-04 03:59:52,E8X6iojo46RFyYc5zaAI4n7RYMR6jJXK,MVM783 - The Grandview at Las Vegas,8203B,Evolve M2
68:ab:a9:f9:3c:bc,2026-08-04 03:59:52,E8X6iojo46RFyYc5zaAI4n7RYMR6jJXK,MVM783 - The Grandview at Las Vegas,3210A,Evolve M2
10:2b:aa:50:b0:44,2026-08-04 03:59:52,E8X6iojo46RFyYc5zaAI4n7RYMR6jJXK,MVM783 - The Grandview at Las Vegas,91005B,Evolve M2
64:18:df:74:05:44,2026-08-04 03:59:51,E8X6iojo46RFyYc5zaAI4n7RYMR6jJXK,MVM783 - The Grandview at Las Vegas,52001B,Evolve M2
68:ab:a9:fe:c2:0b,2026-08-04 03:59:51,E8X6iojo46RFyYc5zaAI4n7RYMR6jJXK,MVM783 - The Grandview at Las Vegas,8507A,Evolve M2
10:2b:aa:51:63:d5,2026-08-04 03:59:51,E8X6iojo46RFyYc5zaAI4n7RYMR6jJXK,MVM783 - The Grandview at Las Vegas,5802A,Evolve M2
10:2b:aa:50:93:a3,2026-08-04 03:59:51,E8X6iojo46RFyYc5zaAI4n7RYMR6jJXK,MVM783 - The Grandview at Las Vegas,81208B,Evolve M2
68:ab:a9:f8:24:6f,2026-08-04 03:59:51,E8X6iojo46RFyYc5zaAI4n7RYMR6jJXK,MVM783 - The Grandview at Las Vegas,2108B,Evolve M2
10:2b:aa:51:6b:07,2026-08-04 03:59:50,E8X6iojo46RFyYc5zaAI4n7RYMR6jJXK,MVM783 - The Grandview at Las Vegas,6504B,Evolve M2
10:2b:aa:51:52:a1,2026-08-04 03:59:50,E8X6iojo46RFyYc5zaAI4n7RYMR6jJXK,MVM783 - The Grandview at Las Vegas,41707A,Evolve M2
10:2b:aa:52:68:8b,2026-08-04 03:59:50,E8X6iojo46RFyYc5zaAI4n7RYMR6jJXK,MVM783 - The Grandview at Las Vegas,9810A,Evolve M2
68:ab:a9:fe:f5:b5,2026-08-04 03:59:50,E8X6iojo46RFyYc5zaAI4n7RYMR6jJXK,MVM783 - The Grandview at Las Vegas,81106B,Evolve M2
64:18:df:74:6c:a4,2026-08-04 03:59:50,E8X6iojo46RFyYc5zaAI4n7RYMR6jJXK,MVM783 - The Grandview at Las Vegas,42010B,Evolve M2
68:ab:a9:f8:12:2f,2026-08-04 03:59:50,E8X6iojo46RFyYc5zaAI4n7RYMR6jJXK,MVM783 - The Grandview at Las Vegas,1305A@B,Evolve M2
68:ab:a9:f8:e0:c8,2026-08-04 03:59:50,E8X6iojo46RFyYc5zaAI4n7RYMR6jJXK,MVM783 - The Grandview at Las Vegas,11006B,Evolve M2
68:ab:a9:fe:b6:27,2026-08-04 03:59:49,E8X6iojo46RFyYc5zaAI4n7RYMR6jJXK,MVM783 - The Grandview at Las Vegas,41006A,Evolve M2
10:2b:aa:51:52:80,2026-08-04 03:59:49,E8X6iojo46RFyYc5zaAI4n7RYMR6jJXK,MVM783 - The Grandview at Las Vegas,51110B,Evolve M2
10:2b:aa:51:fe:8f,2026-08-04 03:59:49,E8X6iojo46RFyYc5zaAI4n7RYMR6jJXK,MVM783 - The Grandview at Las Vegas,8908B,Evolve M2
68:ab:a9:fe:e1:d7,2026-08-04 03:59:49,E8X6iojo46RFyYc5zaAI4n7RYMR6jJXK,MVM783 - The Grandview at Las Vegas,41208A,Evolve M2
68:ab:a9:fa:1c:06,2026-08-04 03:59:48,E8X6iojo46RFyYc5zaAI4n7RYMR6jJXK,MVM783 - The Grandview at Las Vegas,2207A,Evolve M2
64:18:df:73:c8:ea,2026-08-04 03:59:48,E8X6iojo46RFyYc5zaAI4n7RYMR6jJXK,MVM783 - The Grandview at Las Vegas,31010A,Evolve M2
68:ab:a9:fe:3b:c0,2026-08-04 03:59:48,E8X6iojo46RFyYc5zaAI4n7RYMR6jJXK,MVM783 - The Grandview at Las Vegas,42106A,Evolve M2
68:ab:a9:f8:85:4d,2026-08-04 03:59:48,E8X6iojo46RFyYc5zaAI4n7RYMR6jJXK,MVM783 - The Grandview at Las Vegas,8108B,Evolve M2
68:ab:a9:fc:8b:9b,2026-08-04 03:59:47,E8X6iojo46RFyYc5zaAI4n7RYMR6jJXK,MVM783 - The Grandview at Las Vegas,81004B,Evolve M2
10:2b:aa:51:f7:03,2026-08-04 03:59:47,E8X6iojo46RFyYc5zaAI4n7RYMR6jJXK,MVM783 - The Grandview at Las Vegas,2406B,Evolve M2
68:ab:a9:fe:a2:c9,2026-08-04 03:59:46,E8X6iojo46RFyYc5zaAI4n7RYMR6jJXK,MVM783 - The Grandview at Las Vegas,3610A,Evolve M2
64:18:df:73:ab:03,2026-08-04 03:59:46,E8X6iojo46RFyYc5zaAI4n7RYMR6jJXK,MVM783 - The Grandview at Las Vegas,61101A,Evolve M2
10:2b:aa:51:4f:71,2026-08-04 03:59:46,E8X6iojo46RFyYc5zaAI4n7RYMR6jJXK,MVM783 - The Grandview at Las Vegas,5610B,Evolve M2
10:2b:aa:51:4a:3a,2026-08-04 03:59:46,E8X6iojo46RFyYc5zaAI4n7RYMR6jJXK,MVM783 - The Grandview at Las Vegas,51202B,Evolve M2
10:2b:aa:51:52:35,2026-08-04 03:59:45,E8X6iojo46RFyYc5zaAI4n7RYMR6jJXK,MVM783 - The Grandview at Las Vegas,51207B,Evolve M2
10:2b:aa:51:5b:74,2026-08-04 03:59:45,E8X6iojo46RFyYc5zaAI4n7RYMR6jJXK,MVM783 - The Grandview at Las Vegas,51701B,Evolve M2
64:18:df:74:6b:3b,2026-08-04 03:59:45,E8X6iojo46RFyYc5zaAI4n7RYMR6jJXK,MVM783 - The Grandview at Las Vegas,4108A,Evolve M2
68:ab:a9:f8:c2:49,2026-08-04 03:59:45,E8X6iojo46RFyYc5zaAI4n7RYMR6jJXK,MVM783 - The Grandview at Las Vegas,9402B,Evolve M2
68:ab:a9:f7:c3:8d,2026-08-04 03:59:45,E8X6iojo46RFyYc5zaAI4n7RYMR6jJXK,MVM783 - The Grandview at Las Vegas,908A,Evolve M2
10:2b:aa:51:53:a9,2026-08-04 03:59:45,E8X6iojo46RFyYc5zaAI4n7RYMR6jJXK,MVM783 - The Grandview at Las Vegas,4701A,Evolve M2
68:ab:a9:f7:b7:24,2026-08-04 03:59:45,E8X6iojo46RFyYc5zaAI4n7RYMR6jJXK,MVM783 - The Grandview at Las Vegas,8202B,Evolve M2
10:2b:aa:51:56:f4,2026-08-04 03:59:45,E8X6iojo46RFyYc5zaAI4n7RYMR6jJXK,MVM783 - The Grandview at Las Vegas,51907A,Evolve M2
64:18:df:74:87:bf,2026-08-04 03:59:45,E8X6iojo46RFyYc5zaAI4n7RYMR6jJXK,MVM783 - The Grandview at Las Vegas,4308B,Evolve M2
68:ab:a9:fb:3f:a5,2026-08-04 03:59:44,E8X6iojo46RFyYc5zaAI4n7RYMR6jJXK,MVM783 - The Grandview at Las Vegas,4403B,Evolve M2
64:18:df:73:a3:e9,2026-08-04 03:59:44,E8X6iojo46RFyYc5zaAI4n7RYMR6jJXK,MVM783 - The Grandview at Las Vegas,41205A,Evolve M2
10:2b:aa:51:51:db,2026-08-04 03:59:44,E8X6iojo46RFyYc5zaAI4n7RYMR6jJXK,MVM783 - The Grandview at Las Vegas,6107A,Evolve M2
68:ab:a9:fc:00:d5,2026-08-04 03:59:44,E8X6iojo46RFyYc5zaAI4n7RYMR6jJXK,MVM783 - The Grandview at Las Vegas,1305A@L,Evolve M2
10:2b:aa:51:64:1d,2026-08-04 03:59:44,E8X6iojo46RFyYc5zaAI4n7RYMR6jJXK,MVM783 - The Grandview at Las Vegas,5806A,Evolve M2
64:18:df:73:c0:ff,2026-08-04 03:59:43,E8X6iojo46RFyYc5zaAI4n7RYMR6jJXK,MVM783 - The Grandview at Las Vegas,51806B,Evolve M2
64:18:df:74:1b:40,2026-08-04 03:59:43,E8X6iojo46RFyYc5zaAI4n7RYMR6jJXK,MVM783 - The Grandview at Las Vegas,6206A,Evolve M2
68:ab:a9:fe:4f:13,2026-08-04 03:59:43,E8X6iojo46RFyYc5zaAI4n7RYMR6jJXK,MVM783 - The Grandview at Las Vegas,61003B,Evolve M2
10:2b:aa:51:6a:3b,2026-08-04 03:59:43,E8X6iojo46RFyYc5zaAI4n7RYMR6jJXK,MVM783 - The Grandview at Las Vegas,41504B,Evolve M2
68:ab:a9:fc:3b:56,2026-08-04 03:59:42,E8X6iojo46RFyYc5zaAI4n7RYMR6jJXK,MVM783 - The Grandview at Las Vegas,3903B,Evolve M2
10:2b:aa:51:56:be,2026-08-04 03:59:42,E8X6iojo46RFyYc5zaAI4n7RYMR6jJXK,MVM783 - The Grandview at Las Vegas,6707B,Evolve M2
68:ab:a9:fe:f2:ac,2026-08-04 03:59:42,E8X6iojo46RFyYc5zaAI4n7RYMR6jJXK,MVM783 - The Grandview at Las Vegas,6601B,Evolve M2
68:ab:a9:fb:19:f6,2026-08-04 03:59:42,E8X6iojo46RFyYc5zaAI4n7RYMR6jJXK,MVM783 - The Grandview at Las Vegas,4104B,Evolve M2
10:2b:aa:51:4c:ad,2026-08-04 03:59:41,E8X6iojo46RFyYc5zaAI4n7RYMR6jJXK,MVM783 - The Grandview at Las Vegas,61705B,Evolve M2
10:2b:aa:51:fc:9a,2026-08-04 03:59:41,E8X6iojo46RFyYc5zaAI4n7RYMR6jJXK,MVM783 - The Grandview at Las Vegas,2503A,Evolve M2
68:ab:a9:fd:73:d8,2026-08-04 03:59:41,E8X6iojo46RFyYc5zaAI4n7RYMR6jJXK,MVM783 - The Grandview at Las Vegas,6607A,Evolve M2
10:2b:aa:51:f4:ff,2026-08-04 03:59:41,E8X6iojo46RFyYc5zaAI4n7RYMR6jJXK,MVM783 - The Grandview at Las Vegas,41510B,Evolve M2
10:2b:aa:51:fb:dd,2026-08-04 03:59:41,E8X6iojo46RFyYc5zaAI4n7RYMR6jJXK,MVM783 - The Grandview at Las Vegas,2503B,Evolve M2
68:ab:a9:f8:07:41,2026-08-04 03:59:41,E8X6iojo46RFyYc5zaAI4n7RYMR6jJXK,MVM783 - The Grandview at Las Vegas,3202B,Evolve M2
68:ab:a9:ff:07:3f,2026-08-04 03:59:40,E8X6iojo46RFyYc5zaAI4n7RYMR6jJXK,MVM783 - The Grandview at Las Vegas,4702A,Evolve M2
10:2b:aa:51:f3:82,2026-08-04 03:59:40,E8X6iojo46RFyYc5zaAI4n7RYMR6jJXK,MVM783 - The Grandview at Las Vegas,8106B,Evolve M2
10:2b:aa:51:5f:ac,2026-08-04 03:59:40,E8X6iojo46RFyYc5zaAI4n7RYMR6jJXK,MVM783 - The Grandview at Las Vegas,4203A,Evolve M2
68:ab:a9:fb:d2:71,2026-08-04 03:59:39,E8X6iojo46RFyYc5zaAI4n7RYMR6jJXK,MVM783 - The Grandview at Las Vegas,1605B,Evolve M2
10:2b:aa:51:67:f8,2026-08-04 03:59:39,E8X6iojo46RFyYc5zaAI4n7RYMR6jJXK,MVM783 - The Grandview at Las Vegas,91001B,Evolve M2
10:2b:aa:51:6d:74,2026-08-04 03:59:39,E8X6iojo46RFyYc5zaAI4n7RYMR6jJXK,MVM783 - The Grandview at Las Vegas,4105A,Evolve M2
10:2b:aa:51:63:ab,2026-08-04 03:59:39,E8X6iojo46RFyYc5zaAI4n7RYMR6jJXK,MVM783 - The Grandview at Las Vegas,3409A,Evolve M2
68:ab:a9:fc:32:8e,2026-08-04 03:59:39,E8X6iojo46RFyYc5zaAI4n7RYMR6jJXK,MVM783 - The Grandview at Las Vegas,8105A,Evolve M2
10:2b:aa:51:65:40,2026-08-04 03:59:38,E8X6iojo46RFyYc5zaAI4n7RYMR6jJXK,MVM783 - The Grandview at Las Vegas,41806B,Evolve M2
10:2b:aa:51:5a:18,2026-08-04 03:59:38,E8X6iojo46RFyYc5zaAI4n7RYMR6jJXK,MVM783 - The Grandview at Las Vegas,3906A,Evolve M2
10:2b:aa:51:54:60,2026-08-04 03:59:38,E8X6iojo46RFyYc5zaAI4n7RYMR6jJXK,MVM783 - The Grandview at Las Vegas,5710B,Evolve M2
10:2b:aa:51:6d:4a,2026-08-04 03:59:38,E8X6iojo46RFyYc5zaAI4n7RYMR6jJXK,MVM783 - The Grandview at Las Vegas,91004A,Evolve M2
68:ab:a9:fe:fc:99,2026-08-04 03:59:38,E8X6iojo46RFyYc5zaAI4n7RYMR6jJXK,MVM783 - The Grandview at Las Vegas,1705A,Evolve M2
10:2b:aa:51:66:f6,2026-08-04 03:59:38,E8X6iojo46RFyYc5zaAI4n7RYMR6jJXK,MVM783 - The Grandview at Las Vegas,52108B,Evolve M2
68:ab:a9:fe:34:0a,2026-08-04 03:59:37,E8X6iojo46RFyYc5zaAI4n7RYMR6jJXK,MVM783 - The Grandview at Las Vegas,51403A,Evolve M2
68:ab:a9:fd:28:f7,2026-08-04 03:59:37,E8X6iojo46RFyYc5zaAI4n7RYMR6jJXK,MVM783 - The Grandview at Las Vegas,61403A,Evolve M2
68:ab:a9:fc:7d:31,2026-08-04 03:59:37,E8X6iojo46RFyYc5zaAI4n7RYMR6jJXK,MVM783 - The Grandview at Las Vegas,1604B@B,Evolve M2
68:ab:a9:fe:e4:cf,2026-08-04 03:59:37,E8X6iojo46RFyYc5zaAI4n7RYMR6jJXK,MVM783 - The Grandview at Las Vegas,9801A,Evolve M2
10:2b:aa:51:f7:1e,2026-08-04 03:59:37,E8X6iojo46RFyYc5zaAI4n7RYMR6jJXK,MVM783 - The Grandview at Las Vegas,8701B,Evolve M2
68:ab:a9:ff:07:27,2026-08-04 03:59:37,E8X6iojo46RFyYc5zaAI4n7RYMR6jJXK,MVM783 - The Grandview at Las Vegas,2608A,Evolve M2
68:ab:a9:fe:f0:e3,2026-08-04 03:59:37,E8X6iojo46RFyYc5zaAI4n7RYMR6jJXK,MVM783 - The Grandview at Las Vegas,6806B,Evolve M2
10:2b:aa:51:ff:82,2026-08-04 03:59:37,E8X6iojo46RFyYc5zaAI4n7RYMR6jJXK,MVM783 - The Grandview at Las Vegas,2802B,Evolve M2
64:18:df:74:28:4a,2026-08-04 03:59:37,E8X6iojo46RFyYc5zaAI4n7RYMR6jJXK,MVM783 - The Grandview at Las Vegas,41602A,Evolve M2
68:ab:a9:f8:d1:89,2026-08-04 03:59:37,E8X6iojo46RFyYc5zaAI4n7RYMR6jJXK,MVM783 - The Grandview at Las Vegas,11007B,Evolve M2
10:2b:aa:51:54:57,2026-08-04 03:59:36,E8X6iojo46RFyYc5zaAI4n7RYMR6jJXK,MVM783 - The Grandview at Las Vegas,4401B,Evolve M2
68:ab:a9:fe:72:2c,2026-08-04 03:59:36,E8X6iojo46RFyYc5zaAI4n7RYMR6jJXK,MVM783 - The Grandview at Las Vegas,9508B,Evolve M2
10:2b:aa:50:c3:58,2026-08-04 03:59:36,E8X6iojo46RFyYc5zaAI4n7RYMR6jJXK,MVM783 - The Grandview at Las Vegas,51110A,Evolve M2
68:ab:a9:ff:06:60,2026-08-04 03:59:36,E8X6iojo46RFyYc5zaAI4n7RYMR6jJXK,MVM783 - The Grandview at Las Vegas,9704A,Evolve M2
68:ab:a9:fc:e9:b2,2026-08-04 03:59:36,E8X6iojo46RFyYc5zaAI4n7RYMR6jJXK,MVM783 - The Grandview at Las Vegas,5508B,Evolve M2
68:ab:a9:fc:05:45,2026-08-04 03:59:35,E8X6iojo46RFyYc5zaAI4n7RYMR6jJXK,MVM783 - The Grandview at Las Vegas,9502B,Evolve M2
10:2b:aa:51:f7:0c,2026-08-04 03:59:35,E8X6iojo46RFyYc5zaAI4n7RYMR6jJXK,MVM783 - The Grandview at Las Vegas,8608B,Evolve M2
10:2b:aa:51:68:c7,2026-08-04 03:59:35,E8X6iojo46RFyYc5zaAI4n7RYMR6jJXK,MVM783 - The Grandview at Las Vegas,5902B,Evolve M2
68:ab:a9:fe:82:80,2026-08-04 03:59:34,E8X6iojo46RFyYc5zaAI4n7RYMR6jJXK,MVM783 - The Grandview at Las Vegas,9606B,Evolve M2
10:2b:aa:51:5e:53,2026-08-04 03:59:34,E8X6iojo46RFyYc5zaAI4n7RYMR6jJXK,MVM783 - The Grandview at Las Vegas,61601B,Evolve M2
10:2b:aa:51:65:61,2026-08-04 03:59:34,E8X6iojo46RFyYc5zaAI4n7RYMR6jJXK,MVM783 - The Grandview at Las Vegas,3508B,Evolve M2
10:2b:aa:51:61:a1,2026-08-04 03:59:34,E8X6iojo46RFyYc5zaAI4n7RYMR6jJXK,MVM783 - The Grandview at Las Vegas,51503B,Evolve M2
10:2b:aa:51:59:cd,2026-08-04 03:59:34,E8X6iojo46RFyYc5zaAI4n7RYMR6jJXK,MVM783 - The Grandview at Las Vegas,9509B,Evolve M2
68:ab:a9:fc:28:a3,2026-08-04 03:59:34,E8X6iojo46RFyYc5zaAI4n7RYMR6jJXK,MVM783 - The Grandview at Las Vegas,31210A,Evolve M2
68:ab:a9:fe:ec:ce,2026-08-04 03:59:34,E8X6iojo46RFyYc5zaAI4n7RYMR6jJXK,MVM783 - The Grandview at Las Vegas,1703B,Evolve M2
68:ab:a9:f8:34:47,2026-08-04 03:59:34,E8X6iojo46RFyYc5zaAI4n7RYMR6jJXK,MVM783 - The Grandview at Las Vegas,31208A,Evolve M2
64:18:df:74:6b:54,2026-08-04 03:59:34,E8X6iojo46RFyYc5zaAI4n7RYMR6jJXK,MVM783 - The Grandview at Las Vegas,4603A,Evolve M2
10:2b:aa:51:ff:c7,2026-08-04 03:59:34,E8X6iojo46RFyYc5zaAI4n7RYMR6jJXK,MVM783 - The Grandview at Las Vegas,2804A,Evolve M2
10:2b:aa:51:fe:b0,2026-08-04 03:59:33,E8X6iojo46RFyYc5zaAI4n7RYMR6jJXK,MVM783 - The Grandview at Las Vegas,41508A,Evolve M2
10:2b:aa:51:4d:43,2026-08-04 03:59:32,E8X6iojo46RFyYc5zaAI4n7RYMR6jJXK,MVM783 - The Grandview at Las Vegas,61810B,Evolve M2
10:2b:aa:51:51:51,2026-08-04 03:59:32,E8X6iojo46RFyYc5zaAI4n7RYMR6jJXK,MVM783 - The Grandview at Las Vegas,5404A,Evolve M2
68:ab:a9:fe:83:d1,2026-08-04 03:59:32,E8X6iojo46RFyYc5zaAI4n7RYMR6jJXK,MVM783 - The Grandview at Las Vegas,81205B,Evolve M2
10:2b:aa:51:f7:06,2026-08-04 03:59:32,E8X6iojo46RFyYc5zaAI4n7RYMR6jJXK,MVM783 - The Grandview at Las Vegas,21108A,Evolve M2
10:2b:aa:51:55:98,2026-08-04 03:59:32,E8X6iojo46RFyYc5zaAI4n7RYMR6jJXK,MVM783 - The Grandview at Las Vegas,6703A,Evolve M2
64:18:df:73:d6:93,2026-08-04 03:59:32,E8X6iojo46RFyYc5zaAI4n7RYMR6jJXK,MVM783 - The Grandview at Las Vegas,91201B,Evolve M2
68:ab:a9:ff:0a:84,2026-08-04 03:59:32,E8X6iojo46RFyYc5zaAI4n7RYMR6jJXK,MVM783 - The Grandview at Las Vegas,1808B@L,Evolve M2
68:ab:a9:fe:b6:ac,2026-08-04 03:59:32,E8X6iojo46RFyYc5zaAI4n7RYMR6jJXK,MVM783 - The Grandview at Las Vegas,3607B,Evolve M2
10:2b:aa:51:5f:cd,2026-08-04 03:59:31,E8X6iojo46RFyYc5zaAI4n7RYMR6jJXK,MVM783 - The Grandview at Las Vegas,61908B,Evolve M2
10:2b:aa:51:5c:bb,2026-08-04 03:59:31,E8X6iojo46RFyYc5zaAI4n7RYMR6jJXK,MVM783 - The Grandview at Las Vegas,5402B,Evolve M2
68:ab:a9:fe:c2:ff,2026-08-04 03:59:31,E8X6iojo46RFyYc5zaAI4n7RYMR6jJXK,MVM783 - The Grandview at Las Vegas,2205B,Evolve M2
64:18:df:73:f5:86,2026-08-04 03:59:31,E8X6iojo46RFyYc5zaAI4n7RYMR6jJXK,MVM783 - The Grandview at Las Vegas,5204A,Evolve M2
68:ab:a9:f8:8e:88,2026-08-04 03:59:31,E8X6iojo46RFyYc5zaAI4n7RYMR6jJXK,MVM783 - The Grandview at Las Vegas,3108B,Evolve M2
68:ab:a9:fe:fc:f6,2026-08-04 03:59:30,E8X6iojo46RFyYc5zaAI4n7RYMR6jJXK,MVM783 - The Grandview at Las Vegas,52102B,Evolve M2
68:ab:a9:fe:f4:ab,2026-08-04 03:59:29,E8X6iojo46RFyYc5zaAI4n7RYMR6jJXK,MVM783 - The Grandview at Las Vegas,8204B,Evolve M2
10:2b:aa:51:fa:5a,2026-08-04 03:59:29,E8X6iojo46RFyYc5zaAI4n7RYMR6jJXK,MVM783 - The Grandview at Las Vegas,9101A,Evolve M2
64:18:df:74:86:a8,2026-08-04 03:59:29,E8X6iojo46RFyYc5zaAI4n7RYMR6jJXK,MVM783 - The Grandview at Las Vegas,4901A,Evolve M2
10:2b:aa:51:57:de,2026-08-04 03:59:29,E8X6iojo46RFyYc5zaAI4n7RYMR6jJXK,MVM783 - The Grandview at Las Vegas,61904B,Evolve M2
68:ab:a9:fe:d5:38,2026-08-04 03:59:29,E8X6iojo46RFyYc5zaAI4n7RYMR6jJXK,MVM783 - The Grandview at Las Vegas,6708B,Evolve M2
10:2b:aa:51:f6:6d,2026-08-04 03:59:28,E8X6iojo46RFyYc5zaAI4n7RYMR6jJXK,MVM783 - The Grandview at Las Vegas,8608A,Evolve M2
10:2b:aa:51:5c:8e,2026-08-04 03:59:28,E8X6iojo46RFyYc5zaAI4n7RYMR6jJXK,MVM783 - The Grandview at Las Vegas,EVOLVE,Evolve M2
10:2b:aa:52:68:d6,2026-08-04 03:59:28,E8X6iojo46RFyYc5zaAI4n7RYMR6jJXK,MVM783 - The Grandview at Las Vegas,4601A,Evolve M2
64:18:df:74:37:6b,2026-08-04 03:59:27,E8X6iojo46RFyYc5zaAI4n7RYMR6jJXK,MVM783 - The Grandview at Las Vegas,6905B,Evolve M2
68:ab:a9:fb:15:b2,2026-08-04 03:59:27,E8X6iojo46RFyYc5zaAI4n7RYMR6jJXK,MVM783 - The Grandview at Las Vegas,4603B,Evolve M2
10:2b:aa:51:60:87,2026-08-04 03:59:27,E8X6iojo46RFyYc5zaAI4n7RYMR6jJXK,MVM783 - The Grandview at Las Vegas,61201A,Evolve M2
68:ab:a9:fc:55:dc,2026-08-04 03:59:27,E8X6iojo46RFyYc5zaAI4n7RYMR6jJXK,MVM783 - The Grandview at Las Vegas,3205A,Evolve M2
64:18:df:73:f3:d4,2026-08-04 03:59:27,E8X6iojo46RFyYc5zaAI4n7RYMR6jJXK,MVM783 - The Grandview at Las Vegas,61806A,Evolve M2
68:ab:a9:fe:17:95,2026-08-04 03:59:26,E8X6iojo46RFyYc5zaAI4n7RYMR6jJXK,MVM783 - The Grandview at Las Vegas,1102A@L,Evolve M2
10:2b:aa:51:5c:5b,2026-08-04 03:59:26,E8X6iojo46RFyYc5zaAI4n7RYMR6jJXK,MVM783 - The Grandview at Las Vegas,5204B,Evolve M2
10:2b:aa:52:65:28,2026-08-04 03:59:26,E8X6iojo46RFyYc5zaAI4n7RYMR6jJXK,MVM783 - The Grandview at Las Vegas,2507B,Evolve M2
10:2b:aa:51:4e:51,2026-08-04 03:59:25,E8X6iojo46RFyYc5zaAI4n7RYMR6jJXK,MVM783 - The Grandview at Las Vegas,5503B,Evolve M2
64:18:df:73:f0:8e,2026-08-04 03:59:25,E8X6iojo46RFyYc5zaAI4n7RYMR6jJXK,MVM783 - The Grandview at Las Vegas,42003A,Evolve M2
68:ab:a9:fc:18:1b,2026-08-04 03:59:25,E8X6iojo46RFyYc5zaAI4n7RYMR6jJXK,MVM783 - The Grandview at Las Vegas,3903A,Evolve M2
10:2b:aa:51:6a:a7,2026-08-04 03:59:25,E8X6iojo46RFyYc5zaAI4n7RYMR6jJXK,MVM783 - The Grandview at Las Vegas,41509A,Evolve M2
68:ab:a9:fb:18:bd,2026-08-04 03:59:25,E8X6iojo46RFyYc5zaAI4n7RYMR6jJXK,MVM783 - The Grandview at Las Vegas,51902A,Evolve M2
10:2b:aa:51:48:7e,2026-08-04 03:59:25,E8X6iojo46RFyYc5zaAI4n7RYMR6jJXK,MVM783 - The Grandview at Las Vegas,91002B,Evolve M2
68:ab:a9:f7:d6:6c,2026-08-04 03:59:25,E8X6iojo46RFyYc5zaAI4n7RYMR6jJXK,MVM783 - The Grandview at Las Vegas,8407B,Evolve M2
64:18:df:73:e9:08,2026-08-04 03:59:25,E8X6iojo46RFyYc5zaAI4n7RYMR6jJXK,MVM783 - The Grandview at Las Vegas,4810B,Evolve M2
68:ab:a9:f8:9f:73,2026-08-04 03:59:24,E8X6iojo46RFyYc5zaAI4n7RYMR6jJXK,MVM783 - The Grandview at Las Vegas,31105B,Evolve M2
68:ab:a9:f8:54:85,2026-08-04 03:59:24,E8X6iojo46RFyYc5zaAI4n7RYMR6jJXK,MVM783 - The Grandview at Las Vegas,11006A,Evolve M2
64:18:df:74:59:a4,2026-08-04 03:59:24,E8X6iojo46RFyYc5zaAI4n7RYMR6jJXK,MVM783 - The Grandview at Las Vegas,6504A,Evolve M2
68:ab:a9:fe:c4:92,2026-08-04 03:59:24,E8X6iojo46RFyYc5zaAI4n7RYMR6jJXK,MVM783 - The Grandview at Las Vegas,21202B,Evolve M2
64:18:df:74:4e:11,2026-08-04 03:59:23,E8X6iojo46RFyYc5zaAI4n7RYMR6jJXK,MVM783 - The Grandview at Las Vegas,42007B,Evolve M2
68:ab:a9:fe:b4:09,2026-08-04 03:59:23,E8X6iojo46RFyYc5zaAI4n7RYMR6jJXK,MVM783 - The Grandview at Las Vegas,41405B,Evolve M2
68:ab:a9:f8:52:c5,2026-08-04 03:59:23,E8X6iojo46RFyYc5zaAI4n7RYMR6jJXK,MVM783 - The Grandview at Las Vegas,31105B,Evolve M2
10:2b:aa:51:64:53,2026-08-04 03:59:23,E8X6iojo46RFyYc5zaAI4n7RYMR6jJXK,MVM783 - The Grandview at Las Vegas,51603A,Evolve M2
68:ab:a9:fd:0b:6d,2026-08-04 03:59:23,E8X6iojo46RFyYc5zaAI4n7RYMR6jJXK,MVM783 - The Grandview at Las Vegas,51906B,Evolve M2
64:18:df:73:eb:5d,2026-08-04 03:59:22,E8X6iojo46RFyYc5zaAI4n7RYMR6jJXK,MVM783 - The Grandview at Las Vegas,42105B,Evolve M2
10:2b:aa:51:66:f3,2026-08-04 03:59:22,E8X6iojo46RFyYc5zaAI4n7RYMR6jJXK,MVM783 - The Grandview at Las Vegas,52107B,Evolve M2
68:ab:a9:fe:d6:cc,2026-08-04 03:59:22,E8X6iojo46RFyYc5zaAI4n7RYMR6jJXK,MVM783 - The Grandview at Las Vegas,8303A,Evolve M2
68:ab:a9:fe:ea:b6,2026-08-04 03:59:22,E8X6iojo46RFyYc5zaAI4n7RYMR6jJXK,MVM783 - The Grandview at Las Vegas,91104A,Evolve M2
64:18:df:74:60:ad,2026-08-04 03:59:22,E8X6iojo46RFyYc5zaAI4n7RYMR6jJXK,MVM783 - The Grandview at Las Vegas,6302B,Evolve M2
68:ab:a9:fe:95:31,2026-08-04 03:59:21,E8X6iojo46RFyYc5zaAI4n7RYMR6jJXK,MVM783 - The Grandview at Las Vegas,11003A,Evolve M2
68:ab:a9:fe:9f:ba,2026-08-04 03:59:21,E8X6iojo46RFyYc5zaAI4n7RYMR6jJXK,MVM783 - The Grandview at Las Vegas,51610A,Evolve M2
64:18:df:74:37:6e,2026-08-04 03:59:21,E8X6iojo46RFyYc5zaAI4n7RYMR6jJXK,MVM783 - The Grandview at Las Vegas,5906B,Evolve M2
68:ab:a9:fe:b2:42,2026-08-04 03:59:21,E8X6iojo46RFyYc5zaAI4n7RYMR6jJXK,MVM783 - The Grandview at Las Vegas,41709A,Evolve M2
64:18:df:74:61:a7,2026-08-04 03:59:20,E8X6iojo46RFyYc5zaAI4n7RYMR6jJXK,MVM783 - The Grandview at Las Vegas,6304B,Evolve M2
10:2b:aa:51:58:23,2026-08-04 03:59:20,E8X6iojo46RFyYc5zaAI4n7RYMR6jJXK,MVM783 - The Grandview at Las Vegas,61901A,Evolve M2
64:18:df:73:eb:48,2026-08-04 03:59:20,E8X6iojo46RFyYc5zaAI4n7RYMR6jJXK,MVM783 - The Grandview at Las Vegas,42108A,Evolve M2
10:2b:aa:51:4b:48,2026-08-04 03:59:20,E8X6iojo46RFyYc5zaAI4n7RYMR6jJXK,MVM783 - The Grandview at Las Vegas,3301A,Evolve M2
64:18:df:74:1c:39,2026-08-04 03:59:20,E8X6iojo46RFyYc5zaAI4n7RYMR6jJXK,MVM783 - The Grandview at Las Vegas,41601B,Evolve M2
64:18:df:74:2f:51,2026-08-04 03:59:20,E8X6iojo46RFyYc5zaAI4n7RYMR6jJXK,MVM783 - The Grandview at Las Vegas,42008A,Evolve M2
68:ab:a9:fe:f8:17,2026-08-04 03:59:20,E8X6iojo46RFyYc5zaAI4n7RYMR6jJXK,MVM783 - The Grandview at Las Vegas,9204B,Evolve M2
10:2b:aa:52:64:d1,2026-08-04 03:59:20,E8X6iojo46RFyYc5zaAI4n7RYMR6jJXK,MVM783 - The Grandview at Las Vegas,2604B,Evolve M2
64:18:df:73:e2:b1,2026-08-04 03:59:20,E8X6iojo46RFyYc5zaAI4n7RYMR6jJXK,MVM783 - The Grandview at Las Vegas,61007A,Evolve M2
68:ab:a9:fe:a4:35,2026-08-04 03:59:19,E8X6iojo46RFyYc5zaAI4n7RYMR6jJXK,MVM783 - The Grandview at Las Vegas,8905B,Evolve M2
64:18:df:73:da:e3,2026-08-04 03:59:19,E8X6iojo46RFyYc5zaAI4n7RYMR6jJXK,MVM783 - The Grandview at Las Vegas,31210B,Evolve M2
10:2b:aa:51:49:e6,2026-08-04 03:59:18,E8X6iojo46RFyYc5zaAI4n7RYMR6jJXK,MVM783 - The Grandview at Las Vegas,8808A,Evolve M2
68:ab:a9:f9:60:1f,2026-08-04 03:59:18,E8X6iojo46RFyYc5zaAI4n7RYMR6jJXK,MVM783 - The Grandview at Las Vegas,51810B,Evolve M2
10:2b:aa:51:65:b5,2026-08-04 03:59:18,E8X6iojo46RFyYc5zaAI4n7RYMR6jJXK,MVM783 - The Grandview at Las Vegas,4803A,Evolve M2
10:2b:aa:51:ff:d0,2026-08-04 03:59:18,E8X6iojo46RFyYc5zaAI4n7RYMR6jJXK,MVM783 - The Grandview at Las Vegas,2608B,Evolve M2
64:18:df:74:02:6c,2026-08-04 03:59:18,E8X6iojo46RFyYc5zaAI4n7RYMR6jJXK,MVM783 - The Grandview at Las Vegas,91206A,Evolve M2
10:2b:aa:51:fc:5e,2026-08-04 03:59:17,E8X6iojo46RFyYc5zaAI4n7RYMR6jJXK,MVM783 - The Grandview at Las Vegas,21003B,Evolve M2
10:2b:aa:51:60:ea,2026-08-04 03:59:17,E8X6iojo46RFyYc5zaAI4n7RYMR6jJXK,MVM783 - The Grandview at Las Vegas,5203B,Evolve M2
64:18:df:74:4d:ea,2026-08-04 03:59:17,E8X6iojo46RFyYc5zaAI4n7RYMR6jJXK,MVM783 - The Grandview at Las Vegas,41906A,Evolve M2
68:ab:a9:ff:16:7e,2026-08-04 03:59:17,E8X6iojo46RFyYc5zaAI4n7RYMR6jJXK,MVM783 - The Grandview at Las Vegas,6805B,Evolve M2
10:2b:aa:51:5a:c6,2026-08-04 03:59:17,E8X6iojo46RFyYc5zaAI4n7RYMR6jJXK,MVM783 - The Grandview at Las Vegas,51506A,Evolve M2
64:18:df:74:95:7f,2026-08-04 03:59:17,E8X6iojo46RFyYc5zaAI4n7RYMR6jJXK,MVM783 - The Grandview at Las Vegas,3409B,Evolve M2
10:2b:aa:51:4e:57,2026-08-04 03:59:17,E8X6iojo46RFyYc5zaAI4n7RYMR6jJXK,MVM783 - The Grandview at Las Vegas,61703B,Evolve M2
68:ab:a9:f8:d5:b1,2026-08-04 03:59:16,E8X6iojo46RFyYc5zaAI4n7RYMR6jJXK,MVM783 - The Grandview at Las Vegas,61806B,Evolve M2
68:ab:a9:fe:f9:85,2026-08-04 03:59:16,E8X6iojo46RFyYc5zaAI4n7RYMR6jJXK,MVM783 - The Grandview at Las Vegas,51401A,Evolve M2
68:ab:a9:fe:9d:ba,2026-08-04 03:59:16,E8X6iojo46RFyYc5zaAI4n7RYMR6jJXK,MVM783 - The Grandview at Las Vegas,41007B,Evolve M2
68:ab:a9:fa:fe:8c,2026-08-04 03:59:16,E8X6iojo46RFyYc5zaAI4n7RYMR6jJXK,MVM783 - The Grandview at Las Vegas,41902B,Evolve M2
68:ab:a9:fe:a0:1f,2026-08-04 03:59:15,E8X6iojo46RFyYc5zaAI4n7RYMR6jJXK,MVM783 - The Grandview at Las Vegas,41207A,Evolve M2
68:ab:a9:fe:f5:9c,2026-08-04 03:59:15,E8X6iojo46RFyYc5zaAI4n7RYMR6jJXK,MVM783 - The Grandview at Las Vegas,6602A,Evolve M2
10:2b:aa:50:94:1b,2026-08-04 03:59:15,E8X6iojo46RFyYc5zaAI4n7RYMR6jJXK,MVM783 - The Grandview at Las Vegas,8703B,Evolve M2
10:2b:aa:51:4f:7a,2026-08-04 03:59:15,E8X6iojo46RFyYc5zaAI4n7RYMR6jJXK,MVM783 - The Grandview at Las Vegas,5708A,Evolve M2
68:ab:a9:f9:6e:f8,2026-08-04 03:59:15,E8X6iojo46RFyYc5zaAI4n7RYMR6jJXK,MVM783 - The Grandview at Las Vegas,2202B,Evolve M2
10:2b:aa:51:53:6d,2026-08-04 03:59:15,E8X6iojo46RFyYc5zaAI4n7RYMR6jJXK,MVM783 - The Grandview at Las Vegas,41107B,Evolve M2
10:2b:aa:51:63:a8,2026-08-04 03:59:15,E8X6iojo46RFyYc5zaAI4n7RYMR6jJXK,MVM783 - The Grandview at Las Vegas,3103A,Evolve M2
10:2b:aa:51:f4:27,2026-08-04 03:59:15,E8X6iojo46RFyYc5zaAI4n7RYMR6jJXK,MVM783 - The Grandview at Las Vegas,8603A,Evolve M2
10:2b:aa:50:be:ff,2026-08-04 03:59:14,E8X6iojo46RFyYc5zaAI4n7RYMR6jJXK,MVM783 - The Grandview at Las Vegas,5903B,Evolve M2
10:2b:aa:51:56:82,2026-08-04 03:59:14,E8X6iojo46RFyYc5zaAI4n7RYMR6jJXK,MVM783 - The Grandview at Las Vegas,3305B,Evolve M2
64:18:df:74:87:32,2026-08-04 03:59:14,E8X6iojo46RFyYc5zaAI4n7RYMR6jJXK,MVM783 - The Grandview at Las Vegas,9908B,Evolve M2
10:2b:aa:51:4b:0f,2026-08-04 03:59:14,E8X6iojo46RFyYc5zaAI4n7RYMR6jJXK,MVM783 - The Grandview at Las Vegas,61705A,Evolve M2
68:ab:a9:fe:8c:79,2026-08-04 03:59:14,E8X6iojo46RFyYc5zaAI4n7RYMR6jJXK,MVM783 - The Grandview at Las Vegas,9605B,Evolve M2
10:2b:aa:51:53:6a,2026-08-04 03:59:14,E8X6iojo46RFyYc5zaAI4n7RYMR6jJXK,MVM783 - The Grandview at Las Vegas,61709A,Evolve M2
68:ab:a9:f8:7a:cf,2026-08-04 03:59:14,E8X6iojo46RFyYc5zaAI4n7RYMR6jJXK,MVM783 - The Grandview at Las Vegas,2807A,Evolve M2
64:18:df:74:86:bd,2026-08-04 03:59:14,E8X6iojo46RFyYc5zaAI4n7RYMR6jJXK,MVM783 - The Grandview at Las Vegas,3405A,Evolve M2
10:2b:aa:51:59:10,2026-08-04 03:59:13,E8X6iojo46RFyYc5zaAI4n7RYMR6jJXK,MVM783 - The Grandview at Las Vegas,5609B,Evolve M2
10:2b:aa:51:5d:ba,2026-08-04 03:59:13,E8X6iojo46RFyYc5zaAI4n7RYMR6jJXK,MVM783 - The Grandview at Las Vegas,4702B,Evolve M2
68:ab:a9:fb:e2:26,2026-08-04 03:59:13,E8X6iojo46RFyYc5zaAI4n7RYMR6jJXK,MVM783 - The Grandview at Las Vegas,1208B@B,Evolve M2
10:2b:aa:51:4f:a7,2026-08-04 03:59:13,E8X6iojo46RFyYc5zaAI4n7RYMR6jJXK,MVM783 - The Grandview at Las Vegas,51707A,Evolve M2
10:2b:aa:51:60:a8,2026-08-04 03:59:13,E8X6iojo46RFyYc5zaAI4n7RYMR6jJXK,MVM783 - The Grandview at Las Vegas,8903A,Evolve M2
64:18:df:74:50:3a,2026-08-04 03:59:13,E8X6iojo46RFyYc5zaAI4n7RYMR6jJXK,MVM783 - The Grandview at Las Vegas,62106B,Evolve M2
10:2b:aa:51:55:59,2026-08-04 03:59:13,E8X6iojo46RFyYc5zaAI4n7RYMR6jJXK,MVM783 - The Grandview at Las Vegas,51805B,Evolve M2
10:2b:aa:51:f4:63,2026-08-04 03:59:13,E8X6iojo46RFyYc5zaAI4n7RYMR6jJXK,MVM783 - The Grandview at Las Vegas,9309A,Evolve M2
68:ab:a9:fc:55:28,2026-08-04 03:59:12,E8X6iojo46RFyYc5zaAI4n7RYMR6jJXK,MVM783 - The Grandview at Las Vegas,2407A,Evolve M2
68:ab:a9:ff:06:38,2026-08-04 03:59:12,E8X6iojo46RFyYc5zaAI4n7RYMR6jJXK,MVM783 - The Grandview at Las Vegas,6802B,Evolve M2
10:2b:aa:51:52:86,2026-08-04 03:59:12,E8X6iojo46RFyYc5zaAI4n7RYMR6jJXK,MVM783 - The Grandview at Las Vegas,51002B,Evolve M2
68:ab:a9:f7:d7:69,2026-08-04 03:59:11,E8X6iojo46RFyYc5zaAI4n7RYMR6jJXK,MVM783 - The Grandview at Las Vegas,91103B,Evolve M2
68:ab:a9:fe:8b:db,2026-08-04 03:59:11,E8X6iojo46RFyYc5zaAI4n7RYMR6jJXK,MVM783 - The Grandview at Las Vegas,9610B,Evolve M2
10:2b:aa:51:6a:62,2026-08-04 03:59:11,E8X6iojo46RFyYc5zaAI4n7RYMR6jJXK,MVM783 - The Grandview at Las Vegas,41505B,Evolve M2
68:ab:a9:fe:80:41,2026-08-04 03:59:11,E8X6iojo46RFyYc5zaAI4n7RYMR6jJXK,MVM783 - The Grandview at Las Vegas,9102A,Evolve M2
68:ab:a9:fc:98:69,2026-08-04 03:59:11,E8X6iojo46RFyYc5zaAI4n7RYMR6jJXK,MVM783 - The Grandview at Las Vegas,1901B@B,Evolve M2
10:2b:aa:50:c2:ec,2026-08-04 03:59:11,E8X6iojo46RFyYc5zaAI4n7RYMR6jJXK,MVM783 - The Grandview at Las Vegas,51102A,Evolve M2
64:18:df:74:61:ee,2026-08-04 03:59:10,E8X6iojo46RFyYc5zaAI4n7RYMR6jJXK,MVM783 - The Grandview at Las Vegas,51903A,Evolve M2
10:2b:aa:51:f8:53,2026-08-04 03:59:10,E8X6iojo46RFyYc5zaAI4n7RYMR6jJXK,MVM783 - The Grandview at Las Vegas,2505A,Evolve M2
68:ab:a9:fe:9c:08,2026-08-04 03:59:10,E8X6iojo46RFyYc5zaAI4n7RYMR6jJXK,MVM783 - The Grandview at Las Vegas,61002A,Evolve M2
10:2b:aa:51:5b:02,2026-08-04 03:59:10,E8X6iojo46RFyYc5zaAI4n7RYMR6jJXK,MVM783 - The Grandview at Las Vegas,91204A,Evolve M2
68:ab:a9:fe:a5:bd,2026-08-04 03:59:10,E8X6iojo46RFyYc5zaAI4n7RYMR6jJXK,MVM783 - The Grandview at Las Vegas,41209A,Evolve M2
64:18:df:73:c8:b7,2026-08-04 03:59:10,E8X6iojo46RFyYc5zaAI4n7RYMR6jJXK,MVM783 - The Grandview at Las Vegas,31010B,Evolve M2
10:2b:aa:51:f8:6b,2026-08-04 03:59:10,E8X6iojo46RFyYc5zaAI4n7RYMR6jJXK,MVM783 - The Grandview at Las Vegas,2301A,Evolve M2
10:2b:aa:51:57:d2,2026-08-04 03:59:10,E8X6iojo46RFyYc5zaAI4n7RYMR6jJXK,MVM783 - The Grandview at Las Vegas,41807B,Evolve M2
68:ab:a9:f8:65:17,2026-08-04 03:59:10,E8X6iojo46RFyYc5zaAI4n7RYMR6jJXK,MVM783 - The Grandview at Las Vegas,31206B,Evolve M2
68:ab:a9:fe:73:93,2026-08-04 03:59:10,E8X6iojo46RFyYc5zaAI4n7RYMR6jJXK,MVM783 - The Grandview at Las Vegas,91208A,Evolve M2
10:2b:aa:51:5a:d8,2026-08-04 03:59:10,E8X6iojo46RFyYc5zaAI4n7RYMR6jJXK,MVM783 - The Grandview at Las Vegas,6710A,Evolve M2
64:18:df:73:ea:be,2026-08-04 03:59:09,E8X6iojo46RFyYc5zaAI4n7RYMR6jJXK,MVM783 - The Grandview at Las Vegas,52010B,Evolve M2
68:ab:a9:ff:13:70,2026-08-04 03:59:09,E8X6iojo46RFyYc5zaAI4n7RYMR6jJXK,MVM783 - The Grandview at Las Vegas,6806A,Evolve M2
10:2b:aa:51:49:0b,2026-08-04 03:59:09,E8X6iojo46RFyYc5zaAI4n7RYMR6jJXK,MVM783 - The Grandview at Las Vegas,8801A,Evolve M2
10:2b:aa:51:60:0f,2026-08-04 03:59:09,E8X6iojo46RFyYc5zaAI4n7RYMR6jJXK,MVM783 - The Grandview at Las Vegas,8903A,Evolve M2
68:ab:a9:fc:32:03,2026-08-04 03:59:09,E8X6iojo46RFyYc5zaAI4n7RYMR6jJXK,MVM783 - The Grandview at Las Vegas,6610B,Evolve M2
68:ab:a9:fe:3b:87,2026-08-04 03:59:09,E8X6iojo46RFyYc5zaAI4n7RYMR6jJXK,MVM783 - The Grandview at Las Vegas,51705B,Evolve M2
64:18:df:74:30:7d,2026-08-04 03:59:09,E8X6iojo46RFyYc5zaAI4n7RYMR6jJXK,MVM783 - The Grandview at Las Vegas,52005B,Evolve M2
10:2b:aa:51:4c:bc,2026-08-04 03:59:09,E8X6iojo46RFyYc5zaAI4n7RYMR6jJXK,MVM783 - The Grandview at Las Vegas,61701A,Evolve M2
10:2b:aa:51:65:91,2026-08-04 03:59:08,E8X6iojo46RFyYc5zaAI4n7RYMR6jJXK,MVM783 - The Grandview at Las Vegas,3702A,Evolve M2
68:ab:a9:fe:a4:a7,2026-08-04 03:59:08,E8X6iojo46RFyYc5zaAI4n7RYMR6jJXK,MVM783 - The Grandview at Las Vegas,9203B,Evolve M2
68:ab:a9:fb:18:2a,2026-08-04 03:59:08,E8X6iojo46RFyYc5zaAI4n7RYMR6jJXK,MVM783 - The Grandview at Las Vegas,42002B,Evolve M2
68:ab:a9:fe:ff:4f,2026-08-04 03:59:08,E8X6iojo46RFyYc5zaAI4n7RYMR6jJXK,MVM783 - The Grandview at Las Vegas,51708B,Evolve M2
64:18:df:74:36:44,2026-08-04 03:59:07,E8X6iojo46RFyYc5zaAI4n7RYMR6jJXK,MVM783 - The Grandview at Las Vegas,51903A,Evolve M2
10:2b:aa:51:55:38,2026-08-04 03:59:07,E8X6iojo46RFyYc5zaAI4n7RYMR6jJXK,MVM783 - The Grandview at Las Vegas,5706B,Evolve M2
68:ab:a9:fc:91:01,2026-08-04 03:59:07,E8X6iojo46RFyYc5zaAI4n7RYMR6jJXK,MVM783 - The Grandview at Las Vegas,8703A,Evolve M2
68:ab:a9:fe:f8:cb,2026-08-04 03:59:07,E8X6iojo46RFyYc5zaAI4n7RYMR6jJXK,MVM783 - The Grandview at Las Vegas,4602A,Evolve M2
68:ab:a9:f7:b0:62,2026-08-04 03:59:07,E8X6iojo46RFyYc5zaAI4n7RYMR6jJXK,MVM783 - The Grandview at Las Vegas,9601A,Evolve M2
10:2b:aa:51:67:8c,2026-08-04 03:59:07,E8X6iojo46RFyYc5zaAI4n7RYMR6jJXK,MVM783 - The Grandview at Las Vegas,51802A,Evolve M2
10:2b:aa:51:67:fe,2026-08-04 03:59:06,E8X6iojo46RFyYc5zaAI4n7RYMR6jJXK,MVM783 - The Grandview at Las Vegas,3508A,Evolve M2
68:ab:a9:fe:92:34,2026-08-04 03:59:06,E8X6iojo46RFyYc5zaAI4n7RYMR6jJXK,MVM783 - The Grandview at Las Vegas,81003B,Evolve M2
68:ab:a9:fb:22:3e,2026-08-04 03:59:06,E8X6iojo46RFyYc5zaAI4n7RYMR6jJXK,MVM783 - The Grandview at Las Vegas,61209A,Evolve M2
68:ab:a9:f8:c9:c4,2026-08-04 03:59:06,E8X6iojo46RFyYc5zaAI4n7RYMR6jJXK,MVM783 - The Grandview at Las Vegas,2803B,Evolve M2
64:18:df:74:28:29,2026-08-04 03:59:06,E8X6iojo46RFyYc5zaAI4n7RYMR6jJXK,MVM783 - The Grandview at Las Vegas,61509A,Evolve M2
68:ab:a9:ff:1e:13,2026-08-04 03:59:06,E8X6iojo46RFyYc5zaAI4n7RYMR6jJXK,MVM783 - The Grandview at Las Vegas,42106A,Evolve M2
10:2b:aa:51:fa:6c,2026-08-04 03:59:06,E8X6iojo46RFyYc5zaAI4n7RYMR6jJXK,MVM783 - The Grandview at Las Vegas,9309B,Evolve M2
10:2b:aa:51:f6:94,2026-08-04 03:59:06,E8X6iojo46RFyYc5zaAI4n7RYMR6jJXK,MVM783 - The Grandview at Las Vegas,21201B,Evolve M2
10:2b:aa:51:60:d8,2026-08-04 03:59:06,E8X6iojo46RFyYc5zaAI4n7RYMR6jJXK,MVM783 - The Grandview at Las Vegas,4109B,Evolve M2
10:2b:aa:51:6d:59,2026-08-04 03:59:06,E8X6iojo46RFyYc5zaAI4n7RYMR6jJXK,MVM783 - The Grandview at Las Vegas,4606B,Evolve M2
10:2b:aa:51:fc:88,2026-08-04 03:59:06,E8X6iojo46RFyYc5zaAI4n7RYMR6jJXK,MVM783 - The Grandview at Las Vegas,21105A,Evolve M2
68:ab:a9:fe:34:16,2026-08-04 03:59:05,E8X6iojo46RFyYc5zaAI4n7RYMR6jJXK,MVM783 - The Grandview at Las Vegas,51408B,Evolve M2
64:18:df:73:b0:19,2026-08-04 03:59:05,E8X6iojo46RFyYc5zaAI4n7RYMR6jJXK,MVM783 - The Grandview at Las Vegas,4703A,Evolve M2
68:ab:a9:ff:07:48,2026-08-04 03:59:05,E8X6iojo46RFyYc5zaAI4n7RYMR6jJXK,MVM783 - The Grandview at Las Vegas,52102B,Evolve M2
64:18:df:73:d0:cb,2026-08-04 03:59:05,E8X6iojo46RFyYc5zaAI4n7RYMR6jJXK,MVM783 - The Grandview at Las Vegas,3508A,Evolve M2
68:ab:a9:fe:6b:9b,2026-08-04 03:59:04,E8X6iojo46RFyYc5zaAI4n7RYMR6jJXK,MVM783 - The Grandview at Las Vegas,51710A,Evolve M2
68:ab:a9:f8:57:80,2026-08-04 03:59:04,E8X6iojo46RFyYc5zaAI4n7RYMR6jJXK,MVM783 - The Grandview at Las Vegas,42008A,Evolve M2
10:2b:aa:50:91:42,2026-08-04 03:59:04,E8X6iojo46RFyYc5zaAI4n7RYMR6jJXK,MVM783 - The Grandview at Las Vegas,8706B,Evolve M2
10:2b:aa:51:6c:03,2026-08-04 03:59:04,E8X6iojo46RFyYc5zaAI4n7RYMR6jJXK,MVM783 - The Grandview at Las Vegas,6509B,Evolve M2
68:ab:a9:fb:ac:a5,2026-08-04 03:59:04,E8X6iojo46RFyYc5zaAI4n7RYMR6jJXK,MVM783 - The Grandview at Las Vegas,5502A,Evolve M2
68:ab:a9:fe:3a:0a,2026-08-04 03:59:04,E8X6iojo46RFyYc5zaAI4n7RYMR6jJXK,MVM783 - The Grandview at Las Vegas,51401A,Evolve M2
10:2b:aa:51:52:74,2026-08-04 03:59:04,E8X6iojo46RFyYc5zaAI4n7RYMR6jJXK,MVM783 - The Grandview at Las Vegas,51105B,Evolve M2
68:ab:a9:f8:d0:1f,2026-08-04 03:59:04,E8X6iojo46RFyYc5zaAI4n7RYMR6jJXK,MVM783 - The Grandview at Las Vegas,3101A,Evolve M2
68:ab:a9:fe:5d:b3,2026-08-04 03:59:03,E8X6iojo46RFyYc5zaAI4n7RYMR6jJXK,MVM783 - The Grandview at Las Vegas,3508B,Evolve M2
68:ab:a9:f8:8e:a8,2026-08-04 03:59:03,E8X6iojo46RFyYc5zaAI4n7RYMR6jJXK,MVM783 - The Grandview at Las Vegas,9407B,Evolve M2
68:ab:a9:fe:cf:fd,2026-08-04 03:59:03,E8X6iojo46RFyYc5zaAI4n7RYMR6jJXK,MVM783 - The Grandview at Las Vegas,42103B,Evolve M2
10:2b:aa:51:50:4f,2026-08-04 03:59:03,E8X6iojo46RFyYc5zaAI4n7RYMR6jJXK,MVM783 - The Grandview at Las Vegas,61807B,Evolve M2
68:ab:a9:ff:09:df,2026-08-04 03:59:02,E8X6iojo46RFyYc5zaAI4n7RYMR6jJXK,MVM783 - The Grandview at Las Vegas,6810A,Evolve M2
10:2b:aa:51:fc:19,2026-08-04 03:59:02,E8X6iojo46RFyYc5zaAI4n7RYMR6jJXK,MVM783 - The Grandview at Las Vegas,81007A,Evolve M2
68:ab:a9:fe:a2:8a,2026-08-04 03:59:02,E8X6iojo46RFyYc5zaAI4n7RYMR6jJXK,MVM783 - The Grandview at Las Vegas,8503A,Evolve M2
10:2b:aa:51:59:46,2026-08-04 03:59:02,E8X6iojo46RFyYc5zaAI4n7RYMR6jJXK,MVM783 - The Grandview at Las Vegas,6902B,Evolve M2
68:ab:a9:fc:a1:40,2026-08-04 03:59:02,E8X6iojo46RFyYc5zaAI4n7RYMR6jJXK,MVM783 - The Grandview at Las Vegas,1406A@B,Evolve M2
64:18:df:74:18:e7,2026-08-04 03:59:01,E8X6iojo46RFyYc5zaAI4n7RYMR6jJXK,MVM783 - The Grandview at Las Vegas,6302A,Evolve M2
68:ab:a9:f8:2f:fd,2026-08-04 03:59:01,E8X6iojo46RFyYc5zaAI4n7RYMR6jJXK,MVM783 - The Grandview at Las Vegas,1104A,Evolve M2
64:18:df:74:86:b7,2026-08-04 03:59:01,E8X6iojo46RFyYc5zaAI4n7RYMR6jJXK,MVM783 - The Grandview at Las Vegas,9907B,Evolve M2
10:2b:aa:51:4c:1a,2026-08-04 03:58:00,E8X6iojo46RFyYc5zaAI4n7RYMR6jJXK,MVM783 - The Grandview at Las Vegas,3805A,Evolve M2
10:2b:aa:51:ff:10,2026-08-04 03:58:00,E8X6iojo46RFyYc5zaAI4n7RYMR6jJXK,MVM783 - The Grandview at Las Vegas,8604B,Evolve M2
10:2b:aa:51:4f:26,2026-08-04 03:58:00,E8X6iojo46RFyYc5zaAI4n7RYMR6jJXK,MVM783 - The Grandview at Las Vegas,61504A,Evolve M2
10:2b:aa:51:fe:80,2026-08-04 03:58:00,E8X6iojo46RFyYc5zaAI4n7RYMR6jJXK,MVM783 - The Grandview at Las Vegas,2906A,Evolve M2
68:ab:a9:fe:1b:12,2026-08-04 03:58:00,E8X6iojo46RFyYc5zaAI4n7RYMR6jJXK,MVM783 - The Grandview at Las Vegas,91208B,Evolve M2
64:18:df:73:ee:bd,2026-08-04 03:58:00,E8X6iojo46RFyYc5zaAI4n7RYMR6jJXK,MVM783 - The Grandview at Las Vegas,41503B,Evolve M2
68:ab:a9:fe:7a:8e,2026-08-04 03:57:59,E8X6iojo46RFyYc5zaAI4n7RYMR6jJXK,MVM783 - The Grandview at Las Vegas,9707B@BR,Evolve M2
68:ab:a9:fb:94:2e,2026-08-04 03:57:59,E8X6iojo46RFyYc5zaAI4n7RYMR6jJXK,MVM783 - The Grandview at Las Vegas,31004B,Evolve M2
68:ab:a9:fb:da:cc,2026-08-04 03:57:59,E8X6iojo46RFyYc5zaAI4n7RYMR6jJXK,MVM783 - The Grandview at Las Vegas,3110A,Evolve M2
10:2b:aa:50:c2:8f,2026-08-04 03:57:58,E8X6iojo46RFyYc5zaAI4n7RYMR6jJXK,MVM783 - The Grandview at Las Vegas,51109A,Evolve M2
64:18:df:74:5e:a5,2026-08-04 03:57:58,E8X6iojo46RFyYc5zaAI4n7RYMR6jJXK,MVM783 - The Grandview at Las Vegas,6407A,Evolve M2
10:2b:aa:51:f4:51,2026-08-04 03:57:58,E8X6iojo46RFyYc5zaAI4n7RYMR6jJXK,MVM783 - The Grandview at Las Vegas,9308B,Evolve M2
64:18:df:74:60:dd,2026-08-04 03:57:58,E8X6iojo46RFyYc5zaAI4n7RYMR6jJXK,MVM783 - The Grandview at Las Vegas,4609A,Evolve M2
68:ab:a9:fe:84:24,2026-08-04 03:57:58,E8X6iojo46RFyYc5zaAI4n7RYMR6jJXK,MVM783 - The Grandview at Las Vegas,9507A,Evolve M2
10:2b:aa:51:68:ee,2026-08-04 03:57:58,E8X6iojo46RFyYc5zaAI4n7RYMR6jJXK,MVM783 - The Grandview at Las Vegas,51006A,Evolve M2
10:2b:aa:51:59:88,2026-08-04 03:57:58,E8X6iojo46RFyYc5zaAI4n7RYMR6jJXK,MVM783 - The Grandview at Las Vegas,6910B,Evolve M2
10:2b:aa:51:64:6b,2026-08-04 03:57:57,E8X6iojo46RFyYc5zaAI4n7RYMR6jJXK,MVM783 - The Grandview at Las Vegas,81101A,Evolve M2
10:2b:aa:51:59:be,2026-08-04 03:57:57,E8X6iojo46RFyYc5zaAI4n7RYMR6jJXK,MVM783 - The Grandview at Las Vegas,5201B,Evolve M2
10:2b:aa:51:4f:62,2026-08-04 03:57:57,E8X6iojo46RFyYc5zaAI4n7RYMR6jJXK,MVM783 - The Grandview at Las Vegas,5708A,Evolve M2
64:18:df:73:b9:9f,2026-08-04 03:57:57,E8X6iojo46RFyYc5zaAI4n7RYMR6jJXK,MVM783 - The Grandview at Las Vegas,5508A,Evolve M2
64:18:df:74:13:c4,2026-08-04 03:57:56,E8X6iojo46RFyYc5zaAI4n7RYMR6jJXK,MVM783 - The Grandview at Las Vegas,52007B,Evolve M2
10:2b:aa:51:61:08,2026-08-04 03:57:56,E8X6iojo46RFyYc5zaAI4n7RYMR6jJXK,MVM783 - The Grandview at Las Vegas,5301A,Evolve M2
68:ab:a9:fe:71:4e,2026-08-04 03:57:56,E8X6iojo46RFyYc5zaAI4n7RYMR6jJXK,MVM783 - The Grandview at Las Vegas,51704B,Evolve M2
68:ab:a9:f9:68:97,2026-08-04 03:57:56,E8X6iojo46RFyYc5zaAI4n7RYMR6jJXK,MVM783 - The Grandview at Las Vegas,62002B,Evolve M2
68:ab:a9:f8:68:c5,2026-08-04 03:57:56,E8X6iojo46RFyYc5zaAI4n7RYMR6jJXK,MVM783 - The Grandview at Las Vegas,2101A,Evolve M2
10:2b:aa:51:58:1d,2026-08-04 03:57:56,E8X6iojo46RFyYc5zaAI4n7RYMR6jJXK,MVM783 - The Grandview at Las Vegas,51403A,Evolve M2
68:ab:a9:fe:a6:b2,2026-08-04 03:57:56,E8X6iojo46RFyYc5zaAI4n7RYMR6jJXK,MVM783 - The Grandview at Las Vegas,41208B,Evolve M2
64:18:df:73:ee:7b,2026-08-04 03:57:56,E8X6iojo46RFyYc5zaAI4n7RYMR6jJXK,MVM783 - The Grandview at Las Vegas,52108A,Evolve M2
10:2b:aa:51:49:11,2026-08-04 03:57:56,E8X6iojo46RFyYc5zaAI4n7RYMR6jJXK,MVM783 - The Grandview at Las Vegas,41802A,Evolve M2
64:18:df:73:da:b3,2026-08-04 03:57:56,E8X6iojo46RFyYc5zaAI4n7RYMR6jJXK,MVM783 - The Grandview at Las Vegas,4407A,Evolve M2
10:2b:aa:51:60:75,2026-08-04 03:57:56,E8X6iojo46RFyYc5zaAI4n7RYMR6jJXK,MVM783 - The Grandview at Las Vegas,61110A,Evolve M2
10:2b:aa:51:ff:07,2026-08-04 03:57:56,E8X6iojo46RFyYc5zaAI4n7RYMR6jJXK,MVM783 - The Grandview at Las Vegas,11004B,Evolve M2
64:18:df:73:d4:ef,2026-08-04 03:57:56,E8X6iojo46RFyYc5zaAI4n7RYMR6jJXK,MVM783 - The Grandview at Las Vegas,61607A,Evolve M2
68:ab:a9:fe:8d:0b,2026-08-04 03:57:56,E8X6iojo46RFyYc5zaAI4n7RYMR6jJXK,MVM783 - The Grandview at Las Vegas,9406A,Evolve M2
10:2b:aa:51:4b:f6,2026-08-04 03:57:55,E8X6iojo46RFyYc5zaAI4n7RYMR6jJXK,MVM783 - The Grandview at Las Vegas,3410B,Evolve M2
68:ab:a9:f8:53:d1,2026-08-04 03:57:55,E8X6iojo46RFyYc5zaAI4n7RYMR6jJXK,MVM783 - The Grandview at Las Vegas,6407A,Evolve M2
68:ab:a9:fb:db:be,2026-08-04 03:57:55,E8X6iojo46RFyYc5zaAI4n7RYMR6jJXK,MVM783 - The Grandview at Las Vegas,1201A,Evolve M2
68:ab:a9:fb:d7:69,2026-08-04 03:57:55,E8X6iojo46RFyYc5zaAI4n7RYMR6jJXK,MVM783 - The Grandview at Las Vegas,31003B,Evolve M2
68:ab:a9:fe:9a:21,2026-08-04 03:57:54,E8X6iojo46RFyYc5zaAI4n7RYMR6jJXK,MVM783 - The Grandview at Las Vegas,8907A,Evolve M2
10:2b:aa:51:51:a5,2026-08-04 03:57:54,E8X6iojo46RFyYc5zaAI4n7RYMR6jJXK,MVM783 - The Grandview at Las Vegas,61605A,Evolve M2
10:2b:aa:51:68:25,2026-08-04 03:57:54,E8X6iojo46RFyYc5zaAI4n7RYMR6jJXK,MVM783 - The Grandview at Las Vegas,3409A,Evolve M2
68:ab:a9:fe:a4:92,2026-08-04 03:57:54,E8X6iojo46RFyYc5zaAI4n7RYMR6jJXK,MVM783 - The Grandview at Las Vegas,9508B,Evolve M2
64:18:df:73:df:0c,2026-08-04 03:57:54,E8X6iojo46RFyYc5zaAI4n7RYMR6jJXK,MVM783 - The Grandview at Las Vegas,62108B,Evolve M2
10:2b:aa:51:fb:6e,2026-08-04 03:57:54,E8X6iojo46RFyYc5zaAI4n7RYMR6jJXK,MVM783 - The Grandview at Las Vegas,2805A,Evolve M2
68:ab:a9:fe:49:4f,2026-08-04 03:57:54,E8X6iojo46RFyYc5zaAI4n7RYMR6jJXK,MVM783 - The Grandview at Las Vegas,9301A,Evolve M2
10:2b:aa:51:67:41,2026-08-04 03:57:53,E8X6iojo46RFyYc5zaAI4n7RYMR6jJXK,MVM783 - The Grandview at Las Vegas,51507A,Evolve M2
68:ab:a9:fe:5e:e8,2026-08-04 03:57:53,E8X6iojo46RFyYc5zaAI4n7RYMR6jJXK,MVM783 - The Grandview at Las Vegas,6603B,Evolve M2
68:ab:a9:fe:a7:42,2026-08-04 03:57:52,E8X6iojo46RFyYc5zaAI4n7RYMR6jJXK,MVM783 - The Grandview at Las Vegas,51704B,Evolve M2
68:ab:a9:fc:4b:0b,2026-08-04 03:57:52,E8X6iojo46RFyYc5zaAI4n7RYMR6jJXK,MVM783 - The Grandview at Las Vegas,9803B,Evolve M2
10:2b:aa:51:48:bd,2026-08-04 03:57:52,E8X6iojo46RFyYc5zaAI4n7RYMR6jJXK,MVM783 - The Grandview at Las Vegas,41809A,Evolve M2
68:ab:a9:fc:57:07,2026-08-04 03:57:52,E8X6iojo46RFyYc5zaAI4n7RYMR6jJXK,MVM783 - The Grandview at Las Vegas,3208A,Evolve M2
68:ab:a9:fe:eb:97,2026-08-04 03:57:52,E8X6iojo46RFyYc5zaAI4n7RYMR6jJXK,MVM783 - The Grandview at Las Vegas,41010A,Evolve M2
10:2b:aa:51:61:dd,2026-08-04 03:57:52,E8X6iojo46RFyYc5zaAI4n7RYMR6jJXK,MVM783 - The Grandview at Las Vegas,4209B,Evolve M2
68:ab:a9:fe:39:59,2026-08-04 03:57:52,E8X6iojo46RFyYc5zaAI4n7RYMR6jJXK,MVM783 - The Grandview at Las Vegas,51507B,Evolve M2
68:ab:a9:fe:fa:e2,2026-08-04 03:57:51,E8X6iojo46RFyYc5zaAI4n7RYMR6jJXK,MVM783 - The Grandview at Las Vegas,31010A,Evolve M2
68:ab:a9:f8:58:46,2026-08-04 03:57:51,E8X6iojo46RFyYc5zaAI4n7RYMR6jJXK,MVM783 - The Grandview at Las Vegas,1206A,Evolve M2
10:2b:aa:51:5d:12,2026-08-04 03:57:51,E8X6iojo46RFyYc5zaAI4n7RYMR6jJXK,MVM783 - The Grandview at Las Vegas,61908A,Evolve M2
64:18:df:74:1b:5f,2026-08-04 03:57:51,E8X6iojo46RFyYc5zaAI4n7RYMR6jJXK,MVM783 - The Grandview at Las Vegas,42003B,Evolve M2
10:2b:aa:51:6b:fd,2026-08-04 03:57:51,E8X6iojo46RFyYc5zaAI4n7RYMR6jJXK,MVM783 - The Grandview at Las Vegas,4808B,Evolve M2
10:2b:aa:51:57:27,2026-08-04 03:57:51,E8X6iojo46RFyYc5zaAI4n7RYMR6jJXK,MVM783 - The Grandview at Las Vegas,61610A,Evolve M2
64:18:df:73:e9:ef,2026-08-04 03:57:51,E8X6iojo46RFyYc5zaAI4n7RYMR6jJXK,MVM783 - The Grandview at Las Vegas,61106B,Evolve M2
10:2b:aa:51:f8:65,2026-08-04 03:57:51,E8X6iojo46RFyYc5zaAI4n7RYMR6jJXK,MVM783 - The Grandview at Las Vegas,2301A,Evolve M2
68:ab:a9:fe:90:4a,2026-08-04 03:57:50,E8X6iojo46RFyYc5zaAI4n7RYMR6jJXK,MVM783 - The Grandview at Las Vegas,81203B,Evolve M2
68:ab:a9:fb:d4:0c,2026-08-04 03:57:50,E8X6iojo46RFyYc5zaAI4n7RYMR6jJXK,MVM783 - The Grandview at Las Vegas,31001A,Evolve M2
64:18:df:73:f1:12,2026-08-04 03:57:50,E8X6iojo46RFyYc5zaAI4n7RYMR6jJXK,MVM783 - The Grandview at Las Vegas,6306B,Evolve M2
10:2b:aa:51:5f:a6,2026-08-04 03:57:50,E8X6iojo46RFyYc5zaAI4n7RYMR6jJXK,MVM783 - The Grandview at Las Vegas,31008A,Evolve M2
10:2b:aa:50:be:8a,2026-08-04 03:57:50,E8X6iojo46RFyYc5zaAI4n7RYMR6jJXK,MVM783 - The Grandview at Las Vegas,4709B,Evolve M2
64:18:df:74:28:38,2026-08-04 03:57:50,E8X6iojo46RFyYc5zaAI4n7RYMR6jJXK,MVM783 - The Grandview at Las Vegas,61506A,Evolve M2
10:2b:aa:51:fa:3c,2026-08-04 03:57:49,E8X6iojo46RFyYc5zaAI4n7RYMR6jJXK,MVM783 - The Grandview at Las Vegas,2706B,Evolve M2
64:18:df:74:00:b1,2026-08-04 03:57:49,E8X6iojo46RFyYc5zaAI4n7RYMR6jJXK,MVM783 - The Grandview at Las Vegas,6203A,Evolve M2
10:2b:aa:51:68:10,2026-08-04 03:57:49,E8X6iojo46RFyYc5zaAI4n7RYMR6jJXK,MVM783 - The Grandview at Las Vegas,3502B,Evolve M2
10:2b:aa:51:f4:09,2026-08-04 03:57:49,E8X6iojo46RFyYc5zaAI4n7RYMR6jJXK,MVM783 - The Grandview at Las Vegas,3306A,Evolve M2
10:2b:aa:51:fb:6b,2026-08-04 03:57:49,E8X6iojo46RFyYc5zaAI4n7RYMR6jJXK,MVM783 - The Grandview at Las Vegas,2403A,Evolve M2
68:ab:a9:fe:ed:8e,2026-08-04 03:57:49,E8X6iojo46RFyYc5zaAI4n7RYMR6jJXK,MVM783 - The Grandview at Las Vegas,41705B,Evolve M2
10:2b:aa:50:93:f4,2026-08-04 03:57:49,E8X6iojo46RFyYc5zaAI4n7RYMR6jJXK,MVM783 - The Grandview at Las Vegas,81208A,Evolve M2
68:ab:a9:f8:8b:d8,2026-08-04 03:57:48,E8X6iojo46RFyYc5zaAI4n7RYMR6jJXK,MVM783 - The Grandview at Las Vegas,3108B,Evolve M2
64:18:df:73:da:50,2026-08-04 03:57:48,E8X6iojo46RFyYc5zaAI4n7RYMR6jJXK,MVM783 - The Grandview at Las Vegas,91008A,Evolve M2
10:2b:aa:51:fb:e3,2026-08-04 03:57:48,E8X6iojo46RFyYc5zaAI4n7RYMR6jJXK,MVM783 - The Grandview at Las Vegas,8207A,Evolve M2
68:ab:a9:fb:47:f8,2026-08-04 03:57:48,E8X6iojo46RFyYc5zaAI4n7RYMR6jJXK,MVM783 - The Grandview at Las Vegas,31009A,Evolve M2
68:ab:a9:f8:57:41,2026-08-04 03:57:48,E8X6iojo46RFyYc5zaAI4n7RYMR6jJXK,MVM783 - The Grandview at Las Vegas,11002B,Evolve M2
68:ab:a9:fe:5f:19,2026-08-04 03:57:48,E8X6iojo46RFyYc5zaAI4n7RYMR6jJXK,MVM783 - The Grandview at Las Vegas,41709A,Evolve M2
68:ab:a9:fc:35:79,2026-08-04 03:57:47,E8X6iojo46RFyYc5zaAI4n7RYMR6jJXK,MVM783 - The Grandview at Las Vegas,3101B,Evolve M2
68:ab:a9:fe:3a:cd,2026-08-04 03:57:47,E8X6iojo46RFyYc5zaAI4n7RYMR6jJXK,MVM783 - The Grandview at Las Vegas,51408B,Evolve M2
64:18:df:74:3a:6e,2026-08-04 03:57:47,E8X6iojo46RFyYc5zaAI4n7RYMR6jJXK,MVM783 - The Grandview at Las Vegas,4208B,Evolve M2
10:2b:aa:51:f6:cd,2026-08-04 03:57:47,E8X6iojo46RFyYc5zaAI4n7RYMR6jJXK,MVM783 - The Grandview at Las Vegas,8607B,Evolve M2
68:ab:a9:fe:fa:f5,2026-08-04 03:57:47,E8X6iojo46RFyYc5zaAI4n7RYMR6jJXK,MVM783 - The Grandview at Las Vegas,51410B,Evolve M2
10:2b:aa:52:68:79,2026-08-04 03:57:47,E8X6iojo46RFyYc5zaAI4n7RYMR6jJXK,MVM783 - The Grandview at Las Vegas,9810B,Evolve M2
10:2b:aa:51:5a:66,2026-08-04 03:57:46,E8X6iojo46RFyYc5zaAI4n7RYMR6jJXK,MVM783 - The Grandview at Las Vegas,41108A,Evolve M2
10:2b:aa:51:54:33,2026-08-04 03:57:46,E8X6iojo46RFyYc5zaAI4n7RYMR6jJXK,MVM783 - The Grandview at Las Vegas,4307A,Evolve M2
64:18:df:74:64:7e,2026-08-04 03:57:46,E8X6iojo46RFyYc5zaAI4n7RYMR6jJXK,MVM783 - The Grandview at Las Vegas,6901A,Evolve M2
64:18:df:74:86:1e,2026-08-04 03:57:46,E8X6iojo46RFyYc5zaAI4n7RYMR6jJXK,MVM783 - The Grandview at Las Vegas,9908B,Evolve M2
10:2b:aa:51:53:76,2026-08-04 03:57:46,E8X6iojo46RFyYc5zaAI4n7RYMR6jJXK,MVM783 - The Grandview at Las Vegas,41809B,Evolve M2
10:2b:aa:51:f9:7f,2026-08-04 03:57:45,E8X6iojo46RFyYc5zaAI4n7RYMR6jJXK,MVM783 - The Grandview at Las Vegas,8705B,Evolve M2
10:2b:aa:51:fd:3c,2026-08-04 03:57:45,E8X6iojo46RFyYc5zaAI4n7RYMR6jJXK,MVM783 - The Grandview at Las Vegas,81002A,Evolve M2
10:2b:aa:51:f9:10,2026-08-04 03:57:45,E8X6iojo46RFyYc5zaAI4n7RYMR6jJXK,MVM783 - The Grandview at Las Vegas,9802B,Evolve M2
10:2b:aa:50:be:51,2026-08-04 03:57:45,E8X6iojo46RFyYc5zaAI4n7RYMR6jJXK,MVM783 - The Grandview at Las Vegas,51008B,Evolve M2
68:ab:a9:fc:47:ec,2026-08-04 03:57:45,E8X6iojo46RFyYc5zaAI4n7RYMR6jJXK,MVM783 - The Grandview at Las Vegas,1601A@L,Evolve M2
64:18:df:73:e3:32,2026-08-04 03:57:45,E8X6iojo46RFyYc5zaAI4n7RYMR6jJXK,MVM783 - The Grandview at Las Vegas,41403B,Evolve M2
10:2b:aa:51:51:a8,2026-08-04 03:57:44,E8X6iojo46RFyYc5zaAI4n7RYMR6jJXK,MVM783 - The Grandview at Las Vegas,6401B,Evolve M2
10:2b:aa:51:60:48,2026-08-04 03:57:44,E8X6iojo46RFyYc5zaAI4n7RYMR6jJXK,MVM783 - The Grandview at Las Vegas,5702B,Evolve M2
68:ab:a9:fe:fc:e3,2026-08-04 03:57:44,E8X6iojo46RFyYc5zaAI4n7RYMR6jJXK,MVM783 - The Grandview at Las Vegas,41001A,Evolve M2
10:2b:aa:51:52:7a,2026-08-04 03:57:44,E8X6iojo46RFyYc5zaAI4n7RYMR6jJXK,MVM783 - The Grandview at Las Vegas,51109B,Evolve M2
68:ab:a9:fe:89:26,2026-08-04 03:57:44,E8X6iojo46RFyYc5zaAI4n7RYMR6jJXK,MVM783 - The Grandview at Las Vegas,9506A,Evolve M2
10:2b:aa:51:4e:f0,2026-08-04 03:57:43,E8X6iojo46RFyYc5zaAI4n7RYMR6jJXK,MVM783 - The Grandview at Las Vegas,5606B,Evolve M2
68:ab:a9:ff:03:4f,2026-08-04 03:57:43,E8X6iojo46RFyYc5zaAI4n7RYMR6jJXK,MVM783 - The Grandview at Las Vegas,1704A@B,Evolve M2
10:2b:aa:51:fa:15,2026-08-04 03:57:43,E8X6iojo46RFyYc5zaAI4n7RYMR6jJXK,MVM783 - The Grandview at Las Vegas,8705B,Evolve M2
68:ab:a9:fc:84:bf,2026-08-04 03:57:43,E8X6iojo46RFyYc5zaAI4n7RYMR6jJXK,MVM783 - The Grandview at Las Vegas,1607A,Evolve M2
68:ab:a9:fe:56:e7,2026-08-04 03:57:43,E8X6iojo46RFyYc5zaAI4n7RYMR6jJXK,MVM783 - The Grandview at Las Vegas,91202A,Evolve M2
68:ab:a9:fe:a8:04,2026-08-04 03:57:42,E8X6iojo46RFyYc5zaAI4n7RYMR6jJXK,MVM783 - The Grandview at Las Vegas,21007A,Evolve M2
68:ab:a9:fe:90:03,2026-08-04 03:57:42,E8X6iojo46RFyYc5zaAI4n7RYMR6jJXK,MVM783 - The Grandview at Las Vegas,9606A,Evolve M2
10:2b:aa:51:53:1c,2026-08-04 03:57:41,E8X6iojo46RFyYc5zaAI4n7RYMR6jJXK,MVM783 - The Grandview at Las Vegas,41804B,Evolve M2
68:ab:a9:f8:cf:d1,2026-08-04 03:57:41,E8X6iojo46RFyYc5zaAI4n7RYMR6jJXK,MVM783 - The Grandview at Las Vegas,9804A,Evolve M2
68:ab:a9:fe:23:c6,2026-08-04 03:57:41,E8X6iojo46RFyYc5zaAI4n7RYMR6jJXK,MVM783 - The Grandview at Las Vegas,6807B,Evolve M2
10:2b:aa:51:62:9d,2026-08-04 03:57:41,E8X6iojo46RFyYc5zaAI4n7RYMR6jJXK,MVM783 - The Grandview at Las Vegas,4810A,Evolve M2
10:2b:aa:51:5c:07,2026-08-04 03:57:40,E8X6iojo46RFyYc5zaAI4n7RYMR6jJXK,MVM783 - The Grandview at Las Vegas,51407B,Evolve M2
68:ab:a9:fe:ad:7f,2026-08-04 03:57:40,E8X6iojo46RFyYc5zaAI4n7RYMR6jJXK,MVM783 - The Grandview at Las Vegas,21008B,Evolve M2
10:2b:aa:51:59:1f,2026-08-04 03:57:40,E8X6iojo46RFyYc5zaAI4n7RYMR6jJXK,MVM783 - The Grandview at Las Vegas,91204B,Evolve M2
10:2b:aa:51:6a:8f,2026-08-04 03:57:40,E8X6iojo46RFyYc5zaAI4n7RYMR6jJXK,MVM783 - The Grandview at Las Vegas,4202A,Evolve M2
10:2b:aa:51:6a:11,2026-08-04 03:57:40,E8X6iojo46RFyYc5zaAI4n7RYMR6jJXK,MVM783 - The Grandview at Las Vegas,3707A,Evolve M2
10:2b:aa:51:f4:69,2026-08-04 03:57:40,E8X6iojo46RFyYc5zaAI4n7RYMR6jJXK,MVM783 - The Grandview at Las Vegas,8601A,Evolve M2
10:2b:aa:51:60:6c,2026-08-04 03:57:40,E8X6iojo46RFyYc5zaAI4n7RYMR6jJXK,MVM783 - The Grandview at Las Vegas,6902A,Evolve M2
68:ab:a9:f8:2b:88,2026-08-04 03:57:40,E8X6iojo46RFyYc5zaAI4n7RYMR6jJXK,MVM783 - The Grandview at Las Vegas,2501A,Evolve M2
68:ab:a9:fe:96:68,2026-08-04 03:57:40,E8X6iojo46RFyYc5zaAI4n7RYMR6jJXK,MVM783 - The Grandview at Las Vegas,6807B,Evolve M2
68:ab:a9:fe:a3:57,2026-08-04 03:57:40,E8X6iojo46RFyYc5zaAI4n7RYMR6jJXK,MVM783 - The Grandview at Las Vegas,42102B,Evolve M2
68:ab:a9:fb:cc:aa,2026-08-04 03:57:39,E8X6iojo46RFyYc5zaAI4n7RYMR6jJXK,MVM783 - The Grandview at Las Vegas,8102B,Evolve M2
68:ab:a9:fb:f4:fc,2026-08-04 03:57:39,E8X6iojo46RFyYc5zaAI4n7RYMR6jJXK,MVM783 - The Grandview at Las Vegas,4404B,Evolve M2
10:2b:aa:51:5f:f7,2026-08-04 03:57:39,E8X6iojo46RFyYc5zaAI4n7RYMR6jJXK,MVM783 - The Grandview at Las Vegas,4204B,Evolve M2
10:2b:aa:51:67:32,2026-08-04 03:57:39,E8X6iojo46RFyYc5zaAI4n7RYMR6jJXK,MVM783 - The Grandview at Las Vegas,91105B,Evolve M2
64:18:df:73:d0:44,2026-08-04 03:57:39,E8X6iojo46RFyYc5zaAI4n7RYMR6jJXK,MVM783 - The Grandview at Las Vegas,61209B,Evolve M2
64:18:df:73:df:3c,2026-08-04 03:57:38,E8X6iojo46RFyYc5zaAI4n7RYMR6jJXK,MVM783 - The Grandview at Las Vegas,52110B,Evolve M2
10:2b:aa:50:c3:73,2026-08-04 03:57:38,E8X6iojo46RFyYc5zaAI4n7RYMR6jJXK,MVM783 - The Grandview at Las Vegas,9901B,Evolve M2
10:2b:aa:51:4f:ad,2026-08-04 03:57:38,E8X6iojo46RFyYc5zaAI4n7RYMR6jJXK,MVM783 - The Grandview at Las Vegas,61802A,Evolve M2
68:ab:a9:fe:ff:da,2026-08-04 03:57:38,E8X6iojo46RFyYc5zaAI4n7RYMR6jJXK,MVM783 - The Grandview at Las Vegas,41004A,Evolve M2
10:2b:aa:51:f5:44,2026-08-04 03:57:37,E8X6iojo46RFyYc5zaAI4n7RYMR6jJXK,MVM783 - The Grandview at Las Vegas,81007B,Evolve M2
10:2b:aa:51:61:7a,2026-08-04 03:57:37,E8X6iojo46RFyYc5zaAI4n7RYMR6jJXK,MVM783 - The Grandview at Las Vegas,4501A,Evolve M2
64:18:df:74:03:8e,2026-08-04 03:57:37,E8X6iojo46RFyYc5zaAI4n7RYMR6jJXK,MVM783 - The Grandview at Las Vegas,62106A,Evolve M2
64:18:df:74:87:a7,2026-08-04 03:57:37,E8X6iojo46RFyYc5zaAI4n7RYMR6jJXK,MVM783 - The Grandview at Las Vegas,6407B,Evolve M2
10:2b:aa:52:68:7f,2026-08-04 03:57:37,E8X6iojo46RFyYc5zaAI4n7RYMR6jJXK,MVM783 - The Grandview at Las Vegas,4608A,Evolve M2
64:18:df:74:17:09,2026-08-04 03:57:36,E8X6iojo46RFyYc5zaAI4n7RYMR6jJXK,MVM783 - The Grandview at Las Vegas,51809A,Evolve M2
64:18:df:74:17:7d,2026-08-04 03:57:36,E8X6iojo46RFyYc5zaAI4n7RYMR6jJXK,MVM783 - The Grandview at Las Vegas,9908A,Evolve M2
64:18:df:73:d4:80,2026-08-04 03:57:36,E8X6iojo46RFyYc5zaAI4n7RYMR6jJXK,MVM783 - The Grandview at Las Vegas,9901A,Evolve M2
64:18:df:74:01:09,2026-08-04 03:57:35,E8X6iojo46RFyYc5zaAI4n7RYMR6jJXK,MVM783 - The Grandview at Las Vegas,4305A,Evolve M2
68:ab:a9:fe:f9:0c,2026-08-04 03:57:35,E8X6iojo46RFyYc5zaAI4n7RYMR6jJXK,MVM783 - The Grandview at Las Vegas,51610A,Evolve M2
10:2b:aa:51:67:65,2026-08-04 03:57:35,E8X6iojo46RFyYc5zaAI4n7RYMR6jJXK,MVM783 - The Grandview at Las Vegas,3710B,Evolve M2
10:2b:aa:51:4b:5d,2026-08-04 03:57:35,E8X6iojo46RFyYc5zaAI4n7RYMR6jJXK,MVM783 - The Grandview at Las Vegas,3806B,Evolve M2
10:2b:aa:51:5b:0e,2026-08-04 03:57:35,E8X6iojo46RFyYc5zaAI4n7RYMR6jJXK,MVM783 - The Grandview at Las Vegas,3304A,Evolve M2
10:2b:aa:51:65:eb,2026-08-04 03:57:35,E8X6iojo46RFyYc5zaAI4n7RYMR6jJXK,MVM783 - The Grandview at Las Vegas,41503A,Evolve M2
68:ab:a9:f9:99:7f,2026-08-04 03:57:35,E8X6iojo46RFyYc5zaAI4n7RYMR6jJXK,MVM783 - The Grandview at Las Vegas,52006A,Evolve M2
64:18:df:74:28:f2,2026-08-04 03:57:35,E8X6iojo46RFyYc5zaAI4n7RYMR6jJXK,MVM783 - The Grandview at Las Vegas,5506B,Evolve M2
10:2b:aa:51:4a:55,2026-08-04 03:57:34,E8X6iojo46RFyYc5zaAI4n7RYMR6jJXK,MVM783 - The Grandview at Las Vegas,61505B,Evolve M2
10:2b:aa:51:5e:20,2026-08-04 03:57:34,E8X6iojo46RFyYc5zaAI4n7RYMR6jJXK,MVM783 - The Grandview at Las Vegas,61605B,Evolve M2
68:ab:a9:fc:38:cd,2026-08-04 03:57:34,E8X6iojo46RFyYc5zaAI4n7RYMR6jJXK,MVM783 - The Grandview at Las Vegas,1207B@L,Evolve M2
68:ab:a9:fe:94:ac,2026-08-04 03:57:34,E8X6iojo46RFyYc5zaAI4n7RYMR6jJXK,MVM783 - The Grandview at Las Vegas,11105A,Evolve M2
68:ab:a9:fd:aa:65,2026-08-04 03:57:34,E8X6iojo46RFyYc5zaAI4n7RYMR6jJXK,MVM783 - The Grandview at Las Vegas,41009A,Evolve M2
68:ab:a9:ff:04:18,2026-08-04 03:57:33,E8X6iojo46RFyYc5zaAI4n7RYMR6jJXK,MVM783 - The Grandview at Las Vegas,21203A,Evolve M2
68:ab:a9:fe:a6:06,2026-08-04 03:57:33,E8X6iojo46RFyYc5zaAI4n7RYMR6jJXK,MVM783 - The Grandview at Las Vegas,41705A,Evolve M2
64:18:df:74:8f:de,2026-08-04 03:57:33,E8X6iojo46RFyYc5zaAI4n7RYMR6jJXK,MVM783 - The Grandview at Las Vegas,61706A,Evolve M2
68:ab:a9:ff:16:32,2026-08-04 03:57:33,E8X6iojo46RFyYc5zaAI4n7RYMR6jJXK,MVM783 - The Grandview at Las Vegas,41207A,Evolve M2
10:2b:aa:51:5b:20,2026-08-04 03:57:33,E8X6iojo46RFyYc5zaAI4n7RYMR6jJXK,MVM783 - The Grandview at Las Vegas,5103B,Evolve M2
68:ab:a9:fc:37:88,2026-08-04 03:57:33,E8X6iojo46RFyYc5zaAI4n7RYMR6jJXK,MVM783 - The Grandview at Las Vegas,2206A,Evolve M2
68:ab:a9:fe:79:53,2026-08-04 03:57:32,E8X6iojo46RFyYc5zaAI4n7RYMR6jJXK,MVM783 - The Grandview at Las Vegas,9710B,Evolve M2
10:2b:aa:51:5e:35,2026-08-04 03:57:32,E8X6iojo46RFyYc5zaAI4n7RYMR6jJXK,MVM783 - The Grandview at Las Vegas,6201A,Evolve M2
68:ab:a9:fe:a3:2d,2026-08-04 03:57:32,E8X6iojo46RFyYc5zaAI4n7RYMR6jJXK,MVM783 - The Grandview at Las Vegas,41502B,Evolve M2
10:2b:aa:51:f8:c8,2026-08-04 03:57:32,E8X6iojo46RFyYc5zaAI4n7RYMR6jJXK,MVM783 - The Grandview at Las Vegas,3905B,Evolve M2
64:18:df:73:d4:83,2026-08-04 03:57:31,E8X6iojo46RFyYc5zaAI4n7RYMR6jJXK,MVM783 - The Grandview at Las Vegas,61606A,Evolve M2
64:18:df:74:06:1c,2026-08-04 03:57:31,E8X6iojo46RFyYc5zaAI4n7RYMR6jJXK,MVM783 - The Grandview at Las Vegas,5203A,Evolve M2
10:2b:aa:51:fe:f8,2026-08-04 03:57:31,E8X6iojo46RFyYc5zaAI4n7RYMR6jJXK,MVM783 - The Grandview at Las Vegas,21101B,Evolve M2
68:ab:a9:f8:6d:a8,2026-08-04 03:57:31,E8X6iojo46RFyYc5zaAI4n7RYMR6jJXK,MVM783 - The Grandview at Las Vegas,8307B,Evolve M2
64:18:df:73:a0:4c,2026-08-04 03:57:30,E8X6iojo46RFyYc5zaAI4n7RYMR6jJXK,MVM783 - The Grandview at Las Vegas,62001A,Evolve M2
10:2b:aa:51:53:ca,2026-08-04 03:57:29,E8X6iojo46RFyYc5zaAI4n7RYMR6jJXK,MVM783 - The Grandview at Las Vegas,41408B,Evolve M2
68:ab:a9:fe:af:b7,2026-08-04 03:57:28,E8X6iojo46RFyYc5zaAI4n7RYMR6jJXK,MVM783 - The Grandview at Las Vegas,2907B,Evolve M2
10:2b:aa:51:48:93,2026-08-04 03:57:28,E8X6iojo46RFyYc5zaAI4n7RYMR6jJXK,MVM783 - The Grandview at Las Vegas,9505B,Evolve M2
68:ab:a9:fe:bd:9b,2026-08-04 03:57:28,E8X6iojo46RFyYc5zaAI4n7RYMR6jJXK,MVM783 - The Grandview at Las Vegas,3608A,Evolve M2
68:ab:a9:fc:45:8f,2026-08-04 03:57:28,E8X6iojo46RFyYc5zaAI4n7RYMR6jJXK,MVM783 - The Grandview at Las Vegas,11104B,Evolve M2
68:ab:a9:f8:c3:94,2026-08-04 03:57:28,E8X6iojo46RFyYc5zaAI4n7RYMR6jJXK,MVM783 - The Grandview at Las Vegas,42006B,Evolve M2
64:18:df:73:eb:f0,2026-08-04 03:57:27,E8X6iojo46RFyYc5zaAI4n7RYMR6jJXK,MVM783 - The Grandview at Las Vegas,4706B,Evolve M2
68:ab:a9:fc:21:76,2026-08-04 03:57:27,E8X6iojo46RFyYc5zaAI4n7RYMR6jJXK,MVM783 - The Grandview at Las Vegas,61604B,Evolve M2
64:18:df:73:ce:08,2026-08-04 03:57:26,E8X6iojo46RFyYc5zaAI4n7RYMR6jJXK,MVM783 - The Grandview at Las Vegas,4409B,Evolve M2
10:2b:aa:51:ff:55,2026-08-04 03:57:26,E8X6iojo46RFyYc5zaAI4n7RYMR6jJXK,MVM783 - The Grandview at Las Vegas,2707B,Evolve M2
10:2b:aa:51:52:a4,2026-08-04 03:57:26,E8X6iojo46RFyYc5zaAI4n7RYMR6jJXK,MVM783 - The Grandview at Las Vegas,41707B,Evolve M2
10:2b:aa:51:54:f9,2026-08-04 03:57:26,E8X6iojo46RFyYc5zaAI4n7RYMR6jJXK,MVM783 - The Grandview at Las Vegas,51807B,Evolve M2
68:ab:a9:f8:a2:15,2026-08-04 03:57:25,E8X6iojo46RFyYc5zaAI4n7RYMR6jJXK,MVM783 - The Grandview at Las Vegas,52008B,Evolve M2
68:ab:a9:f8:c1:0a,2026-08-04 03:57:25,E8X6iojo46RFyYc5zaAI4n7RYMR6jJXK,MVM783 - The Grandview at Las Vegas,9508A,Evolve M2
10:2b:aa:51:5b:59,2026-08-04 03:57:25,E8X6iojo46RFyYc5zaAI4n7RYMR6jJXK,MVM783 - The Grandview at Las Vegas,9106B,Evolve M2
10:2b:aa:51:59:8e,2026-08-04 03:57:25,E8X6iojo46RFyYc5zaAI4n7RYMR6jJXK,MVM783 - The Grandview at Las Vegas,6908A,Evolve M2
10:2b:aa:51:53:af,2026-08-04 03:57:25,E8X6iojo46RFyYc5zaAI4n7RYMR6jJXK,MVM783 - The Grandview at Las Vegas,41805B,Evolve M2
64:18:df:74:69:7e,2026-08-04 03:57:23,E8X6iojo46RFyYc5zaAI4n7RYMR6jJXK,MVM783 - The Grandview at Las Vegas,4106A,Evolve M2
10:2b:aa:51:63:fc,2026-08-04 03:57:23,E8X6iojo46RFyYc5zaAI4n7RYMR6jJXK,MVM783 - The Grandview at Las Vegas,4705A,Evolve M2
68:ab:a9:ff:01:d8,2026-08-04 03:57:23,E8X6iojo46RFyYc5zaAI4n7RYMR6jJXK,MVM783 - The Grandview at Las Vegas,4604B,Evolve M2
10:2b:aa:51:4d:79,2026-08-04 03:57:23,E8X6iojo46RFyYc5zaAI4n7RYMR6jJXK,MVM783 - The Grandview at Las Vegas,4904A,Evolve M2
10:2b:aa:51:64:20,2026-08-04 03:57:23,E8X6iojo46RFyYc5zaAI4n7RYMR6jJXK,MVM783 - The Grandview at Las Vegas,3706B,Evolve M2
10:2b:aa:51:57:ed,2026-08-04 03:57:22,E8X6iojo46RFyYc5zaAI4n7RYMR6jJXK,MVM783 - The Grandview at Las Vegas,61804A,Evolve M2
10:2b:aa:51:51:4b,2026-08-04 03:57:22,E8X6iojo46RFyYc5zaAI4n7RYMR6jJXK,MVM783 - The Grandview at Las Vegas,5802B,Evolve M2
68:ab:a9:fb:f2:f5,2026-08-04 03:57:22,E8X6iojo46RFyYc5zaAI4n7RYMR6jJXK,MVM783 - The Grandview at Las Vegas,41410B,Evolve M2
68:ab:a9:fe:a5:16,2026-08-04 03:57:22,E8X6iojo46RFyYc5zaAI4n7RYMR6jJXK,MVM783 - The Grandview at Las Vegas,42101A,Evolve M2
68:ab:a9:f7:ba:0e,2026-08-04 03:57:22,E8X6iojo46RFyYc5zaAI4n7RYMR6jJXK,MVM783 - The Grandview at Las Vegas,2208B,Evolve M2
68:ab:a9:fe:82:3e,2026-08-04 03:57:22,E8X6iojo46RFyYc5zaAI4n7RYMR6jJXK,MVM783 - The Grandview at Las Vegas,9610A,Evolve M2
68:ab:a9:fe:cd:17,2026-08-04 03:57:22,E8X6iojo46RFyYc5zaAI4n7RYMR6jJXK,MVM783 - The Grandview at Las Vegas,6603A,Evolve M2
10:2b:aa:51:f5:26,2026-08-04 03:57:22,E8X6iojo46RFyYc5zaAI4n7RYMR6jJXK,MVM783 - The Grandview at Las Vegas,11202B,Evolve M2
10:2b:aa:51:5e:c2,2026-08-04 03:57:21,E8X6iojo46RFyYc5zaAI4n7RYMR6jJXK,MVM783 - The Grandview at Las Vegas,51107A,Evolve M2
10:2b:aa:51:f5:23,2026-08-04 03:57:21,E8X6iojo46RFyYc5zaAI4n7RYMR6jJXK,MVM783 - The Grandview at Las Vegas,81007B,Evolve M2
10:2b:aa:51:fe:6e,2026-08-04 03:57:21,E8X6iojo46RFyYc5zaAI4n7RYMR6jJXK,MVM783 - The Grandview at Las Vegas,81007A,Evolve M2
64:18:df:74:05:98,2026-08-04 03:57:21,E8X6iojo46RFyYc5zaAI4n7RYMR6jJXK,MVM783 - The Grandview at Las Vegas,6104A,Evolve M2
68:ab:a9:fe:ef:17,2026-08-04 03:57:21,E8X6iojo46RFyYc5zaAI4n7RYMR6jJXK,MVM783 - The Grandview at Las Vegas,21104B,Evolve M2
10:2b:aa:51:fa:9c,2026-08-04 03:57:21,E8X6iojo46RFyYc5zaAI4n7RYMR6jJXK,MVM783 - The Grandview at Las Vegas,9410A,Evolve M2
10:2b:aa:51:f6:85,2026-08-04 03:57:21,E8X6iojo46RFyYc5zaAI4n7RYMR6jJXK,MVM783 - The Grandview at Las Vegas,21201A,Evolve M2
10:2b:aa:51:5c:6d,2026-08-04 03:57:20,E8X6iojo46RFyYc5zaAI4n7RYMR6jJXK,MVM783 - The Grandview at Las Vegas,5203A,Evolve M2
64:18:df:74:6a:dc,2026-08-04 03:57:20,E8X6iojo46RFyYc5zaAI4n7RYMR6jJXK,MVM783 - The Grandview at Las Vegas,62007A,Evolve M2
68:ab:a9:fe:88:84,2026-08-04 03:57:19,E8X6iojo46RFyYc5zaAI4n7RYMR6jJXK,MVM783 - The Grandview at Las Vegas,81003B,Evolve M2
10:2b:aa:51:62:8e,2026-08-04 03:57:19,E8X6iojo46RFyYc5zaAI4n7RYMR6jJXK,MVM783 - The Grandview at Las Vegas,6110A,Evolve M2
68:ab:a9:fe:f9:1c,2026-08-04 03:57:19,E8X6iojo46RFyYc5zaAI4n7RYMR6jJXK,MVM783 - The Grandview at Las Vegas,8203B,Evolve M2
10:2b:aa:51:61:da,2026-08-04 03:57:18,E8X6iojo46RFyYc5zaAI4n7RYMR6jJXK,MVM783 - The Grandview at Las Vegas,4208B,Evolve M2
10:2b:aa:51:f9:be,2026-08-04 03:57:17,E8X6iojo46RFyYc5zaAI4n7RYMR6jJXK,MVM783 - The Grandview at Las Vegas,2203A@B,Evolve M2
10:2b:aa:50:c3:5e,2026-08-04 03:57:17,E8X6iojo46RFyYc5zaAI4n7RYMR6jJXK,MVM783 - The Grandview at Las Vegas,51003A,Evolve M2
10:2b:aa:50:c3:55,2026-08-04 03:57:17,E8X6iojo46RFyYc5zaAI4n7RYMR6jJXK,MVM783 - The Grandview at Las Vegas,51105A,Evolve M2
10:2b:aa:51:66:84,2026-08-04 03:57:17,E8X6iojo46RFyYc5zaAI4n7RYMR6jJXK,MVM783 - The Grandview at Las Vegas,4605A,Evolve M2
68:ab:a9:fe:a4:b3,2026-08-04 03:57:17,E8X6iojo46RFyYc5zaAI4n7RYMR6jJXK,MVM783 - The Grandview at Las Vegas,81202A,Evolve M2
10:2b:aa:51:54:03,2026-08-04 03:57:17,E8X6iojo46RFyYc5zaAI4n7RYMR6jJXK,MVM783 - The Grandview at Las Vegas,41802A,Evolve M2
68:ab:a9:fe:5f:67,2026-08-04 03:57:17,E8X6iojo46RFyYc5zaAI4n7RYMR6jJXK,MVM783 - The Grandview at Las Vegas,41003A,Evolve M2
10:2b:aa:51:fe:8c,2026-08-04 03:57:17,E8X6iojo46RFyYc5zaAI4n7RYMR6jJXK,MVM783 - The Grandview at Las Vegas,4903A,Evolve M2
10:2b:aa:51:4e:36,2026-08-04 03:57:16,E8X6iojo46RFyYc5zaAI4n7RYMR6jJXK,MVM783 - The Grandview at Las Vegas,61408A,Evolve M2
10:2b:aa:51:4f:20,2026-08-04 03:57:16,E8X6iojo46RFyYc5zaAI4n7RYMR6jJXK,MVM783 - The Grandview at Las Vegas,8805B,Evolve M2
64:18:df:73:ed:e2,2026-08-04 03:57:16,E8X6iojo46RFyYc5zaAI4n7RYMR6jJXK,MVM783 - The Grandview at Las Vegas,3708B,Evolve M2
68:ab:a9:ff:00:7e,2026-08-04 03:57:16,E8X6iojo46RFyYc5zaAI4n7RYMR6jJXK,MVM783 - The Grandview at Las Vegas,1707A,Evolve M2
68:ab:a9:f8:a8:fc,2026-08-04 03:57:16,E8X6iojo46RFyYc5zaAI4n7RYMR6jJXK,MVM783 - The Grandview at Las Vegas,9809B,Evolve M2
68:ab:a9:fe:d6:10,2026-08-04 03:57:16,E8X6iojo46RFyYc5zaAI4n7RYMR6jJXK,MVM783 - The Grandview at Las Vegas,41902A,Evolve M2
10:2b:aa:51:f9:b2,2026-08-04 03:57:16,E8X6iojo46RFyYc5zaAI4n7RYMR6jJXK,MVM783 - The Grandview at Las Vegas,11208A,Evolve M2
10:2b:aa:51:fa:7b,2026-08-04 03:57:16,E8X6iojo46RFyYc5zaAI4n7RYMR6jJXK,MVM783 - The Grandview at Las Vegas,9409A,Evolve M2
68:ab:a9:fb:d8:0f,2026-08-04 03:57:15,E8X6iojo46RFyYc5zaAI4n7RYMR6jJXK,MVM783 - The Grandview at Las Vegas,3108A,Evolve M2
10:2b:aa:51:5d:c0,2026-08-04 03:57:15,E8X6iojo46RFyYc5zaAI4n7RYMR6jJXK,MVM783 - The Grandview at Las Vegas,91202B,Evolve M2
10:2b:aa:51:62:e2,2026-08-04 03:57:15,E8X6iojo46RFyYc5zaAI4n7RYMR6jJXK,MVM783 - The Grandview at Las Vegas,51502A,Evolve M2
68:ab:a9:f8:d3:65,2026-08-04 03:57:14,E8X6iojo46RFyYc5zaAI4n7RYMR6jJXK,MVM783 - The Grandview at Las Vegas,91106B,Evolve M2
10:2b:aa:51:60:f0,2026-08-04 03:57:14,E8X6iojo46RFyYc5zaAI4n7RYMR6jJXK,MVM783 - The Grandview at Las Vegas,4501A,Evolve M2
68:ab:a9:f9:dc:c8,2026-08-04 03:57:14,E8X6iojo46RFyYc5zaAI4n7RYMR6jJXK,MVM783 - The Grandview at Las Vegas,91001B,Evolve M2
10:2b:aa:51:69:30,2026-08-04 03:57:14,E8X6iojo46RFyYc5zaAI4n7RYMR6jJXK,MVM783 - The Grandview at Las Vegas,51701A,Evolve M2
68:ab:a9:fc:4b:af,2026-08-04 03:57:14,E8X6iojo46RFyYc5zaAI4n7RYMR6jJXK,MVM783 - The Grandview at Las Vegas,11101B,Evolve M2
10:2b:aa:51:62:fd,2026-08-04 03:57:14,E8X6iojo46RFyYc5zaAI4n7RYMR6jJXK,MVM783 - The Grandview at Las Vegas,4806A,Evolve M2
10:2b:aa:51:67:68,2026-08-04 03:57:14,E8X6iojo46RFyYc5zaAI4n7RYMR6jJXK,MVM783 - The Grandview at Las Vegas,41508B,Evolve M2
10:2b:aa:51:4e:87,2026-08-04 03:57:14,E8X6iojo46RFyYc5zaAI4n7RYMR6jJXK,MVM783 - The Grandview at Las Vegas,6610A,Evolve M2
64:18:df:74:82:07,2026-08-04 03:57:13,E8X6iojo46RFyYc5zaAI4n7RYMR6jJXK,MVM783 - The Grandview at Las Vegas,6701A,Evolve M2
10:2b:aa:51:65:af,2026-08-04 03:57:13,E8X6iojo46RFyYc5zaAI4n7RYMR6jJXK,MVM783 - The Grandview at Las Vegas,4801A,Evolve M2
10:2b:aa:51:5f:4c,2026-08-04 03:57:13,E8X6iojo46RFyYc5zaAI4n7RYMR6jJXK,MVM783 - The Grandview at Las Vegas,4805A,Evolve M2
64:18:df:73:c0:93,2026-08-04 03:57:13,E8X6iojo46RFyYc5zaAI4n7RYMR6jJXK,MVM783 - The Grandview at Las Vegas,6409B,Evolve M2
10:2b:aa:51:61:71,2026-08-04 03:57:13,E8X6iojo46RFyYc5zaAI4n7RYMR6jJXK,MVM783 - The Grandview at Las Vegas,5301B,Evolve M2
68:ab:a9:fe:f7:b8,2026-08-04 03:57:13,E8X6iojo46RFyYc5zaAI4n7RYMR6jJXK,MVM783 - The Grandview at Las Vegas,1706B,Evolve M2
64:18:df:74:21:4f,2026-08-04 03:57:13,E8X6iojo46RFyYc5zaAI4n7RYMR6jJXK,MVM783 - The Grandview at Las Vegas,62104B,Evolve M2
64:18:df:73:df:72,2026-08-04 03:57:13,E8X6iojo46RFyYc5zaAI4n7RYMR6jJXK,MVM783 - The Grandview at Las Vegas,61010B,Evolve M2
68:ab:a9:ff:01:8b,2026-08-04 03:57:12,E8X6iojo46RFyYc5zaAI4n7RYMR6jJXK,MVM783 - The Grandview at Las Vegas,51207A,Evolve M2
10:2b:aa:51:f9:64,2026-08-04 03:57:12,E8X6iojo46RFyYc5zaAI4n7RYMR6jJXK,MVM783 - The Grandview at Las Vegas,8702B,Evolve M2
10:2b:aa:51:69:27,2026-08-04 03:57:12,E8X6iojo46RFyYc5zaAI4n7RYMR6jJXK,MVM783 - The Grandview at Las Vegas,52107A,Evolve M2
64:18:df:74:39:71,2026-08-04 03:57:12,E8X6iojo46RFyYc5zaAI4n7RYMR6jJXK,MVM783 - The Grandview at Las Vegas,9907A,Evolve M2
10:2b:aa:51:57:fc,2026-08-04 03:57:12,E8X6iojo46RFyYc5zaAI4n7RYMR6jJXK,MVM783 - The Grandview at Las Vegas,3904A,Evolve M2
68:ab:a9:f8:cf:bf,2026-08-04 03:57:12,E8X6iojo46RFyYc5zaAI4n7RYMR6jJXK,MVM783 - The Grandview at Las Vegas,2701B,Evolve M2
68:ab:a9:fe:24:a7,2026-08-04 03:57:11,E8X6iojo46RFyYc5zaAI4n7RYMR6jJXK,MVM783 - The Grandview at Las Vegas,51709A,Evolve M2
10:2b:aa:51:52:50,2026-08-04 03:57:11,E8X6iojo46RFyYc5zaAI4n7RYMR6jJXK,MVM783 - The Grandview at Las Vegas,51002A,Evolve M2
10:2b:aa:51:53:1f,2026-08-04 03:57:11,E8X6iojo46RFyYc5zaAI4n7RYMR6jJXK,MVM783 - The Grandview at Las Vegas,9905A,Evolve M2
10:2b:aa:51:4d:64,2026-08-04 03:57:11,E8X6iojo46RFyYc5zaAI4n7RYMR6jJXK,MVM783 - The Grandview at Las Vegas,61204A,Evolve M2
68:ab:a9:f7:cb:f5,2026-08-04 03:57:10,E8X6iojo46RFyYc5zaAI4n7RYMR6jJXK,MVM783 - The Grandview at Las Vegas,8306A,Evolve M2
64:18:df:74:2a:5e,2026-08-04 03:57:10,E8X6iojo46RFyYc5zaAI4n7RYMR6jJXK,MVM783 - The Grandview at Las Vegas,52009A,Evolve M2
10:2b:aa:51:5a:db,2026-08-04 03:57:10,E8X6iojo46RFyYc5zaAI4n7RYMR6jJXK,MVM783 - The Grandview at Las Vegas,3109A,Evolve M2
10:2b:aa:51:f9:04,2026-08-04 03:57:10,E8X6iojo46RFyYc5zaAI4n7RYMR6jJXK,MVM783 - The Grandview at Las Vegas,8302A,Evolve M2
10:2b:aa:51:54:84,2026-08-04 03:57:10,E8X6iojo46RFyYc5zaAI4n7RYMR6jJXK,MVM783 - The Grandview at Las Vegas,3809A,Evolve M2
10:2b:aa:51:59:b5,2026-08-04 03:57:10,E8X6iojo46RFyYc5zaAI4n7RYMR6jJXK,MVM783 - The Grandview at Las Vegas,6910B,Evolve M2
68:ab:a9:f8:bd:3e,2026-08-04 03:57:10,E8X6iojo46RFyYc5zaAI4n7RYMR6jJXK,MVM783 - The Grandview at Las Vegas,9305A,Evolve M2
68:ab:a9:fe:8d:57,2026-08-04 03:57:10,E8X6iojo46RFyYc5zaAI4n7RYMR6jJXK,MVM783 - The Grandview at Las Vegas,81006B,Evolve M2
10:2b:aa:51:4b:c3,2026-08-04 03:57:09,E8X6iojo46RFyYc5zaAI4n7RYMR6jJXK,MVM783 - The Grandview at Las Vegas,3808A,Evolve M2
64:18:df:73:e9:bf,2026-08-04 03:57:09,E8X6iojo46RFyYc5zaAI4n7RYMR6jJXK,MVM783 - The Grandview at Las Vegas,41910A,Evolve M2
68:ab:a9:fe:a5:2b,2026-08-04 03:57:09,E8X6iojo46RFyYc5zaAI4n7RYMR6jJXK,MVM783 - The Grandview at Las Vegas,41605A,Evolve M2
68:ab:a9:ff:14:e8,2026-08-04 03:57:09,E8X6iojo46RFyYc5zaAI4n7RYMR6jJXK,MVM783 - The Grandview at Las Vegas,4908A,Evolve M2
64:18:df:74:50:e7,2026-08-04 03:57:08,E8X6iojo46RFyYc5zaAI4n7RYMR6jJXK,MVM783 - The Grandview at Las Vegas,62105B,Evolve M2
64:18:df:74:67:03,2026-08-04 03:57:08,E8X6iojo46RFyYc5zaAI4n7RYMR6jJXK,MVM783 - The Grandview at Las Vegas,62005B,Evolve M2
64:18:df:74:4f:3a,2026-08-04 03:57:08,E8X6iojo46RFyYc5zaAI4n7RYMR6jJXK,MVM783 - The Grandview at Las Vegas,62104A,Evolve M2
68:ab:a9:ff:05:c2,2026-08-04 03:57:08,E8X6iojo46RFyYc5zaAI4n7RYMR6jJXK,MVM783 - The Grandview at Las Vegas,51708B,Evolve M2
10:2b:aa:51:4f:29,2026-08-04 03:57:07,E8X6iojo46RFyYc5zaAI4n7RYMR6jJXK,MVM783 - The Grandview at Las Vegas,EVOLVE,Evolve M2
10:2b:aa:52:66:03,2026-08-04 03:57:07,E8X6iojo46RFyYc5zaAI4n7RYMR6jJXK,MVM783 - The Grandview at Las Vegas,11201B,Evolve M2
64:18:df:73:f4:8d,2026-08-04 03:57:07,E8X6iojo46RFyYc5zaAI4n7RYMR6jJXK,MVM783 - The Grandview at Las Vegas,3307B,Evolve M2
64:18:df:73:b9:19,2026-08-04 03:57:07,E8X6iojo46RFyYc5zaAI4n7RYMR6jJXK,MVM783 - The Grandview at Las Vegas,41106A,Evolve M2
64:18:df:73:f3:c7,2026-08-04 03:57:07,E8X6iojo46RFyYc5zaAI4n7RYMR6jJXK,MVM783 - The Grandview at Las Vegas,5509B,Evolve M2
10:2b:aa:51:59:31,2026-08-04 03:57:07,E8X6iojo46RFyYc5zaAI4n7RYMR6jJXK,MVM783 - The Grandview at Las Vegas,61901B,Evolve M2
64:18:df:74:96:d4,2026-08-04 03:57:07,E8X6iojo46RFyYc5zaAI4n7RYMR6jJXK,MVM783 - The Grandview at Las Vegas,3403A,Evolve M2
10:2b:aa:51:f9:79,2026-08-04 03:57:06,E8X6iojo46RFyYc5zaAI4n7RYMR6jJXK,MVM783 - The Grandview at Las Vegas,11207A,Evolve M2
68:ab:a9:fc:7d:4f,2026-08-04 03:57:06,E8X6iojo46RFyYc5zaAI4n7RYMR6jJXK,MVM783 - The Grandview at Las Vegas,8501A,Evolve M2
64:18:df:74:10:f6,2026-08-04 03:57:06,E8X6iojo46RFyYc5zaAI4n7RYMR6jJXK,MVM783 - The Grandview at Las Vegas,52003A,Evolve M2
10:2b:aa:51:50:9a,2026-08-04 03:57:06,E8X6iojo46RFyYc5zaAI4n7RYMR6jJXK,MVM783 - The Grandview at Las Vegas,51201A,Evolve M2
10:2b:aa:51:f8:59,2026-08-04 03:57:06,E8X6iojo46RFyYc5zaAI4n7RYMR6jJXK,MVM783 - The Grandview at Las Vegas,2304A,Evolve M2
68:ab:a9:fe:4e:a1,2026-08-04 03:57:05,E8X6iojo46RFyYc5zaAI4n7RYMR6jJXK,MVM783 - The Grandview at Las Vegas,9607B,Evolve M2
64:18:df:74:53:f6,2026-08-04 03:57:05,E8X6iojo46RFyYc5zaAI4n7RYMR6jJXK,MVM783 - The Grandview at Las Vegas,6306A,Evolve M2
10:2b:aa:51:f6:37,2026-08-04 03:57:05,E8X6iojo46RFyYc5zaAI4n7RYMR6jJXK,MVM783 - The Grandview at Las Vegas,21001A,Evolve M2
10:2b:aa:51:60:5a,2026-08-04 03:57:05,E8X6iojo46RFyYc5zaAI4n7RYMR6jJXK,MVM783 - The Grandview at Las Vegas,62001A,Evolve M2
64:18:df:74:10:22,2026-08-04 03:57:05,E8X6iojo46RFyYc5zaAI4n7RYMR6jJXK,MVM783 - The Grandview at Las Vegas,52007A,Evolve M2
68:ab:a9:f8:f9:1f,2026-08-04 03:57:05,E8X6iojo46RFyYc5zaAI4n7RYMR6jJXK,MVM783 - The Grandview at Las Vegas,41906B,Evolve M2
68:ab:a9:fb:23:bf,2026-08-04 03:57:04,E8X6iojo46RFyYc5zaAI4n7RYMR6jJXK,MVM783 - The Grandview at Las Vegas,1403A@L,Evolve M2
68:ab:a9:fc:97:81,2026-08-04 03:57:04,E8X6iojo46RFyYc5zaAI4n7RYMR6jJXK,MVM783 - The Grandview at Las Vegas,1905A,Evolve M2
10:2b:aa:52:68:a0,2026-08-04 03:57:04,E8X6iojo46RFyYc5zaAI4n7RYMR6jJXK,MVM783 - The Grandview at Las Vegas,9810B,Evolve M2
68:ab:a9:fc:16:2f,2026-08-04 03:57:04,E8X6iojo46RFyYc5zaAI4n7RYMR6jJXK,MVM783 - The Grandview at Las Vegas,9601B,Evolve M2
10:2b:aa:51:f2:ad,2026-08-04 03:57:04,E8X6iojo46RFyYc5zaAI4n7RYMR6jJXK,MVM783 - The Grandview at Las Vegas,9210B,Evolve M2
68:ab:a9:fe:ee:13,2026-08-04 03:57:04,E8X6iojo46RFyYc5zaAI4n7RYMR6jJXK,MVM783 - The Grandview at Las Vegas,41008B,Evolve M2
68:ab:a9:f8:f2:3d,2026-08-04 03:57:03,E8X6iojo46RFyYc5zaAI4n7RYMR6jJXK,MVM783 - The Grandview at Las Vegas,3207A,Evolve M2
64:18:df:74:61:e5,2026-08-04 03:57:03,E8X6iojo46RFyYc5zaAI4n7RYMR6jJXK,MVM783 - The Grandview at Las Vegas,4603A,Evolve M2
68:ab:a9:fe:a4:5c,2026-08-04 03:57:03,E8X6iojo46RFyYc5zaAI4n7RYMR6jJXK,MVM783 - The Grandview at Las Vegas,1001A,Evolve M2
68:ab:a9:f8:e4:b7,2026-08-04 03:57:03,E8X6iojo46RFyYc5zaAI4n7RYMR6jJXK,MVM783 - The Grandview at Las Vegas,3104B,Evolve M2
68:ab:a9:fe:da:0e,2026-08-04 03:57:03,E8X6iojo46RFyYc5zaAI4n7RYMR6jJXK,MVM783 - The Grandview at Las Vegas,6306A,Evolve M2
68:ab:a9:fe:d1:ca,2026-08-04 03:57:03,E8X6iojo46RFyYc5zaAI4n7RYMR6jJXK,MVM783 - The Grandview at Las Vegas,51408A,Evolve M2
10:2b:aa:51:f7:b7,2026-08-04 03:57:02,E8X6iojo46RFyYc5zaAI4n7RYMR6jJXK,MVM783 - The Grandview at Las Vegas,2303B,Evolve M2
68:ab:a9:fe:e8:ab,2026-08-04 03:57:02,E8X6iojo46RFyYc5zaAI4n7RYMR6jJXK,MVM783 - The Grandview at Las Vegas,4607A,Evolve M2
10:2b:aa:51:60:c3,2026-08-04 03:57:02,E8X6iojo46RFyYc5zaAI4n7RYMR6jJXK,MVM783 - The Grandview at Las Vegas,41404B,Evolve M2
68:ab:a9:ff:0a:2d,2026-08-04 03:57:02,E8X6iojo46RFyYc5zaAI4n7RYMR6jJXK,MVM783 - The Grandview at Las Vegas,2605A,Evolve M2
68:ab:a9:fe:4a:cf,2026-08-04 03:57:02,E8X6iojo46RFyYc5zaAI4n7RYMR6jJXK,MVM783 - The Grandview at Las Vegas,21207A,Evolve M2
64:18:df:74:17:7a,2026-08-04 03:57:01,E8X6iojo46RFyYc5zaAI4n7RYMR6jJXK,MVM783 - The Grandview at Las Vegas,51807A,Evolve M2
10:2b:aa:51:f9:28,2026-08-04 03:57:01,E8X6iojo46RFyYc5zaAI4n7RYMR6jJXK,MVM783 - The Grandview at Las Vegas,6805A,Evolve M2
10:2b:aa:51:6b:13,2026-08-04 03:57:01,E8X6iojo46RFyYc5zaAI4n7RYMR6jJXK,MVM783 - The Grandview at Las Vegas,4606A,Evolve M2
68:ab:a9:f8:b3:55,2026-08-04 03:57:01,E8X6iojo46RFyYc5zaAI4n7RYMR6jJXK,MVM783 - The Grandview at Las Vegas,9408A,Evolve M2
68:ab:a9:fc:7d:e9,2026-08-04 03:57:00,E8X6iojo46RFyYc5zaAI4n7RYMR6jJXK,MVM783 - The Grandview at Las Vegas,3208B,Evolve M2
68:ab:a9:f8:81:5d,2026-08-04 03:57:00,E8X6iojo46RFyYc5zaAI4n7RYMR6jJXK,MVM783 - The Grandview at Las Vegas,2201A,Evolve M2
64:18:df:74:50:00,2026-08-04 03:57:00,E8X6iojo46RFyYc5zaAI4n7RYMR6jJXK,MVM783 - The Grandview at Las Vegas,4610B,Evolve M2
10:2b:aa:51:64:8f,2026-08-04 03:57:00,E8X6iojo46RFyYc5zaAI4n7RYMR6jJXK,MVM783 - The Grandview at Las Vegas,3201B,Evolve M2
10:2b:aa:51:51:96,2026-08-04 03:57:00,E8X6iojo46RFyYc5zaAI4n7RYMR6jJXK,MVM783 - The Grandview at Las Vegas,61602A,Evolve M2
68:ab:a9:fe:c4:38,2026-08-04 03:56:59,E8X6iojo46RFyYc5zaAI4n7RYMR6jJXK,MVM783 - The Grandview at Las Vegas,42101B,Evolve M2
64:18:df:73:ee:f3,2026-08-04 03:56:59,E8X6iojo46RFyYc5zaAI4n7RYMR6jJXK,MVM783 - The Grandview at Las Vegas,41104B,Evolve M2
68:ab:a9:fe:74:38,2026-08-04 03:56:59,E8X6iojo46RFyYc5zaAI4n7RYMR6jJXK,MVM783 - The Grandview at Las Vegas,41005B,Evolve M2
10:2b:aa:51:56:ac,2026-08-04 03:56:59,E8X6iojo46RFyYc5zaAI4n7RYMR6jJXK,MVM783 - The Grandview at Las Vegas,61801A,Evolve M2
68:ab:a9:f8:6b:8b,2026-08-04 03:56:58,E8X6iojo46RFyYc5zaAI4n7RYMR6jJXK,MVM783 - The Grandview at Las Vegas,1101B,Evolve M2
64:18:df:73:f7:04,2026-08-04 03:56:58,E8X6iojo46RFyYc5zaAI4n7RYMR6jJXK,MVM783 - The Grandview at Las Vegas,31106A,Evolve M2
10:2b:aa:51:53:fa,2026-08-04 03:56:58,E8X6iojo46RFyYc5zaAI4n7RYMR6jJXK,MVM783 - The Grandview at Las Vegas,41802B,Evolve M2
10:2b:aa:51:67:fb,2026-08-04 03:56:58,E8X6iojo46RFyYc5zaAI4n7RYMR6jJXK,MVM783 - The Grandview at Las Vegas,6509A,Evolve M2
68:ab:a9:fc:84:38,2026-08-04 03:56:58,E8X6iojo46RFyYc5zaAI4n7RYMR6jJXK,MVM783 - The Grandview at Las Vegas,9302A,Evolve M2
68:ab:a9:ff:15:15,2026-08-04 03:56:58,E8X6iojo46RFyYc5zaAI4n7RYMR6jJXK,MVM783 - The Grandview at Las Vegas,4607B,Evolve M2
68:ab:a9:fe:55:a0,2026-08-04 03:56:58,E8X6iojo46RFyYc5zaAI4n7RYMR6jJXK,MVM783 - The Grandview at Las Vegas,9710A,Evolve M2
68:ab:a9:fc:38:7a,2026-08-04 03:56:57,E8X6iojo46RFyYc5zaAI4n7RYMR6jJXK,MVM783 - The Grandview at Las Vegas,11208B,Evolve M2
68:ab:a9:fe:a5:6a,2026-08-04 03:56:57,E8X6iojo46RFyYc5zaAI4n7RYMR6jJXK,MVM783 - The Grandview at Las Vegas,41708A,Evolve M2
68:ab:a9:fc:84:70,2026-08-04 03:56:57,E8X6iojo46RFyYc5zaAI4n7RYMR6jJXK,MVM783 - The Grandview at Las Vegas,8703A,Evolve M2
10:2b:aa:51:56:70,2026-08-04 03:56:56,E8X6iojo46RFyYc5zaAI4n7RYMR6jJXK,MVM783 - The Grandview at Las Vegas,6703B,Evolve M2
68:ab:a9:fd:16:b5,2026-08-04 03:56:56,E8X6iojo46RFyYc5zaAI4n7RYMR6jJXK,MVM783 - The Grandview at Las Vegas,5102A,Evolve M2
10:2b:aa:51:fc:be,2026-08-04 03:56:56,E8X6iojo46RFyYc5zaAI4n7RYMR6jJXK,MVM783 - The Grandview at Las Vegas,2306B,Evolve M2
10:2b:aa:51:f9:a9,2026-08-04 03:56:56,E8X6iojo46RFyYc5zaAI4n7RYMR6jJXK,MVM783 - The Grandview at Las Vegas,9309B,Evolve M2
10:2b:aa:51:67:e9,2026-08-04 03:56:56,E8X6iojo46RFyYc5zaAI4n7RYMR6jJXK,MVM783 - The Grandview at Las Vegas,5303B,Evolve M2
64:18:df:74:20:e1,2026-08-04 03:56:56,E8X6iojo46RFyYc5zaAI4n7RYMR6jJXK,MVM783 - The Grandview at Las Vegas,6401A,Evolve M2
10:2b:aa:51:65:d0,2026-08-04 03:56:56,E8X6iojo46RFyYc5zaAI4n7RYMR6jJXK,MVM783 - The Grandview at Las Vegas,4807B,Evolve M2
10:2b:aa:51:48:e4,2026-08-04 03:56:56,E8X6iojo46RFyYc5zaAI4n7RYMR6jJXK,MVM783 - The Grandview at Las Vegas,61507A,Evolve M2
10:2b:aa:51:fb:d1,2026-08-04 03:56:56,E8X6iojo46RFyYc5zaAI4n7RYMR6jJXK,MVM783 - The Grandview at Las Vegas,8303A,Evolve M2
10:2b:aa:50:93:e5,2026-08-04 03:56:56,E8X6iojo46RFyYc5zaAI4n7RYMR6jJXK,MVM783 - The Grandview at Las Vegas,9201B,Evolve M2
68:ab:a9:fe:a0:83,2026-08-04 03:56:55,E8X6iojo46RFyYc5zaAI4n7RYMR6jJXK,MVM783 - The Grandview at Las Vegas,1105A@B,Evolve M2
68:ab:a9:f7:c1:df,2026-08-04 03:56:55,E8X6iojo46RFyYc5zaAI4n7RYMR6jJXK,MVM783 - The Grandview at Las Vegas,8402A,Evolve M2
68:ab:a9:f8:5c:b5,2026-08-04 03:56:55,E8X6iojo46RFyYc5zaAI4n7RYMR6jJXK,MVM783 - The Grandview at Las Vegas,9709B,Evolve M2
10:2b:aa:51:fb:92,2026-08-04 03:56:55,E8X6iojo46RFyYc5zaAI4n7RYMR6jJXK,MVM783 - The Grandview at Las Vegas,9608A,Evolve M2
68:ab:a9:ff:0e:63,2026-08-04 03:56:54,E8X6iojo46RFyYc5zaAI4n7RYMR6jJXK,MVM783 - The Grandview at Las Vegas,1806A@B,Evolve M2
10:2b:aa:51:67:e0,2026-08-04 03:56:54,E8X6iojo46RFyYc5zaAI4n7RYMR6jJXK,MVM783 - The Grandview at Las Vegas,3603A,Evolve M2
68:ab:a9:fc:49:e6,2026-08-04 03:56:54,E8X6iojo46RFyYc5zaAI4n7RYMR6jJXK,MVM783 - The Grandview at Las Vegas,1507B,Evolve M2
64:18:df:74:54:4b,2026-08-04 03:56:54,E8X6iojo46RFyYc5zaAI4n7RYMR6jJXK,MVM783 - The Grandview at Las Vegas,6206B,Evolve M2
68:ab:a9:fe:c1:b7,2026-08-04 03:56:53,E8X6iojo46RFyYc5zaAI4n7RYMR6jJXK,MVM783 - The Grandview at Las Vegas,41708A,Evolve M2
10:2b:aa:51:52:e3,2026-08-04 03:56:53,E8X6iojo46RFyYc5zaAI4n7RYMR6jJXK,MVM783 - The Grandview at Las Vegas,41102B,Evolve M2
64:18:df:73:a1:13,2026-08-04 03:56:53,E8X6iojo46RFyYc5zaAI4n7RYMR6jJXK,MVM783 - The Grandview at Las Vegas,41408A,Evolve M2
10:2b:aa:51:54:21,2026-08-04 03:56:53,E8X6iojo46RFyYc5zaAI4n7RYMR6jJXK,MVM783 - The Grandview at Las Vegas,41804B,Evolve M2
68:ab:a9:f8:c4:b2,2026-08-04 03:56:53,E8X6iojo46RFyYc5zaAI4n7RYMR6jJXK,MVM783 - The Grandview at Las Vegas,9507B,Evolve M2
68:ab:a9:fe:5d:fb,2026-08-04 03:56:52,E8X6iojo46RFyYc5zaAI4n7RYMR6jJXK,MVM783 - The Grandview at Las Vegas,8905A,Evolve M2
68:ab:a9:ff:02:87,2026-08-04 03:56:52,E8X6iojo46RFyYc5zaAI4n7RYMR6jJXK,MVM783 - The Grandview at Las Vegas,4505B,Evolve M2
64:18:df:74:8f:45,2026-08-04 03:56:52,E8X6iojo46RFyYc5zaAI4n7RYMR6jJXK,MVM783 - The Grandview at Las Vegas,6409A,Evolve M2
64:18:df:73:cf:82,2026-08-04 03:56:52,E8X6iojo46RFyYc5zaAI4n7RYMR6jJXK,MVM783 - The Grandview at Las Vegas,41106A,Evolve M2
10:2b:aa:51:f4:ba,2026-08-04 03:56:52,E8X6iojo46RFyYc5zaAI4n7RYMR6jJXK,MVM783 - The Grandview at Las Vegas,8504B,Evolve M2
68:ab:a9:fe:ec:67,2026-08-04 03:56:52,E8X6iojo46RFyYc5zaAI4n7RYMR6jJXK,MVM783 - The Grandview at Las Vegas,41207B,Evolve M2
68:ab:a9:fc:a3:86,2026-08-04 03:56:52,E8X6iojo46RFyYc5zaAI4n7RYMR6jJXK,MVM783 - The Grandview at Las Vegas,2106B,Evolve M2
10:2b:aa:51:67:98,2026-08-04 03:56:51,E8X6iojo46RFyYc5zaAI4n7RYMR6jJXK,MVM783 - The Grandview at Las Vegas,3402B,Evolve M2
64:18:df:73:e9:0e,2026-08-04 03:56:51,E8X6iojo46RFyYc5zaAI4n7RYMR6jJXK,MVM783 - The Grandview at Las Vegas,6609A,Evolve M2
10:2b:aa:51:53:a3,2026-08-04 03:56:51,E8X6iojo46RFyYc5zaAI4n7RYMR6jJXK,MVM783 - The Grandview at Las Vegas,41801B,Evolve M2
64:18:df:73:fd:22,2026-08-04 03:56:51,E8X6iojo46RFyYc5zaAI4n7RYMR6jJXK,MVM783 - The Grandview at Las Vegas,52210A,Evolve M2
68:ab:a9:f8:eb:3e,2026-08-04 03:56:51,E8X6iojo46RFyYc5zaAI4n7RYMR6jJXK,MVM783 - The Grandview at Las Vegas,1902A@L,Evolve M2
10:2b:aa:52:65:fa,2026-08-04 03:56:51,E8X6iojo46RFyYc5zaAI4n7RYMR6jJXK,MVM783 - The Grandview at Las Vegas,11203B,Evolve M2
10:2b:aa:51:4c:9b,2026-08-04 03:56:50,E8X6iojo46RFyYc5zaAI4n7RYMR6jJXK,MVM783 - The Grandview at Las Vegas,5710B,Evolve M2
64:18:df:74:59:38,2026-08-04 03:56:50,E8X6iojo46RFyYc5zaAI4n7RYMR6jJXK,MVM783 - The Grandview at Las Vegas,6206A,Evolve M2
68:ab:a9:f8:8c:00,2026-08-04 03:56:50,E8X6iojo46RFyYc5zaAI4n7RYMR6jJXK,MVM783 - The Grandview at Las Vegas,52009A,Evolve M2
10:2b:aa:51:5d:c6,2026-08-04 03:56:50,E8X6iojo46RFyYc5zaAI4n7RYMR6jJXK,MVM783 - The Grandview at Las Vegas,5807A,Evolve M2
64:18:df:73:b4:26,2026-08-04 03:56:49,E8X6iojo46RFyYc5zaAI4n7RYMR6jJXK,MVM783 - The Grandview at Las Vegas,61108A,Evolve M2
10:2b:aa:51:4b:63,2026-08-04 03:56:49,E8X6iojo46RFyYc5zaAI4n7RYMR6jJXK,MVM783 - The Grandview at Las Vegas,3807B,Evolve M2
68:ab:a9:fe:a7:99,2026-08-04 03:56:49,E8X6iojo46RFyYc5zaAI4n7RYMR6jJXK,MVM783 - The Grandview at Las Vegas,11207A,Evolve M2
68:ab:a9:ff:1c:fc,2026-08-04 03:56:49,E8X6iojo46RFyYc5zaAI4n7RYMR6jJXK,MVM783 - The Grandview at Las Vegas,8708B,Evolve M2
68:ab:a9:fc:92:e8,2026-08-04 03:56:49,E8X6iojo46RFyYc5zaAI4n7RYMR6jJXK,MVM783 - The Grandview at Las Vegas,2903B,Evolve M2
68:ab:a9:f8:46:38,2026-08-04 03:56:49,E8X6iojo46RFyYc5zaAI4n7RYMR6jJXK,MVM783 - The Grandview at Las Vegas,8406B,Evolve M2
68:ab:a9:fe:9e:24,2026-08-04 03:56:49,E8X6iojo46RFyYc5zaAI4n7RYMR6jJXK,MVM783 - The Grandview at Las Vegas,21205A,Evolve M2
68:ab:a9:f8:29:4a,2026-08-04 03:56:48,E8X6iojo46RFyYc5zaAI4n7RYMR6jJXK,MVM783 - The Grandview at Las Vegas,11101A,Evolve M2
10:2b:aa:51:57:a2,2026-08-04 03:56:48,E8X6iojo46RFyYc5zaAI4n7RYMR6jJXK,MVM783 - The Grandview at Las Vegas,4310B,Evolve M2
68:ab:a9:fe:fe:60,2026-08-04 03:56:48,E8X6iojo46RFyYc5zaAI4n7RYMR6jJXK,MVM783 - The Grandview at Las Vegas,21208B,Evolve M2
10:2b:aa:51:4f:38,2026-08-04 03:56:48,E8X6iojo46RFyYc5zaAI4n7RYMR6jJXK,MVM783 - The Grandview at Las Vegas,5608A,Evolve M2
10:2b:aa:51:66:e4,2026-08-04 03:56:48,E8X6iojo46RFyYc5zaAI4n7RYMR6jJXK,MVM783 - The Grandview at Las Vegas,5905A,Evolve M2
10:2b:aa:51:61:62,2026-08-04 03:56:48,E8X6iojo46RFyYc5zaAI4n7RYMR6jJXK,MVM783 - The Grandview at Las Vegas,4204B,Evolve M2
64:18:df:74:1c:e2,2026-08-04 03:56:48,E8X6iojo46RFyYc5zaAI4n7RYMR6jJXK,MVM783 - The Grandview at Las Vegas,41610B,Evolve M2
10:2b:aa:51:f9:3d,2026-08-04 03:56:48,E8X6iojo46RFyYc5zaAI4n7RYMR6jJXK,MVM783 - The Grandview at Las Vegas,11002A,Evolve M2
68:ab:a9:fe:a3:5a,2026-08-04 03:56:47,E8X6iojo46RFyYc5zaAI4n7RYMR6jJXK,MVM783 - The Grandview at Las Vegas,81105A,Evolve M2
64:18:df:73:da:74,2026-08-04 03:56:47,E8X6iojo46RFyYc5zaAI4n7RYMR6jJXK,MVM783 - The Grandview at Las Vegas,41909B,Evolve M2
10:2b:aa:51:f8:ad,2026-08-04 03:56:47,E8X6iojo46RFyYc5zaAI4n7RYMR6jJXK,MVM783 - The Grandview at Las Vegas,8706A,Evolve M2
68:ab:a9:fd:dc:f2,2026-08-04 03:56:47,E8X6iojo46RFyYc5zaAI4n7RYMR6jJXK,MVM783 - The Grandview at Las Vegas,41409B,Evolve M2
68:ab:a9:fe:5f:b1,2026-08-04 03:56:46,E8X6iojo46RFyYc5zaAI4n7RYMR6jJXK,MVM783 - The Grandview at Las Vegas,41402B,Evolve M2
10:2b:aa:51:f3:fd,2026-08-04 03:56:46,E8X6iojo46RFyYc5zaAI4n7RYMR6jJXK,MVM783 - The Grandview at Las Vegas,8105B,Evolve M2
68:ab:a9:fe:d9:20,2026-08-04 03:56:46,E8X6iojo46RFyYc5zaAI4n7RYMR6jJXK,MVM783 - The Grandview at Las Vegas,6604B,Evolve M2
10:2b:aa:51:62:be,2026-08-04 03:56:46,E8X6iojo46RFyYc5zaAI4n7RYMR6jJXK,MVM783 - The Grandview at Las Vegas,51502A,Evolve M2
64:18:df:73:e1:79,2026-08-04 03:56:46,E8X6iojo46RFyYc5zaAI4n7RYMR6jJXK,MVM783 - The Grandview at Las Vegas,61101A,Evolve M2
68:ab:a9:f8:80:68,2026-08-04 03:56:46,E8X6iojo46RFyYc5zaAI4n7RYMR6jJXK,MVM783 - The Grandview at Las Vegas,1601B@B,Evolve M2
10:2b:aa:51:f6:e5,2026-08-04 03:56:45,E8X6iojo46RFyYc5zaAI4n7RYMR6jJXK,MVM783 - The Grandview at Las Vegas,2704B,Evolve M2
10:2b:aa:51:4d:bb,2026-08-04 03:56:45,E8X6iojo46RFyYc5zaAI4n7RYMR6jJXK,MVM783 - The Grandview at Las Vegas,4907A,Evolve M2
68:ab:a9:fc:90:0e,2026-08-04 03:56:45,E8X6iojo46RFyYc5zaAI4n7RYMR6jJXK,MVM783 - The Grandview at Las Vegas,81107A,Evolve M2
68:ab:a9:fe:d4:59,2026-08-04 03:56:45,E8X6iojo46RFyYc5zaAI4n7RYMR6jJXK,MVM783 - The Grandview at Las Vegas,8206A,Evolve M2
68:ab:a9:fe:ac:85,2026-08-04 03:56:45,E8X6iojo46RFyYc5zaAI4n7RYMR6jJXK,MVM783 - The Grandview at Las Vegas,6603A,Evolve M2
68:ab:a9:fa:e8:6d,2026-08-04 03:56:44,E8X6iojo46RFyYc5zaAI4n7RYMR6jJXK,MVM783 - The Grandview at Las Vegas,6603B,Evolve M2
68:ab:a9:fe:da:e8,2026-08-04 03:56:44,E8X6iojo46RFyYc5zaAI4n7RYMR6jJXK,MVM783 - The Grandview at Las Vegas,9706B,Evolve M2
64:18:df:73:cd:b0,2026-08-04 03:56:44,E8X6iojo46RFyYc5zaAI4n7RYMR6jJXK,MVM783 - The Grandview at Las Vegas,31110A,Evolve M2
68:ab:a9:f8:2b:78,2026-08-04 03:56:44,E8X6iojo46RFyYc5zaAI4n7RYMR6jJXK,MVM783 - The Grandview at Las Vegas,11208B,Evolve M2
64:18:df:73:b5:6f,2026-08-04 03:56:44,E8X6iojo46RFyYc5zaAI4n7RYMR6jJXK,MVM783 - The Grandview at Las Vegas,5507A,Evolve M2
68:ab:a9:fe:9d:3b,2026-08-04 03:56:44,E8X6iojo46RFyYc5zaAI4n7RYMR6jJXK,MVM783 - The Grandview at Las Vegas,8304B,Evolve M2
68:ab:a9:ff:09:bb,2026-08-04 03:56:43,E8X6iojo46RFyYc5zaAI4n7RYMR6jJXK,MVM783 - The Grandview at Las Vegas,2708A,Evolve M2
10:2b:aa:51:57:b7,2026-08-04 03:56:43,E8X6iojo46RFyYc5zaAI4n7RYMR6jJXK,MVM783 - The Grandview at Las Vegas,6906B,Evolve M2
10:2b:aa:51:4e:3f,2026-08-04 03:56:43,E8X6iojo46RFyYc5zaAI4n7RYMR6jJXK,MVM783 - The Grandview at Las Vegas,51510A,Evolve M2
10:2b:aa:51:68:b5,2026-08-04 03:56:43,E8X6iojo46RFyYc5zaAI4n7RYMR6jJXK,MVM783 - The Grandview at Las Vegas,5202A,Evolve M2
10:2b:aa:51:fb:56,2026-08-04 03:56:42,E8X6iojo46RFyYc5zaAI4n7RYMR6jJXK,MVM783 - The Grandview at Las Vegas,2203A,Evolve M2
64:18:df:74:57:49,2026-08-04 03:56:42,E8X6iojo46RFyYc5zaAI4n7RYMR6jJXK,MVM783 - The Grandview at Las Vegas,6310A,Evolve M2
68:ab:a9:fe:8f:f1,2026-08-04 03:56:42,E8X6iojo46RFyYc5zaAI4n7RYMR6jJXK,MVM783 - The Grandview at Las Vegas,9604A,Evolve M2
68:ab:a9:fe:6b:69,2026-08-04 03:56:42,E8X6iojo46RFyYc5zaAI4n7RYMR6jJXK,MVM783 - The Grandview at Las Vegas,51503A,Evolve M2
64:18:df:74:41:93,2026-08-04 03:56:42,E8X6iojo46RFyYc5zaAI4n7RYMR6jJXK,MVM783 - The Grandview at Las Vegas,61907B,Evolve M2
68:ab:a9:fe:df:bf,2026-08-04 03:56:42,E8X6iojo46RFyYc5zaAI4n7RYMR6jJXK,MVM783 - The Grandview at Las Vegas,2904A,Evolve M2
10:2b:aa:51:67:7a,2026-08-04 03:56:42,E8X6iojo46RFyYc5zaAI4n7RYMR6jJXK,MVM783 - The Grandview at Las Vegas,3402B,Evolve M2
10:2b:aa:51:5e:92,2026-08-04 03:56:41,E8X6iojo46RFyYc5zaAI4n7RYMR6jJXK,MVM783 - The Grandview at Las Vegas,5506B,Evolve M2
10:2b:aa:51:52:ce,2026-08-04 03:56:41,E8X6iojo46RFyYc5zaAI4n7RYMR6jJXK,MVM783 - The Grandview at Las Vegas,4402B,Evolve M2
10:2b:aa:51:65:16,2026-08-04 03:56:41,E8X6iojo46RFyYc5zaAI4n7RYMR6jJXK,MVM783 - The Grandview at Las Vegas,91007B,Evolve M2
10:2b:aa:51:4b:1e,2026-08-04 03:56:41,E8X6iojo46RFyYc5zaAI4n7RYMR6jJXK,MVM783 - The Grandview at Las Vegas,3802A,Evolve M2
10:2b:aa:51:64:08,2026-08-04 03:56:40,E8X6iojo46RFyYc5zaAI4n7RYMR6jJXK,MVM783 - The Grandview at Las Vegas,5304B,Evolve M2
64:18:df:74:8c:ad,2026-08-04 03:56:40,E8X6iojo46RFyYc5zaAI4n7RYMR6jJXK,MVM783 - The Grandview at Las Vegas,6408B,Evolve M2
64:18:df:73:d3:46,2026-08-04 03:56:40,E8X6iojo46RFyYc5zaAI4n7RYMR6jJXK,MVM783 - The Grandview at Las Vegas,61405A,Evolve M2
10:2b:aa:51:56:d9,2026-08-04 03:56:40,E8X6iojo46RFyYc5zaAI4n7RYMR6jJXK,MVM783 - The Grandview at Las Vegas,3305A,Evolve M2
10:2b:aa:50:be:6f,2026-08-04 03:56:39,E8X6iojo46RFyYc5zaAI4n7RYMR6jJXK,MVM783 - The Grandview at Las Vegas,51008A,Evolve M2
64:18:df:74:29:1f,2026-08-04 03:56:39,E8X6iojo46RFyYc5zaAI4n7RYMR6jJXK,MVM783 - The Grandview at Las Vegas,6102B,Evolve M2
10:2b:aa:51:6b:e2,2026-08-04 03:56:39,E8X6iojo46RFyYc5zaAI4n7RYMR6jJXK,MVM783 - The Grandview at Las Vegas,51802A,Evolve M2
64:18:df:73:d2:3f,2026-08-04 03:56:39,E8X6iojo46RFyYc5zaAI4n7RYMR6jJXK,MVM783 - The Grandview at Las Vegas,3601B,Evolve M2
68:ab:a9:ff:0f:48,2026-08-04 03:56:38,E8X6iojo46RFyYc5zaAI4n7RYMR6jJXK,MVM783 - The Grandview at Las Vegas,52105A,Evolve M2
64:18:df:74:31:f0,2026-08-04 03:56:38,E8X6iojo46RFyYc5zaAI4n7RYMR6jJXK,MVM783 - The Grandview at Las Vegas,4508A,Evolve M2
68:ab:a9:fe:4d:09,2026-08-04 03:56:38,E8X6iojo46RFyYc5zaAI4n7RYMR6jJXK,MVM783 - The Grandview at Las Vegas,4902A,Evolve M2
68:ab:a9:ff:0a:60,2026-08-04 03:56:38,E8X6iojo46RFyYc5zaAI4n7RYMR6jJXK,MVM783 - The Grandview at Las Vegas,21105B,Evolve M2
10:2b:aa:51:5e:da,2026-08-04 03:56:37,E8X6iojo46RFyYc5zaAI4n7RYMR6jJXK,MVM783 - The Grandview at Las Vegas,31001B,Evolve M2
64:18:df:74:5e:f1,2026-08-04 03:56:37,E8X6iojo46RFyYc5zaAI4n7RYMR6jJXK,MVM783 - The Grandview at Las Vegas,62006A,Evolve M2
64:18:df:74:28:14,2026-08-04 03:56:37,E8X6iojo46RFyYc5zaAI4n7RYMR6jJXK,MVM783 - The Grandview at Las Vegas,61405B,Evolve M2
10:2b:aa:51:51:90,2026-08-04 03:56:37,E8X6iojo46RFyYc5zaAI4n7RYMR6jJXK,MVM783 - The Grandview at Las Vegas,61605A,Evolve M2
68:ab:a9:fe:98:f0,2026-08-04 03:56:36,E8X6iojo46RFyYc5zaAI4n7RYMR6jJXK,MVM783 - The Grandview at Las Vegas,41704A,Evolve M2
68:ab:a9:f8:c8:63,2026-08-04 03:56:36,E8X6iojo46RFyYc5zaAI4n7RYMR6jJXK,MVM783 - The Grandview at Las Vegas,3101A,Evolve M2
10:2b:aa:52:65:c1,2026-08-04 03:56:36,E8X6iojo46RFyYc5zaAI4n7RYMR6jJXK,MVM783 - The Grandview at Las Vegas,11105B,Evolve M2
68:ab:a9:ff:14:24,2026-08-04 03:56:36,E8X6iojo46RFyYc5zaAI4n7RYMR6jJXK,MVM783 - The Grandview at Las Vegas,21007B,Evolve M2
64:18:df:74:29:7e,2026-08-04 03:56:36,E8X6iojo46RFyYc5zaAI4n7RYMR6jJXK,MVM783 - The Grandview at Las Vegas,6905B,Evolve M2
64:18:df:73:ec:74,2026-08-04 03:56:35,E8X6iojo46RFyYc5zaAI4n7RYMR6jJXK,MVM783 - The Grandview at Las Vegas,6609B,Evolve M2
68:ab:a9:ff:1c:d9,2026-08-04 03:56:34,E8X6iojo46RFyYc5zaAI4n7RYMR6jJXK,MVM783 - The Grandview at Las Vegas,3303A,Evolve M2
10:2b:aa:51:61:c5,2026-08-04 03:56:34,E8X6iojo46RFyYc5zaAI4n7RYMR6jJXK,MVM783 - The Grandview at Las Vegas,51402A,Evolve M2
10:2b:aa:51:f8:d4,2026-08-04 03:56:34,E8X6iojo46RFyYc5zaAI4n7RYMR6jJXK,MVM783 - The Grandview at Las Vegas,1107A,Evolve M2
10:2b:aa:51:f3:a3,2026-08-04 03:56:34,E8X6iojo46RFyYc5zaAI4n7RYMR6jJXK,MVM783 - The Grandview at Las Vegas,33505A,Evolve M2
10:2b:aa:50:c3:0d,2026-08-04 03:56:33,E8X6iojo46RFyYc5zaAI4n7RYMR6jJXK,MVM783 - The Grandview at Las Vegas,51102B,Evolve M2
68:ab:a9:f8:d4:3b,2026-08-04 03:56:33,E8X6iojo46RFyYc5zaAI4n7RYMR6jJXK,MVM783 - The Grandview at Las Vegas,8602A,Evolve M2
64:18:df:73:d8:52,2026-08-04 03:56:33,E8X6iojo46RFyYc5zaAI4n7RYMR6jJXK,MVM783 - The Grandview at Las Vegas,9910A,Evolve M2
10:2b:aa:52:68:ac,2026-08-04 03:56:33,E8X6iojo46RFyYc5zaAI4n7RYMR6jJXK,MVM783 - The Grandview at Las Vegas,9701A,Evolve M2
68:ab:a9:fe:9a:51,2026-08-04 03:56:33,E8X6iojo46RFyYc5zaAI4n7RYMR6jJXK,MVM783 - The Grandview at Las Vegas,51606A,Evolve M2
64:18:df:73:e6:86,2026-08-04 03:56:33,E8X6iojo46RFyYc5zaAI4n7RYMR6jJXK,MVM783 - The Grandview at Las Vegas,5507A,Evolve M2
10:2b:aa:51:fc:10,2026-08-04 03:56:33,E8X6iojo46RFyYc5zaAI4n7RYMR6jJXK,MVM783 - The Grandview at Las Vegas,21006B,Evolve M2
68:ab:a9:fc:4b:9a,2026-08-04 03:56:33,E8X6iojo46RFyYc5zaAI4n7RYMR6jJXK,MVM783 - The Grandview at Las Vegas,31107B,Evolve M2
64:18:df:74:31:74,2026-08-04 03:56:32,E8X6iojo46RFyYc5zaAI4n7RYMR6jJXK,MVM783 - The Grandview at Las Vegas,51908A,Evolve M2
10:2b:aa:51:f7:0f,2026-08-04 03:56:32,E8X6iojo46RFyYc5zaAI4n7RYMR6jJXK,MVM783 - The Grandview at Las Vegas,2404B,Evolve M2
10:2b:aa:51:f4:12,2026-08-04 03:56:31,E8X6iojo46RFyYc5zaAI4n7RYMR6jJXK,MVM783 - The Grandview at Las Vegas,3505B,Evolve M2
68:ab:a9:f9:54:f8,2026-08-04 03:56:31,E8X6iojo46RFyYc5zaAI4n7RYMR6jJXK,MVM783 - The Grandview at Las Vegas,8405A,Evolve M2
64:18:df:73:ca:e2,2026-08-04 03:56:31,E8X6iojo46RFyYc5zaAI4n7RYMR6jJXK,MVM783 - The Grandview at Las Vegas,61006B,Evolve M2
10:2b:aa:51:4b:33,2026-08-04 03:56:31,E8X6iojo46RFyYc5zaAI4n7RYMR6jJXK,MVM783 - The Grandview at Las Vegas,3807A,Evolve M2
64:18:df:74:68:7c,2026-08-04 03:56:30,E8X6iojo46RFyYc5zaAI4n7RYMR6jJXK,MVM783 - The Grandview at Las Vegas,4605B,Evolve M2
10:2b:aa:51:f9:46,2026-08-04 03:56:30,E8X6iojo46RFyYc5zaAI4n7RYMR6jJXK,MVM783 - The Grandview at Las Vegas,6804B,Evolve M2
10:2b:aa:51:56:ca,2026-08-04 03:56:30,E8X6iojo46RFyYc5zaAI4n7RYMR6jJXK,MVM783 - The Grandview at Las Vegas,61609B,Evolve M2
64:18:df:74:0a:d8,2026-08-04 03:56:30,E8X6iojo46RFyYc5zaAI4n7RYMR6jJXK,MVM783 - The Grandview at Las Vegas,5901B,Evolve M2
10:2b:aa:51:f7:63,2026-08-04 03:56:30,E8X6iojo46RFyYc5zaAI4n7RYMR6jJXK,MVM783 - The Grandview at Las Vegas,2401A,Evolve M2
68:ab:a9:f8:6d:be,2026-08-04 03:56:30,E8X6iojo46RFyYc5zaAI4n7RYMR6jJXK,MVM783 - The Grandview at Las Vegas,21002B,Evolve M2
64:18:df:74:4f:51,2026-08-04 03:56:30,E8X6iojo46RFyYc5zaAI4n7RYMR6jJXK,MVM783 - The Grandview at Las Vegas,42006B,Evolve M2
64:18:df:73:c8:59,2026-08-04 03:56:29,E8X6iojo46RFyYc5zaAI4n7RYMR6jJXK,MVM783 - The Grandview at Las Vegas,51905A,Evolve M2
10:2b:aa:51:51:d8,2026-08-04 03:56:28,E8X6iojo46RFyYc5zaAI4n7RYMR6jJXK,MVM783 - The Grandview at Las Vegas,4904B,Evolve M2
68:ab:a9:fa:eb:de,2026-08-04 03:56:28,E8X6iojo46RFyYc5zaAI4n7RYMR6jJXK,MVM783 - The Grandview at Las Vegas,21204A,Evolve M2
10:2b:aa:51:5a:00,2026-08-04 03:56:28,E8X6iojo46RFyYc5zaAI4n7RYMR6jJXK,MVM783 - The Grandview at Las Vegas,41109A,Evolve M2
10:2b:aa:51:f8:e3,2026-08-04 03:56:27,E8X6iojo46RFyYc5zaAI4n7RYMR6jJXK,MVM783 - The Grandview at Las Vegas,3903A,Evolve M2
68:ab:a9:fe:a3:f9,2026-08-04 03:56:27,E8X6iojo46RFyYc5zaAI4n7RYMR6jJXK,MVM783 - The Grandview at Las Vegas,41005A,Evolve M2
68:ab:a9:fe:b7:22,2026-08-04 03:56:27,E8X6iojo46RFyYc5zaAI4n7RYMR6jJXK,MVM783 - The Grandview at Las Vegas,2706A,Evolve M2
68:ab:a9:fe:cb:07,2026-08-04 03:56:27,E8X6iojo46RFyYc5zaAI4n7RYMR6jJXK,MVM783 - The Grandview at Las Vegas,8302A,Evolve M2
68:ab:a9:fe:95:ca,2026-08-04 03:56:26,E8X6iojo46RFyYc5zaAI4n7RYMR6jJXK,MVM783 - The Grandview at Las Vegas,11105A,Evolve M2
10:2b:aa:51:f4:a2,2026-08-04 03:56:26,E8X6iojo46RFyYc5zaAI4n7RYMR6jJXK,MVM783 - The Grandview at Las Vegas,8502A,Evolve M2
64:18:df:73:cd:9c,2026-08-04 03:56:26,E8X6iojo46RFyYc5zaAI4n7RYMR6jJXK,MVM783 - The Grandview at Las Vegas,61007B,Evolve M2
68:ab:a9:fe:a6:e1,2026-08-04 03:56:26,E8X6iojo46RFyYc5zaAI4n7RYMR6jJXK,MVM783 - The Grandview at Las Vegas,21207B,Evolve M2
64:18:df:74:28:89,2026-08-04 03:56:26,E8X6iojo46RFyYc5zaAI4n7RYMR6jJXK,MVM783 - The Grandview at Las Vegas,61809A,Evolve M2
10:2b:aa:51:59:e2,2026-08-04 03:56:26,E8X6iojo46RFyYc5zaAI4n7RYMR6jJXK,MVM783 - The Grandview at Las Vegas,3109B,Evolve M2
10:2b:aa:51:66:c6,2026-08-04 03:56:25,E8X6iojo46RFyYc5zaAI4n7RYMR6jJXK,MVM783 - The Grandview at Las Vegas,6303B,Evolve M2
68:ab:a9:f7:c7:a3,2026-08-04 03:56:25,E8X6iojo46RFyYc5zaAI4n7RYMR6jJXK,MVM783 - The Grandview at Las Vegas,2201A,Evolve M2
10:2b:aa:51:f9:2e,2026-08-04 03:56:25,E8X6iojo46RFyYc5zaAI4n7RYMR6jJXK,MVM783 - The Grandview at Las Vegas,3902A,Evolve M2
64:18:df:73:ed:c7,2026-08-04 03:56:25,E8X6iojo46RFyYc5zaAI4n7RYMR6jJXK,MVM783 - The Grandview at Las Vegas,91210A,Evolve M2
68:ab:a9:fe:92:74,2026-08-04 03:56:24,E8X6iojo46RFyYc5zaAI4n7RYMR6jJXK,MVM783 - The Grandview at Las Vegas,81003A,Evolve M2
64:18:df:74:64:ce,2026-08-04 03:56:24,E8X6iojo46RFyYc5zaAI4n7RYMR6jJXK,MVM783 - The Grandview at Las Vegas,62107A,Evolve M2
68:ab:a9:fe:f7:63,2026-08-04 03:56:23,E8X6iojo46RFyYc5zaAI4n7RYMR6jJXK,MVM783 - The Grandview at Las Vegas,91102A,Evolve M2
10:2b:aa:51:5a:b4,2026-08-04 03:56:23,E8X6iojo46RFyYc5zaAI4n7RYMR6jJXK,MVM783 - The Grandview at Las Vegas,51505A,Evolve M2
68:ab:a9:f9:6b:cb,2026-08-04 03:56:23,E8X6iojo46RFyYc5zaAI4n7RYMR6jJXK,MVM783 - The Grandview at Las Vegas,62009B,Evolve M2
68:ab:a9:fc:8e:5e,2026-08-04 03:56:23,E8X6iojo46RFyYc5zaAI4n7RYMR6jJXK,MVM783 - The Grandview at Las Vegas,1502A,Evolve M2
10:2b:aa:51:52:38,2026-08-04 03:56:23,E8X6iojo46RFyYc5zaAI4n7RYMR6jJXK,MVM783 - The Grandview at Las Vegas,41106B,Evolve M2
10:2b:aa:51:50:2b,2026-08-04 03:56:22,E8X6iojo46RFyYc5zaAI4n7RYMR6jJXK,MVM783 - The Grandview at Las Vegas,6210B,Evolve M2
68:ab:a9:fe:a3:99,2026-08-04 03:56:22,E8X6iojo46RFyYc5zaAI4n7RYMR6jJXK,MVM783 - The Grandview at Las Vegas,4906B,Evolve M2
64:18:df:73:a5:7f,2026-08-04 03:56:21,E8X6iojo46RFyYc5zaAI4n7RYMR6jJXK,MVM783 - The Grandview at Las Vegas,51709B,Evolve M2
68:ab:a9:fa:17:c3,2026-08-04 03:56:21,E8X6iojo46RFyYc5zaAI4n7RYMR6jJXK,MVM783 - The Grandview at Las Vegas,41908A,Evolve M2
64:18:df:73:ed:34,2026-08-04 03:56:21,E8X6iojo46RFyYc5zaAI4n7RYMR6jJXK,MVM783 - The Grandview at Las Vegas,4210A,Evolve M2
10:2b:aa:51:5d:f6,2026-08-04 03:56:21,E8X6iojo46RFyYc5zaAI4n7RYMR6jJXK,MVM783 - The Grandview at Las Vegas,61407B,Evolve M2
64:18:df:74:13:41,2026-08-04 03:56:21,E8X6iojo46RFyYc5zaAI4n7RYMR6jJXK,MVM783 - The Grandview at Las Vegas,61101B,Evolve M2
10:2b:aa:51:5a:09,2026-08-04 03:56:21,E8X6iojo46RFyYc5zaAI4n7RYMR6jJXK,MVM783 - The Grandview at Las Vegas,52104A,Evolve M2
10:2b:aa:51:54:e1,2026-08-04 03:56:20,E8X6iojo46RFyYc5zaAI4n7RYMR6jJXK,MVM783 - The Grandview at Las Vegas,6301B,Evolve M2
10:2b:aa:51:59:6a,2026-08-04 03:56:20,E8X6iojo46RFyYc5zaAI4n7RYMR6jJXK,MVM783 - The Grandview at Las Vegas,61905A,Evolve M2
10:2b:aa:51:ff:73,2026-08-04 03:56:20,E8X6iojo46RFyYc5zaAI4n7RYMR6jJXK,MVM783 - The Grandview at Las Vegas,2707A,Evolve M2
64:18:df:73:cd:22,2026-08-04 03:56:20,E8X6iojo46RFyYc5zaAI4n7RYMR6jJXK,MVM783 - The Grandview at Las Vegas,31110B,Evolve M2
68:ab:a9:fc:47:89,2026-08-04 03:56:20,E8X6iojo46RFyYc5zaAI4n7RYMR6jJXK,MVM783 - The Grandview at Las Vegas,3107-ADA,Evolve M2
68:ab:a9:fe:b2:26,2026-08-04 03:56:20,E8X6iojo46RFyYc5zaAI4n7RYMR6jJXK,MVM783 - The Grandview at Las Vegas,6301A,Evolve M2
10:2b:aa:51:f9:e8,2026-08-04 03:56:20,E8X6iojo46RFyYc5zaAI4n7RYMR6jJXK,MVM783 - The Grandview at Las Vegas,9603A,Evolve M2
68:ab:a9:fe:dc:f6,2026-08-04 03:56:19,E8X6iojo46RFyYc5zaAI4n7RYMR6jJXK,MVM783 - The Grandview at Las Vegas,2303B,Evolve M2
68:ab:a9:fe:dc:66,2026-08-04 03:56:19,E8X6iojo46RFyYc5zaAI4n7RYMR6jJXK,MVM783 - The Grandview at Las Vegas,8206B,Evolve M2
10:2b:aa:51:5b:35,2026-08-04 03:56:19,E8X6iojo46RFyYc5zaAI4n7RYMR6jJXK,MVM783 - The Grandview at Las Vegas,41606A,Evolve M2
68:ab:a9:fd:82:39,2026-08-04 03:56:19,E8X6iojo46RFyYc5zaAI4n7RYMR6jJXK,MVM783 - The Grandview at Las Vegas,9206A,Evolve M2
10:2b:aa:51:5d:75,2026-08-04 03:56:19,E8X6iojo46RFyYc5zaAI4n7RYMR6jJXK,MVM783 - The Grandview at Las Vegas,61508B,Evolve M2
68:ab:a9:fc:8c:d5,2026-08-04 03:56:18,E8X6iojo46RFyYc5zaAI4n7RYMR6jJXK,MVM783 - The Grandview at Las Vegas,2305B,Evolve M2
68:ab:a9:fb:db:14,2026-08-04 03:56:18,E8X6iojo46RFyYc5zaAI4n7RYMR6jJXK,MVM783 - The Grandview at Las Vegas,2102A,Evolve M2
10:2b:aa:51:4c:a7,2026-08-04 03:56:18,E8X6iojo46RFyYc5zaAI4n7RYMR6jJXK,MVM783 - The Grandview at Las Vegas,61702B,Evolve M2
10:2b:aa:51:53:3a,2026-08-04 03:56:17,E8X6iojo46RFyYc5zaAI4n7RYMR6jJXK,MVM783 - The Grandview at Las Vegas,41603B,Evolve M2
68:ab:a9:fe:d7:9a,2026-08-04 03:56:17,E8X6iojo46RFyYc5zaAI4n7RYMR6jJXK,MVM783 - The Grandview at Las Vegas,6602A,Evolve M2
68:ab:a9:fc:7e:f0,2026-08-04 03:56:17,E8X6iojo46RFyYc5zaAI4n7RYMR6jJXK,MVM783 - The Grandview at Las Vegas,1106A,Evolve M2
10:2b:aa:51:f9:0a,2026-08-04 03:56:17,E8X6iojo46RFyYc5zaAI4n7RYMR6jJXK,MVM783 - The Grandview at Las Vegas,8102B,Evolve M2
68:ab:a9:fe:e6:27,2026-08-04 03:56:17,E8X6iojo46RFyYc5zaAI4n7RYMR6jJXK,MVM783 - The Grandview at Las Vegas,41009A,Evolve M2
10:2b:aa:52:65:49,2026-08-04 03:56:17,E8X6iojo46RFyYc5zaAI4n7RYMR6jJXK,MVM783 - The Grandview at Las Vegas,2601A,Evolve M2
10:2b:aa:51:60:4e,2026-08-04 03:56:16,E8X6iojo46RFyYc5zaAI4n7RYMR6jJXK,MVM783 - The Grandview at Las Vegas,51103A,Evolve M2
68:ab:a9:f8:e7:54,2026-08-04 03:56:16,E8X6iojo46RFyYc5zaAI4n7RYMR6jJXK,MVM783 - The Grandview at Las Vegas,9804A,Evolve M2
10:2b:aa:51:6c:7b,2026-08-04 03:56:16,E8X6iojo46RFyYc5zaAI4n7RYMR6jJXK,MVM783 - The Grandview at Las Vegas,91006B,Evolve M2
10:2b:aa:51:5e:44,2026-08-04 03:56:16,E8X6iojo46RFyYc5zaAI4n7RYMR6jJXK,MVM783 - The Grandview at Las Vegas,52106B,Evolve M2
10:2b:aa:51:69:87,2026-08-04 03:56:15,E8X6iojo46RFyYc5zaAI4n7RYMR6jJXK,MVM783 - The Grandview at Las Vegas,5707A,Evolve M2
68:ab:a9:fe:1a:e0,2026-08-04 03:56:15,E8X6iojo46RFyYc5zaAI4n7RYMR6jJXK,MVM783 - The Grandview at Las Vegas,9206A,Evolve M2
10:2b:aa:51:5d:45,2026-08-04 03:56:15,E8X6iojo46RFyYc5zaAI4n7RYMR6jJXK,MVM783 - The Grandview at Las Vegas,51210B,Evolve M2
10:2b:aa:51:4d:be,2026-08-04 03:56:15,E8X6iojo46RFyYc5zaAI4n7RYMR6jJXK,MVM783 - The Grandview at Las Vegas,4903B,Evolve M2
10:2b:aa:51:67:53,2026-08-04 03:56:15,E8X6iojo46RFyYc5zaAI4n7RYMR6jJXK,MVM783 - The Grandview at Las Vegas,4106A,Evolve M2
10:2b:aa:51:5c:6a,2026-08-04 03:56:15,E8X6iojo46RFyYc5zaAI4n7RYMR6jJXK,MVM783 - The Grandview at Las Vegas,5709A,Evolve M2
68:ab:a9:fc:2a:5b,2026-08-04 03:56:15,E8X6iojo46RFyYc5zaAI4n7RYMR6jJXK,MVM783 - The Grandview at Las Vegas,61604B,Evolve M2
10:2b:aa:50:9a:96,2026-08-04 03:56:15,E8X6iojo46RFyYc5zaAI4n7RYMR6jJXK,MVM783 - The Grandview at Las Vegas,4806A,Evolve M2
68:ab:a9:fc:a7:bb,2026-08-04 03:56:14,E8X6iojo46RFyYc5zaAI4n7RYMR6jJXK,MVM783 - The Grandview at Las Vegas,3205A,Evolve M2
10:2b:aa:51:64:3e,2026-08-04 03:56:14,E8X6iojo46RFyYc5zaAI4n7RYMR6jJXK,MVM783 - The Grandview at Las Vegas,5303A,Evolve M2
10:2b:aa:51:69:bd,2026-08-04 03:56:14,E8X6iojo46RFyYc5zaAI4n7RYMR6jJXK,MVM783 - The Grandview at Las Vegas,51605B,Evolve M2
68:ab:a9:f8:ce:e1,2026-08-04 03:56:14,E8X6iojo46RFyYc5zaAI4n7RYMR6jJXK,MVM783 - The Grandview at Las Vegas,9709B,Evolve M2
10:2b:aa:52:68:88,2026-08-04 03:56:14,E8X6iojo46RFyYc5zaAI4n7RYMR6jJXK,MVM783 - The Grandview at Las Vegas,4106B,Evolve M2
10:2b:aa:51:5e:9e,2026-08-04 03:56:14,E8X6iojo46RFyYc5zaAI4n7RYMR6jJXK,MVM783 - The Grandview at Las Vegas,5709A,Evolve M2
64:18:df:73:fa:a2,2026-08-04 03:56:14,E8X6iojo46RFyYc5zaAI4n7RYMR6jJXK,MVM783 - The Grandview at Las Vegas,5202B,Evolve M2
68:ab:a9:fc:90:e7,2026-08-04 03:56:13,E8X6iojo46RFyYc5zaAI4n7RYMR6jJXK,MVM783 - The Grandview at Las Vegas,11007B,Evolve M2
10:2b:aa:51:fa:03,2026-08-04 03:56:13,E8X6iojo46RFyYc5zaAI4n7RYMR6jJXK,MVM783 - The Grandview at Las Vegas,8706A,Evolve M2
68:ab:a9:fb:cd:a7,2026-08-04 03:56:13,E8X6iojo46RFyYc5zaAI4n7RYMR6jJXK,MVM783 - The Grandview at Las Vegas,3110B,Evolve M2
68:ab:a9:f8:d7:b0,2026-08-04 03:56:13,E8X6iojo46RFyYc5zaAI4n7RYMR6jJXK,MVM783 - The Grandview at Las Vegas,9804B,Evolve M2
68:ab:a9:fc:95:ff,2026-08-04 03:56:13,E8X6iojo46RFyYc5zaAI4n7RYMR6jJXK,MVM783 - The Grandview at Las Vegas,2902B,Evolve M2
10:2b:aa:51:68:55,2026-08-04 03:56:13,E8X6iojo46RFyYc5zaAI4n7RYMR6jJXK,MVM783 - The Grandview at Las Vegas,51006A,Evolve M2
10:2b:aa:51:5e:e0,2026-08-04 03:56:13,E8X6iojo46RFyYc5zaAI4n7RYMR6jJXK,MVM783 - The Grandview at Las Vegas,31003A,Evolve M2
64:18:df:73:f6:61,2026-08-04 03:56:13,E8X6iojo46RFyYc5zaAI4n7RYMR6jJXK,MVM783 - The Grandview at Las Vegas,31109B,Evolve M2
68:ab:a9:fe:92:a7,2026-08-04 03:56:13,E8X6iojo46RFyYc5zaAI4n7RYMR6jJXK,MVM783 - The Grandview at Las Vegas,8903B,Evolve M2
10:2b:aa:51:52:d7,2026-08-04 03:56:13,E8X6iojo46RFyYc5zaAI4n7RYMR6jJXK,MVM783 - The Grandview at Las Vegas,4405B,Evolve M2
10:2b:aa:51:4e:2a,2026-08-04 03:56:12,E8X6iojo46RFyYc5zaAI4n7RYMR6jJXK,MVM783 - The Grandview at Las Vegas,51702A,Evolve M2
64:18:df:73:ca:3d,2026-08-04 03:56:12,E8X6iojo46RFyYc5zaAI4n7RYMR6jJXK,MVM783 - The Grandview at Las Vegas,4404A,Evolve M2
68:ab:a9:fe:f2:64,2026-08-04 03:56:12,E8X6iojo46RFyYc5zaAI4n7RYMR6jJXK,MVM783 - The Grandview at Las Vegas,3105B,Evolve M2
10:2b:aa:51:57:90,2026-08-04 03:56:12,E8X6iojo46RFyYc5zaAI4n7RYMR6jJXK,MVM783 - The Grandview at Las Vegas,31007A,Evolve M2
10:2b:aa:51:51:57,2026-08-04 03:56:11,E8X6iojo46RFyYc5zaAI4n7RYMR6jJXK,MVM783 - The Grandview at Las Vegas,5802A,Evolve M2
10:2b:aa:51:64:80,2026-08-04 03:56:11,E8X6iojo46RFyYc5zaAI4n7RYMR6jJXK,MVM783 - The Grandview at Las Vegas,3310B,Evolve M2
10:2b:aa:51:49:50,2026-08-04 03:56:11,E8X6iojo46RFyYc5zaAI4n7RYMR6jJXK,MVM783 - The Grandview at Las Vegas,9905B,Evolve M2
68:ab:a9:fe:2c:8a,2026-08-04 03:56:11,E8X6iojo46RFyYc5zaAI4n7RYMR6jJXK,MVM783 - The Grandview at Las Vegas,5508A,Evolve M2
68:ab:a9:fe:e5:eb,2026-08-04 03:56:11,E8X6iojo46RFyYc5zaAI4n7RYMR6jJXK,MVM783 - The Grandview at Las Vegas,9801B,Evolve M2
68:ab:a9:f8:d4:1d,2026-08-04 03:56:11,E8X6iojo46RFyYc5zaAI4n7RYMR6jJXK,MVM783 - The Grandview at Las Vegas,1905B,Evolve M2
64:18:df:73:bf:a3,2026-08-04 03:56:11,E8X6iojo46RFyYc5zaAI4n7RYMR6jJXK,MVM783 - The Grandview at Las Vegas,3605B,Evolve M2
68:ab:a9:fe:8c:c9,2026-08-04 03:56:10,E8X6iojo46RFyYc5zaAI4n7RYMR6jJXK,MVM783 - The Grandview at Las Vegas,9610A,Evolve M2
10:2b:aa:51:5c:cd,2026-08-04 03:56:10,E8X6iojo46RFyYc5zaAI4n7RYMR6jJXK,MVM783 - The Grandview at Las Vegas,5905B,Evolve M2
64:18:df:74:00:d8,2026-08-04 03:56:10,E8X6iojo46RFyYc5zaAI4n7RYMR6jJXK,MVM783 - The Grandview at Las Vegas,3809B,Evolve M2
64:18:df:74:86:ea,2026-08-04 03:56:10,E8X6iojo46RFyYc5zaAI4n7RYMR6jJXK,MVM783 - The Grandview at Las Vegas,3406A,Evolve M2
10:2b:aa:51:61:d1,2026-08-04 03:56:09,E8X6iojo46RFyYc5zaAI4n7RYMR6jJXK,MVM783 - The Grandview at Las Vegas,4210A,Evolve M2
68:ab:a9:fe:81:f8,2026-08-04 03:56:09,E8X6iojo46RFyYc5zaAI4n7RYMR6jJXK,MVM783 - The Grandview at Las Vegas,51710B,Evolve M2
10:2b:aa:51:62:f4,2026-08-04 03:56:09,E8X6iojo46RFyYc5zaAI4n7RYMR6jJXK,MVM783 - The Grandview at Las Vegas,41608A,Evolve M2
10:2b:aa:51:fc:2b,2026-08-04 03:56:09,E8X6iojo46RFyYc5zaAI4n7RYMR6jJXK,MVM783 - The Grandview at Las Vegas,2905A,Evolve M2
68:ab:a9:fe:99:89,2026-08-04 03:56:09,E8X6iojo46RFyYc5zaAI4n7RYMR6jJXK,MVM783 - The Grandview at Las Vegas,8902B,Evolve M2
68:ab:a9:fb:dd:3a,2026-08-04 03:56:09,E8X6iojo46RFyYc5zaAI4n7RYMR6jJXK,MVM783 - The Grandview at Las Vegas,91107B,Evolve M2
10:2b:aa:51:54:c9,2026-08-04 03:56:08,E8X6iojo46RFyYc5zaAI4n7RYMR6jJXK,MVM783 - The Grandview at Las Vegas,4307B,Evolve M2
68:ab:a9:f8:c9:7f,2026-08-04 03:56:08,E8X6iojo46RFyYc5zaAI4n7RYMR6jJXK,MVM783 - The Grandview at Las Vegas,1308A@B,Evolve M2
10:2b:aa:51:5d:a2,2026-08-04 03:56:08,E8X6iojo46RFyYc5zaAI4n7RYMR6jJXK,MVM783 - The Grandview at Las Vegas,61608B,Evolve M2
10:2b:aa:51:5e:2c,2026-08-04 03:56:08,E8X6iojo46RFyYc5zaAI4n7RYMR6jJXK,MVM783 - The Grandview at Las Vegas,8806B,Evolve M2
68:ab:a9:f9:ec:f8,2026-08-04 03:56:08,E8X6iojo46RFyYc5zaAI4n7RYMR6jJXK,MVM783 - The Grandview at Las Vegas,6704A,Evolve M2
68:ab:a9:f9:ee:2a,2026-08-04 03:56:07,E8X6iojo46RFyYc5zaAI4n7RYMR6jJXK,MVM783 - The Grandview at Las Vegas,6410B,Evolve M2
10:2b:aa:51:61:0b,2026-08-04 03:56:07,E8X6iojo46RFyYc5zaAI4n7RYMR6jJXK,MVM783 - The Grandview at Las Vegas,4807A,Evolve M2
68:ab:a9:fc:46:58,2026-08-04 03:56:07,E8X6iojo46RFyYc5zaAI4n7RYMR6jJXK,MVM783 - The Grandview at Las Vegas,1506B@L,Evolve M2
10:2b:aa:51:fc:dc,2026-08-04 03:56:07,E8X6iojo46RFyYc5zaAI4n7RYMR6jJXK,MVM783 - The Grandview at Las Vegas,11107B,Evolve M2
68:ab:a9:f8:f3:37,2026-08-04 03:56:07,E8X6iojo46RFyYc5zaAI4n7RYMR6jJXK,MVM783 - The Grandview at Las Vegas,8401A,Evolve M2
10:2b:aa:51:f6:5e,2026-08-04 03:56:07,E8X6iojo46RFyYc5zaAI4n7RYMR6jJXK,MVM783 - The Grandview at Las Vegas,21201A,Evolve M2
10:2b:aa:51:5f:a0,2026-08-04 03:56:07,E8X6iojo46RFyYc5zaAI4n7RYMR6jJXK,MVM783 - The Grandview at Las Vegas,4203B,Evolve M2
68:ab:a9:fc:56:25,2026-08-04 03:56:07,E8X6iojo46RFyYc5zaAI4n7RYMR6jJXK,MVM783 - The Grandview at Las Vegas,9703B,Evolve M2
10:2b:aa:51:f8:2f,2026-08-04 03:56:07,E8X6iojo46RFyYc5zaAI4n7RYMR6jJXK,MVM783 - The Grandview at Las Vegas,2606A,Evolve M2
68:ab:a9:fc:1e:dd,2026-08-04 03:56:06,E8X6iojo46RFyYc5zaAI4n7RYMR6jJXK,MVM783 - The Grandview at Las Vegas,2208B,Evolve M2
68:ab:a9:fc:10:4c,2026-08-04 03:56:06,E8X6iojo46RFyYc5zaAI4n7RYMR6jJXK,MVM783 - The Grandview at Las Vegas,1407A@B,Evolve M2
68:ab:a9:fe:73:a9,2026-08-04 03:56:06,E8X6iojo46RFyYc5zaAI4n7RYMR6jJXK,MVM783 - The Grandview at Las Vegas,2904B,Evolve M2
10:2b:aa:51:66:ae,2026-08-04 03:56:06,E8X6iojo46RFyYc5zaAI4n7RYMR6jJXK,MVM783 - The Grandview at Las Vegas,5602B,Evolve M2
10:2b:aa:51:58:77,2026-08-04 03:56:05,E8X6iojo46RFyYc5zaAI4n7RYMR6jJXK,MVM783 - The Grandview at Las Vegas,61905A,Evolve M2
68:ab:a9:f8:57:32,2026-08-04 03:56:05,E8X6iojo46RFyYc5zaAI4n7RYMR6jJXK,MVM783 - The Grandview at Las Vegas,3104B,Evolve M2
68:ab:a9:fe:cf:05,2026-08-04 03:56:05,E8X6iojo46RFyYc5zaAI4n7RYMR6jJXK,MVM783 - The Grandview at Las Vegas,6301B,Evolve M2
10:2b:aa:51:63:c9,2026-08-04 03:56:05,E8X6iojo46RFyYc5zaAI4n7RYMR6jJXK,MVM783 - The Grandview at Las Vegas,6506B,Evolve M2
10:2b:aa:51:5c:49,2026-08-04 03:56:05,E8X6iojo46RFyYc5zaAI4n7RYMR6jJXK,MVM783 - The Grandview at Las Vegas,4202A,Evolve M2
10:2b:aa:51:f6:0d,2026-08-04 03:56:05,E8X6iojo46RFyYc5zaAI4n7RYMR6jJXK,MVM783 - The Grandview at Las Vegas,2806B,Evolve M2
10:2b:aa:51:69:60,2026-08-04 03:56:05,E8X6iojo46RFyYc5zaAI4n7RYMR6jJXK,MVM783 - The Grandview at Las Vegas,52107A,Evolve M2
10:2b:aa:51:49:02,2026-08-04 03:56:04,E8X6iojo46RFyYc5zaAI4n7RYMR6jJXK,MVM783 - The Grandview at Las Vegas,9906B,Evolve M2
68:ab:a9:f8:e6:e4,2026-08-04 03:56:04,E8X6iojo46RFyYc5zaAI4n7RYMR6jJXK,MVM783 - The Grandview at Las Vegas,8306B,Evolve M2
10:2b:aa:51:49:89,2026-08-04 03:56:04,E8X6iojo46RFyYc5zaAI4n7RYMR6jJXK,MVM783 - The Grandview at Las Vegas,61208A,Evolve M2
64:18:df:73:df:36,2026-08-04 03:56:04,E8X6iojo46RFyYc5zaAI4n7RYMR6jJXK,MVM783 - The Grandview at Las Vegas,61910A,Evolve M2
64:18:df:73:aa:a4,2026-08-04 03:56:04,E8X6iojo46RFyYc5zaAI4n7RYMR6jJXK,MVM783 - The Grandview at Las Vegas,9806A,Evolve M2
10:2b:aa:50:be:69,2026-08-04 03:56:03,E8X6iojo46RFyYc5zaAI4n7RYMR6jJXK,MVM783 - The Grandview at Las Vegas,4710B,Evolve M2
68:ab:a9:fc:02:35,2026-08-04 03:56:03,E8X6iojo46RFyYc5zaAI4n7RYMR6jJXK,MVM783 - The Grandview at Las Vegas,9302B,Evolve M2
68:ab:a9:fe:65:9f,2026-08-04 03:56:03,E8X6iojo46RFyYc5zaAI4n7RYMR6jJXK,MVM783 - The Grandview at Las Vegas,51402A,Evolve M2
68:ab:a9:fe:f6:94,2026-08-04 03:56:03,E8X6iojo46RFyYc5zaAI4n7RYMR6jJXK,MVM783 - The Grandview at Las Vegas,52105B,Evolve M2
64:18:df:74:88:16,2026-08-04 03:56:03,E8X6iojo46RFyYc5zaAI4n7RYMR6jJXK,MVM783 - The Grandview at Las Vegas,62006B,Evolve M2
10:2b:aa:51:65:01,2026-08-04 03:56:02,E8X6iojo46RFyYc5zaAI4n7RYMR6jJXK,MVM783 - The Grandview at Las Vegas,91105A,Evolve M2
68:ab:a9:fc:f2:8a,2026-08-04 03:56:02,E8X6iojo46RFyYc5zaAI4n7RYMR6jJXK,MVM783 - The Grandview at Las Vegas,61006B,Evolve M2
10:2b:aa:51:6b:64,2026-08-04 03:56:02,E8X6iojo46RFyYc5zaAI4n7RYMR6jJXK,MVM783 - The Grandview at Las Vegas,3504B,Evolve M2
10:2b:aa:51:fd:bd,2026-08-04 03:56:02,E8X6iojo46RFyYc5zaAI4n7RYMR6jJXK,MVM783 - The Grandview at Las Vegas,3103B,Evolve M2
68:ab:a9:fe:6d:05,2026-08-04 03:56:02,E8X6iojo46RFyYc5zaAI4n7RYMR6jJXK,MVM783 - The Grandview at Las Vegas,8907B,Evolve M2
64:18:df:73:c8:34,2026-08-04 03:56:01,E8X6iojo46RFyYc5zaAI4n7RYMR6jJXK,MVM783 - The Grandview at Las Vegas,5503A,Evolve M2
68:ab:a9:fe:da:92,2026-08-04 03:56:01,E8X6iojo46RFyYc5zaAI4n7RYMR6jJXK,MVM783 - The Grandview at Las Vegas,2801A,Evolve M2
68:ab:a9:fe:fa:4a,2026-08-04 03:56:01,E8X6iojo46RFyYc5zaAI4n7RYMR6jJXK,MVM783 - The Grandview at Las Vegas,81008B,Evolve M2
10:2b:aa:51:4f:95,2026-08-04 03:56:01,E8X6iojo46RFyYc5zaAI4n7RYMR6jJXK,MVM783 - The Grandview at Las Vegas,5708B,Evolve M2
68:ab:a9:f7:dd:98,2026-08-04 03:56:01,E8X6iojo46RFyYc5zaAI4n7RYMR6jJXK,MVM783 - The Grandview at Las Vegas,2201B,Evolve M2
68:ab:a9:fe:a3:e4,2026-08-04 03:56:01,E8X6iojo46RFyYc5zaAI4n7RYMR6jJXK,MVM783 - The Grandview at Las Vegas,4909B,Evolve M2
10:2b:aa:51:fd:45,2026-08-04 03:56:01,E8X6iojo46RFyYc5zaAI4n7RYMR6jJXK,MVM783 - The Grandview at Las Vegas,2206A,Evolve M2
64:18:df:74:6a:5c,2026-08-04 03:56:00,E8X6iojo46RFyYc5zaAI4n7RYMR6jJXK,MVM783 - The Grandview at Las Vegas,62008B,Evolve M2
68:ab:a9:f8:df:e6,2026-08-04 03:56:00,E8X6iojo46RFyYc5zaAI4n7RYMR6jJXK,MVM783 - The Grandview at Las Vegas,41703B,Evolve M2
64:18:df:73:cf:23,2026-08-04 03:56:00,E8X6iojo46RFyYc5zaAI4n7RYMR6jJXK,MVM783 - The Grandview at Las Vegas,5809A,Evolve M2
10:2b:aa:51:50:7f,2026-08-04 03:56:00,E8X6iojo46RFyYc5zaAI4n7RYMR6jJXK,MVM783 - The Grandview at Las Vegas,5102B,Evolve M2
10:2b:aa:51:56:d3,2026-08-04 03:56:00,E8X6iojo46RFyYc5zaAI4n7RYMR6jJXK,MVM783 - The Grandview at Las Vegas,6705A,Evolve M2
68:ab:a9:f8:dd:08,2026-08-04 03:56:00,E8X6iojo46RFyYc5zaAI4n7RYMR6jJXK,MVM783 - The Grandview at Las Vegas,9804B,Evolve M2
10:2b:aa:51:61:9e,2026-08-04 03:55:59,E8X6iojo46RFyYc5zaAI4n7RYMR6jJXK,MVM783 - The Grandview at Las Vegas,5101B,Evolve M2
68:ab:a9:fe:af:58,2026-08-04 03:55:59,E8X6iojo46RFyYc5zaAI4n7RYMR6jJXK,MVM783 - The Grandview at Las Vegas,41402A,Evolve M2
10:2b:aa:51:fe:2f,2026-08-04 03:55:58,E8X6iojo46RFyYc5zaAI4n7RYMR6jJXK,MVM783 - The Grandview at Las Vegas,2906A,Evolve M2
68:ab:a9:f8:47:ae,2026-08-04 03:55:58,E8X6iojo46RFyYc5zaAI4n7RYMR6jJXK,MVM783 - The Grandview at Las Vegas,2704A,Evolve M2
10:2b:aa:52:65:b5,2026-08-04 03:55:58,E8X6iojo46RFyYc5zaAI4n7RYMR6jJXK,MVM783 - The Grandview at Las Vegas,11106A,Evolve M2
10:2b:aa:51:fc:ac,2026-08-04 03:55:58,E8X6iojo46RFyYc5zaAI4n7RYMR6jJXK,MVM783 - The Grandview at Las Vegas,9203A,Evolve M2
10:2b:aa:51:fc:79,2026-08-04 03:55:58,E8X6iojo46RFyYc5zaAI4n7RYMR6jJXK,MVM783 - The Grandview at Las Vegas,21105A,Evolve M2
64:18:df:74:88:43,2026-08-04 03:55:57,E8X6iojo46RFyYc5zaAI4n7RYMR6jJXK,MVM783 - The Grandview at Las Vegas,42006A,Evolve M2
68:ab:a9:f8:e7:6d,2026-08-04 03:55:57,E8X6iojo46RFyYc5zaAI4n7RYMR6jJXK,MVM783 - The Grandview at Las Vegas,11005A,Evolve M2
64:18:df:73:df:0f,2026-08-04 03:55:56,E8X6iojo46RFyYc5zaAI4n7RYMR6jJXK,MVM783 - The Grandview at Las Vegas,41603B,Evolve M2
10:2b:aa:51:f8:5f,2026-08-04 03:55:56,E8X6iojo46RFyYc5zaAI4n7RYMR6jJXK,MVM783 - The Grandview at Las Vegas,3907B,Evolve M2
64:18:df:73:c6:fa,2026-08-04 03:55:56,E8X6iojo46RFyYc5zaAI4n7RYMR6jJXK,MVM783 - The Grandview at Las Vegas,51404B,Evolve M2
64:18:df:74:06:19,2026-08-04 03:55:56,E8X6iojo46RFyYc5zaAI4n7RYMR6jJXK,MVM783 - The Grandview at Las Vegas,61009B,Evolve M2
10:2b:aa:51:66:51,2026-08-04 03:55:56,E8X6iojo46RFyYc5zaAI4n7RYMR6jJXK,MVM783 - The Grandview at Las Vegas,5301B,Evolve M2
64:18:df:73:a7:ab,2026-08-04 03:55:56,E8X6iojo46RFyYc5zaAI4n7RYMR6jJXK,MVM783 - The Grandview at Las Vegas,8304B,Evolve M2
10:2b:aa:51:56:fd,2026-08-04 03:55:56,E8X6iojo46RFyYc5zaAI4n7RYMR6jJXK,MVM783 - The Grandview at Las Vegas,51404B,Evolve M2
10:2b:aa:51:6c:57,2026-08-04 03:55:56,E8X6iojo46RFyYc5zaAI4n7RYMR6jJXK,MVM783 - The Grandview at Las Vegas,6703A,Evolve M2
10:2b:aa:51:63:81,2026-08-04 03:55:56,E8X6iojo46RFyYc5zaAI4n7RYMR6jJXK,MVM783 - The Grandview at Las Vegas,3106A,Evolve M2
64:18:df:73:d4:c5,2026-08-04 03:55:55,E8X6iojo46RFyYc5zaAI4n7RYMR6jJXK,MVM783 - The Grandview at Las Vegas,61108A,Evolve M2
10:2b:aa:51:69:48,2026-08-04 03:55:55,E8X6iojo46RFyYc5zaAI4n7RYMR6jJXK,MVM783 - The Grandview at Las Vegas,51006B,Evolve M2
10:2b:aa:51:4c:e6,2026-08-04 03:55:55,E8X6iojo46RFyYc5zaAI4n7RYMR6jJXK,MVM783 - The Grandview at Las Vegas,61704B,Evolve M2
64:18:df:74:13:b4,2026-08-04 03:55:54,E8X6iojo46RFyYc5zaAI4n7RYMR6jJXK,MVM783 - The Grandview at Las Vegas,6105A,Evolve M2
68:ab:a9:f8:21:03,2026-08-04 03:55:54,E8X6iojo46RFyYc5zaAI4n7RYMR6jJXK,MVM783 - The Grandview at Las Vegas,62008B,Evolve M2
64:18:df:73:ed:c4,2026-08-04 03:55:54,E8X6iojo46RFyYc5zaAI4n7RYMR6jJXK,MVM783 - The Grandview at Las Vegas,21201B,Evolve M2
68:ab:a9:fb:db:d7,2026-08-04 03:55:54,E8X6iojo46RFyYc5zaAI4n7RYMR6jJXK,MVM783 - The Grandview at Las Vegas,8103A,Evolve M2
10:2b:aa:52:66:0f,2026-08-04 03:55:53,E8X6iojo46RFyYc5zaAI4n7RYMR6jJXK,MVM783 - The Grandview at Las Vegas,11203A,Evolve M2
10:2b:aa:51:58:17,2026-08-04 03:55:53,E8X6iojo46RFyYc5zaAI4n7RYMR6jJXK,MVM783 - The Grandview at Las Vegas,61910B,Evolve M2
10:2b:aa:50:93:d0,2026-08-04 03:55:53,E8X6iojo46RFyYc5zaAI4n7RYMR6jJXK,MVM783 - The Grandview at Las Vegas,81207A,Evolve M2
10:2b:aa:51:58:0e,2026-08-04 03:55:53,E8X6iojo46RFyYc5zaAI4n7RYMR6jJXK,MVM783 - The Grandview at Las Vegas,51701B,Evolve M2
68:ab:a9:f8:2a:d5,2026-08-04 03:55:53,E8X6iojo46RFyYc5zaAI4n7RYMR6jJXK,MVM783 - The Grandview at Las Vegas,2107A,Evolve M2
10:2b:aa:51:4a:a0,2026-08-04 03:55:53,E8X6iojo46RFyYc5zaAI4n7RYMR6jJXK,MVM783 - The Grandview at Las Vegas,3801A,Evolve M2
68:ab:a9:fe:ae:e3,2026-08-04 03:55:53,E8X6iojo46RFyYc5zaAI4n7RYMR6jJXK,MVM783 - The Grandview at Las Vegas,41402A,Evolve M2
10:2b:aa:51:fc:a0,2026-08-04 03:55:52,E8X6iojo46RFyYc5zaAI4n7RYMR6jJXK,MVM783 - The Grandview at Las Vegas,9310A,Evolve M2
68:ab:a9:fe:2b:ee,2026-08-04 03:55:52,E8X6iojo46RFyYc5zaAI4n7RYMR6jJXK,MVM783 - The Grandview at Las Vegas,51508B,Evolve M2
10:2b:aa:51:5c:3d,2026-08-04 03:55:52,E8X6iojo46RFyYc5zaAI4n7RYMR6jJXK,MVM783 - The Grandview at Las Vegas,5501A,Evolve M2
64:18:df:74:4d:86,2026-08-04 03:55:52,E8X6iojo46RFyYc5zaAI4n7RYMR6jJXK,MVM783 - The Grandview at Las Vegas,3404B,Evolve M2
68:ab:a9:f8:a2:ea,2026-08-04 03:55:52,E8X6iojo46RFyYc5zaAI4n7RYMR6jJXK,MVM783 - The Grandview at Las Vegas,9507A,Evolve M2
68:ab:a9:fe:a3:60,2026-08-04 03:55:52,E8X6iojo46RFyYc5zaAI4n7RYMR6jJXK,MVM783 - The Grandview at Las Vegas,51606B,Evolve M2
64:18:df:73:fc:f8,2026-08-04 03:55:52,E8X6iojo46RFyYc5zaAI4n7RYMR6jJXK,MVM783 - The Grandview at Las Vegas,52006B,Evolve M2
10:2b:aa:51:f8:2c,2026-08-04 03:55:52,E8X6iojo46RFyYc5zaAI4n7RYMR6jJXK,MVM783 - The Grandview at Las Vegas,9902B,Evolve M2
68:ab:a9:fe:a3:63,2026-08-04 03:55:51,E8X6iojo46RFyYc5zaAI4n7RYMR6jJXK,MVM783 - The Grandview at Las Vegas,4909B,Evolve M2
68:ab:a9:f8:ee:1b,2026-08-04 03:55:51,E8X6iojo46RFyYc5zaAI4n7RYMR6jJXK,MVM783 - The Grandview at Las Vegas,1104A,Evolve M2
64:18:df:73:e9:50,2026-08-04 03:55:50,E8X6iojo46RFyYc5zaAI4n7RYMR6jJXK,MVM783 - The Grandview at Las Vegas,4807A,Evolve M2
10:2b:aa:51:53:82,2026-08-04 03:55:50,E8X6iojo46RFyYc5zaAI4n7RYMR6jJXK,MVM783 - The Grandview at Las Vegas,3805B,Evolve M2
10:2b:aa:51:51:09,2026-08-04 03:55:50,E8X6iojo46RFyYc5zaAI4n7RYMR6jJXK,MVM783 - The Grandview at Las Vegas,51501B,Evolve M2
10:2b:aa:51:67:47,2026-08-04 03:55:50,E8X6iojo46RFyYc5zaAI4n7RYMR6jJXK,MVM783 - The Grandview at Las Vegas,6508B,Evolve M2
10:2b:aa:51:60:0c,2026-08-04 03:55:50,E8X6iojo46RFyYc5zaAI4n7RYMR6jJXK,MVM783 - The Grandview at Las Vegas,61602B,Evolve M2
10:2b:aa:51:52:ef,2026-08-04 03:55:50,E8X6iojo46RFyYc5zaAI4n7RYMR6jJXK,MVM783 - The Grandview at Las Vegas,6406B,Evolve M2
10:2b:aa:51:55:8f,2026-08-04 03:55:50,E8X6iojo46RFyYc5zaAI4n7RYMR6jJXK,MVM783 - The Grandview at Las Vegas,51803A,Evolve M2
64:18:df:74:11:d1,2026-08-04 03:55:50,E8X6iojo46RFyYc5zaAI4n7RYMR6jJXK,MVM783 - The Grandview at Las Vegas,6106A,Evolve M2
68:ab:a9:fe:a3:1e,2026-08-04 03:55:49,E8X6iojo46RFyYc5zaAI4n7RYMR6jJXK,MVM783 - The Grandview at Las Vegas,8506B,Evolve M2
64:18:df:74:4b:b4,2026-08-04 03:55:48,E8X6iojo46RFyYc5zaAI4n7RYMR6jJXK,MVM783 - The Grandview at Las Vegas,61501B,Evolve M2
10:2b:aa:51:4f:56,2026-08-04 03:55:48,E8X6iojo46RFyYc5zaAI4n7RYMR6jJXK,MVM783 - The Grandview at Las Vegas,61704B,Evolve M2
68:ab:a9:fe:a4:d7,2026-08-04 03:55:48,E8X6iojo46RFyYc5zaAI4n7RYMR6jJXK,MVM783 - The Grandview at Las Vegas,41704B,Evolve M2
68:ab:a9:fd:7f:68,2026-08-04 03:55:47,E8X6iojo46RFyYc5zaAI4n7RYMR6jJXK,MVM783 - The Grandview at Las Vegas,9707A@BR,Evolve M2
10:2b:aa:51:66:63,2026-08-04 03:55:47,E8X6iojo46RFyYc5zaAI4n7RYMR6jJXK,MVM783 - The Grandview at Las Vegas,52107B,Evolve M2
64:18:df:74:3c:dd,2026-08-04 03:55:47,E8X6iojo46RFyYc5zaAI4n7RYMR6jJXK,MVM783 - The Grandview at Las Vegas,41501A,Evolve M2
64:18:df:74:29:37,2026-08-04 03:55:47,E8X6iojo46RFyYc5zaAI4n7RYMR6jJXK,MVM783 - The Grandview at Las Vegas,52006B,Evolve M2
68:ab:a9:fe:97:aa,2026-08-04 03:55:47,E8X6iojo46RFyYc5zaAI4n7RYMR6jJXK,MVM783 - The Grandview at Las Vegas,51601A,Evolve M2
68:ab:a9:fc:1c:15,2026-08-04 03:55:47,E8X6iojo46RFyYc5zaAI4n7RYMR6jJXK,MVM783 - The Grandview at Las Vegas,31001A,Evolve M2
64:18:df:74:84:b3,2026-08-04 03:55:47,E8X6iojo46RFyYc5zaAI4n7RYMR6jJXK,MVM783 - The Grandview at Las Vegas,91006A,Evolve M2
10:2b:aa:51:54:39,2026-08-04 03:55:47,E8X6iojo46RFyYc5zaAI4n7RYMR6jJXK,MVM783 - The Grandview at Las Vegas,4907B,Evolve M2
64:18:df:73:a9:53,2026-08-04 03:55:46,E8X6iojo46RFyYc5zaAI4n7RYMR6jJXK,MVM783 - The Grandview at Las Vegas,4701B,Evolve M2
68:ab:a9:fc:1a:fd,2026-08-04 03:55:46,E8X6iojo46RFyYc5zaAI4n7RYMR6jJXK,MVM783 - The Grandview at Las Vegas,1106A,Evolve M2
64:18:df:74:02:ea,2026-08-04 03:55:46,E8X6iojo46RFyYc5zaAI4n7RYMR6jJXK,MVM783 - The Grandview at Las Vegas,5202B,Evolve M2
10:2b:aa:51:f8:83,2026-08-04 03:55:46,E8X6iojo46RFyYc5zaAI4n7RYMR6jJXK,MVM783 - The Grandview at Las Vegas,9602B,Evolve M2
10:2b:aa:51:63:e1,2026-08-04 03:55:46,E8X6iojo46RFyYc5zaAI4n7RYMR6jJXK,MVM783 - The Grandview at Las Vegas,3706A,Evolve M2
10:2b:aa:51:6b:97,2026-08-04 03:55:45,E8X6iojo46RFyYc5zaAI4n7RYMR6jJXK,MVM783 - The Grandview at Las Vegas,4809A,Evolve M2
10:2b:aa:51:61:4d,2026-08-04 03:55:45,E8X6iojo46RFyYc5zaAI4n7RYMR6jJXK,MVM783 - The Grandview at Las Vegas,4206A,Evolve M2
10:2b:aa:51:4f:7d,2026-08-04 03:55:45,E8X6iojo46RFyYc5zaAI4n7RYMR6jJXK,MVM783 - The Grandview at Las Vegas,51501B,Evolve M2
68:ab:a9:f7:e1:e6,2026-08-04 03:55:45,E8X6iojo46RFyYc5zaAI4n7RYMR6jJXK,MVM783 - The Grandview at Las Vegas,11002B,Evolve M2
10:2b:aa:51:6b:76,2026-08-04 03:55:45,E8X6iojo46RFyYc5zaAI4n7RYMR6jJXK,MVM783 - The Grandview at Las Vegas,8101A,Evolve M2
68:ab:a9:f8:65:cc,2026-08-04 03:55:45,E8X6iojo46RFyYc5zaAI4n7RYMR6jJXK,MVM783 - The Grandview at Las Vegas,8302B,Evolve M2
68:ab:a9:fa:f2:71,2026-08-04 03:55:45,E8X6iojo46RFyYc5zaAI4n7RYMR6jJXK,MVM783 - The Grandview at Las Vegas,3301A,Evolve M2
64:18:df:74:57:a8,2026-08-04 03:55:45,E8X6iojo46RFyYc5zaAI4n7RYMR6jJXK,MVM783 - The Grandview at Las Vegas,6310A,Evolve M2
10:2b:aa:51:fc:4c,2026-08-04 03:55:45,E8X6iojo46RFyYc5zaAI4n7RYMR6jJXK,MVM783 - The Grandview at Las Vegas,1804B@L,Evolve M2
68:ab:a9:fe:aa:91,2026-08-04 03:55:45,E8X6iojo46RFyYc5zaAI4n7RYMR6jJXK,MVM783 - The Grandview at Las Vegas,51601A,Evolve M2
68:ab:a9:fe:5f:d1,2026-08-04 03:55:45,E8X6iojo46RFyYc5zaAI4n7RYMR6jJXK,MVM783 - The Grandview at Las Vegas,51710B,Evolve M2
64:18:df:74:0e:52,2026-08-04 03:55:44,E8X6iojo46RFyYc5zaAI4n7RYMR6jJXK,MVM783 - The Grandview at Las Vegas,5601B,Evolve M2
64:18:df:73:ca:d1,2026-08-04 03:55:44,E8X6iojo46RFyYc5zaAI4n7RYMR6jJXK,MVM783 - The Grandview at Las Vegas,4206B,Evolve M2
68:ab:a9:f8:84:50,2026-08-04 03:55:44,E8X6iojo46RFyYc5zaAI4n7RYMR6jJXK,MVM783 - The Grandview at Las Vegas,9701B,Evolve M2
10:2b:aa:51:5a:36,2026-08-04 03:55:44,E8X6iojo46RFyYc5zaAI4n7RYMR6jJXK,MVM783 - The Grandview at Las Vegas,41109A,Evolve M2
68:ab:a9:f9:66:a1,2026-08-04 03:55:44,E8X6iojo46RFyYc5zaAI4n7RYMR6jJXK,MVM783 - The Grandview at Las Vegas,4909A,Evolve M2
10:2b:aa:51:5a:5a,2026-08-04 03:55:44,E8X6iojo46RFyYc5zaAI4n7RYMR6jJXK,MVM783 - The Grandview at Las Vegas,51609A,Evolve M2
10:2b:aa:51:f4:d2,2026-08-04 03:55:44,E8X6iojo46RFyYc5zaAI4n7RYMR6jJXK,MVM783 - The Grandview at Las Vegas,41610A,Evolve M2
10:2b:aa:51:6b:46,2026-08-04 03:55:43,E8X6iojo46RFyYc5zaAI4n7RYMR6jJXK,MVM783 - The Grandview at Las Vegas,6908A,Evolve M2
10:2b:aa:51:5a:90,2026-08-04 03:55:43,E8X6iojo46RFyYc5zaAI4n7RYMR6jJXK,MVM783 - The Grandview at Las Vegas,91204A,Evolve M2
68:ab:a9:fe:e1:73,2026-08-04 03:55:43,E8X6iojo46RFyYc5zaAI4n7RYMR6jJXK,MVM783 - The Grandview at Las Vegas,6406A,Evolve M2
10:2b:aa:51:53:91,2026-08-04 03:55:43,E8X6iojo46RFyYc5zaAI4n7RYMR6jJXK,MVM783 - The Grandview at Las Vegas,6707A,Evolve M2
68:ab:a9:fc:90:9d,2026-08-04 03:55:42,E8X6iojo46RFyYc5zaAI4n7RYMR6jJXK,MVM783 - The Grandview at Las Vegas,31107A,Evolve M2
64:18:df:73:a0:f6,2026-08-04 03:55:42,E8X6iojo46RFyYc5zaAI4n7RYMR6jJXK,MVM783 - The Grandview at Las Vegas,62106B,Evolve M2
68:ab:a9:fe:7f:b9,2026-08-04 03:55:42,E8X6iojo46RFyYc5zaAI4n7RYMR6jJXK,MVM783 - The Grandview at Las Vegas,9408B,Evolve M2
10:2b:aa:51:54:ff,2026-08-04 03:55:42,E8X6iojo46RFyYc5zaAI4n7RYMR6jJXK,MVM783 - The Grandview at Las Vegas,3809A,Evolve M2
68:ab:a9:fb:dc:1d,2026-08-04 03:55:42,E8X6iojo46RFyYc5zaAI4n7RYMR6jJXK,MVM783 - The Grandview at Las Vegas,8101B,Evolve M2
68:ab:a9:fe:f7:f9,2026-08-04 03:55:42,E8X6iojo46RFyYc5zaAI4n7RYMR6jJXK,MVM783 - The Grandview at Las Vegas,1808A,Evolve M2
10:2b:aa:52:65:85,2026-08-04 03:55:42,E8X6iojo46RFyYc5zaAI4n7RYMR6jJXK,MVM783 - The Grandview at Las Vegas,2508B,Evolve M2
10:2b:aa:51:57:75,2026-08-04 03:55:41,E8X6iojo46RFyYc5zaAI4n7RYMR6jJXK,MVM783 - The Grandview at Las Vegas,61803A,Evolve M2
10:2b:aa:51:6b:70,2026-08-04 03:55:41,E8X6iojo46RFyYc5zaAI4n7RYMR6jJXK,MVM783 - The Grandview at Las Vegas,3507A,Evolve M2
68:ab:a9:f8:27:11,2026-08-04 03:55:41,E8X6iojo46RFyYc5zaAI4n7RYMR6jJXK,MVM783 - The Grandview at Las Vegas,9809B,Evolve M2
10:2b:aa:51:fc:d3,2026-08-04 03:55:41,E8X6iojo46RFyYc5zaAI4n7RYMR6jJXK,MVM783 - The Grandview at Las Vegas,8107A,Evolve M2
64:18:df:73:e9:83,2026-08-04 03:55:41,E8X6iojo46RFyYc5zaAI4n7RYMR6jJXK,MVM783 - The Grandview at Las Vegas,4809A,Evolve M2
68:ab:a9:fc:11:27,2026-08-04 03:55:40,E8X6iojo46RFyYc5zaAI4n7RYMR6jJXK,MVM783 - The Grandview at Las Vegas,62103A,Evolve M2
68:ab:a9:fe:e9:bd,2026-08-04 03:55:40,E8X6iojo46RFyYc5zaAI4n7RYMR6jJXK,MVM783 - The Grandview at Las Vegas,41003B,Evolve M2
64:18:df:73:c8:ae,2026-08-04 03:55:40,E8X6iojo46RFyYc5zaAI4n7RYMR6jJXK,MVM783 - The Grandview at Las Vegas,31209B,Evolve M2
68:ab:a9:f9:58:a1,2026-08-04 03:55:40,E8X6iojo46RFyYc5zaAI4n7RYMR6jJXK,MVM783 - The Grandview at Las Vegas,6701A,Evolve M2
68:ab:a9:fc:51:ac,2026-08-04 03:55:40,E8X6iojo46RFyYc5zaAI4n7RYMR6jJXK,MVM783 - The Grandview at Las Vegas,1608B@B,Evolve M2
10:2b:aa:51:fe:f5,2026-08-04 03:55:39,E8X6iojo46RFyYc5zaAI4n7RYMR6jJXK,MVM783 - The Grandview at Las Vegas,4902B,Evolve M2
10:2b:aa:51:49:08,2026-08-04 03:55:39,E8X6iojo46RFyYc5zaAI4n7RYMR6jJXK,MVM783 - The Grandview at Las Vegas,61205B,Evolve M2
64:18:df:73:cc:51,2026-08-04 03:55:39,E8X6iojo46RFyYc5zaAI4n7RYMR6jJXK,MVM783 - The Grandview at Las Vegas,61103B,Evolve M2
10:2b:aa:51:5e:b0,2026-08-04 03:55:39,E8X6iojo46RFyYc5zaAI4n7RYMR6jJXK,MVM783 - The Grandview at Las Vegas,51106A,Evolve M2
64:18:df:74:5a:9a,2026-08-04 03:55:39,E8X6iojo46RFyYc5zaAI4n7RYMR6jJXK,MVM783 - The Grandview at Las Vegas,6408B,Evolve M2
68:ab:a9:fe:1b:df,2026-08-04 03:55:39,E8X6iojo46RFyYc5zaAI4n7RYMR6jJXK,MVM783 - The Grandview at Las Vegas,4406A,Evolve M2
10:2b:aa:51:5c:52,2026-08-04 03:55:38,E8X6iojo46RFyYc5zaAI4n7RYMR6jJXK,MVM783 - The Grandview at Las Vegas,5501B,Evolve M2
68:ab:a9:fe:7c:4a,2026-08-04 03:55:38,E8X6iojo46RFyYc5zaAI4n7RYMR6jJXK,MVM783 - The Grandview at Las Vegas,9406B,Evolve M2
68:ab:a9:fe:96:94,2026-08-04 03:55:38,E8X6iojo46RFyYc5zaAI4n7RYMR6jJXK,MVM783 - The Grandview at Las Vegas,6809A,Evolve M2
10:2b:aa:51:59:07,2026-08-04 03:55:37,E8X6iojo46RFyYc5zaAI4n7RYMR6jJXK,MVM783 - The Grandview at Las Vegas,5810A,Evolve M2
64:18:df:74:69:4b,2026-08-04 03:55:37,E8X6iojo46RFyYc5zaAI4n7RYMR6jJXK,MVM783 - The Grandview at Las Vegas,62009B,Evolve M2
10:2b:aa:50:93:8e,2026-08-04 03:55:37,E8X6iojo46RFyYc5zaAI4n7RYMR6jJXK,MVM783 - The Grandview at Las Vegas,81206A,Evolve M2
10:2b:aa:51:56:b8,2026-08-04 03:55:37,E8X6iojo46RFyYc5zaAI4n7RYMR6jJXK,MVM783 - The Grandview at Las Vegas,61909A,Evolve M2
68:ab:a9:f7:e6:37,2026-08-04 03:55:37,E8X6iojo46RFyYc5zaAI4n7RYMR6jJXK,MVM783 - The Grandview at Las Vegas,41608B,Evolve M2
10:2b:aa:51:4a:22,2026-08-04 03:55:37,E8X6iojo46RFyYc5zaAI4n7RYMR6jJXK,MVM783 - The Grandview at Las Vegas,61609B,Evolve M2
10:2b:aa:51:f3:e5,2026-08-04 03:55:36,E8X6iojo46RFyYc5zaAI4n7RYMR6jJXK,MVM783 - The Grandview at Las Vegas,3505A,Evolve M2
68:ab:a9:ff:10:f2,2026-08-04 03:55:36,E8X6iojo46RFyYc5zaAI4n7RYMR6jJXK,MVM783 - The Grandview at Las Vegas,52106A,Evolve M2
10:2b:aa:51:5d:69,2026-08-04 03:55:35,E8X6iojo46RFyYc5zaAI4n7RYMR6jJXK,MVM783 - The Grandview at Las Vegas,5104B,Evolve M2
10:2b:aa:51:fb:f8,2026-08-04 03:55:35,E8X6iojo46RFyYc5zaAI4n7RYMR6jJXK,MVM783 - The Grandview at Las Vegas,2204B,Evolve M2
10:2b:aa:51:f4:9f,2026-08-04 03:55:35,E8X6iojo46RFyYc5zaAI4n7RYMR6jJXK,MVM783 - The Grandview at Las Vegas,41205B,Evolve M2
68:ab:a9:f7:c3:81,2026-08-04 03:55:35,E8X6iojo46RFyYc5zaAI4n7RYMR6jJXK,MVM783 - The Grandview at Las Vegas,41605B,Evolve M2
10:2b:aa:50:93:c1,2026-08-04 03:55:35,E8X6iojo46RFyYc5zaAI4n7RYMR6jJXK,MVM783 - The Grandview at Las Vegas,9201A,Evolve M2
68:ab:a9:fe:d2:fd,2026-08-04 03:55:35,E8X6iojo46RFyYc5zaAI4n7RYMR6jJXK,MVM783 - The Grandview at Las Vegas,2205B,Evolve M2
68:ab:a9:fc:81:2c,2026-08-04 03:55:35,E8X6iojo46RFyYc5zaAI4n7RYMR6jJXK,MVM783 - The Grandview at Las Vegas,9702B,Evolve M2
68:ab:a9:fc:10:ae,2026-08-04 03:55:34,E8X6iojo46RFyYc5zaAI4n7RYMR6jJXK,MVM783 - The Grandview at Las Vegas,1301A@L,Evolve M2
68:ab:a9:f8:b9:d0,2026-08-04 03:55:34,E8X6iojo46RFyYc5zaAI4n7RYMR6jJXK,MVM783 - The Grandview at Las Vegas,9402A,Evolve M2
10:2b:aa:51:4c:17,2026-08-04 03:55:34,E8X6iojo46RFyYc5zaAI4n7RYMR6jJXK,MVM783 - The Grandview at Las Vegas,3804A,Evolve M2
68:ab:a9:fe:a3:48,2026-08-04 03:55:34,E8X6iojo46RFyYc5zaAI4n7RYMR6jJXK,MVM783 - The Grandview at Las Vegas,6406A,Evolve M2
10:2b:aa:51:60:69,2026-08-04 03:55:33,E8X6iojo46RFyYc5zaAI4n7RYMR6jJXK,MVM783 - The Grandview at Las Vegas,6902A,Evolve M2
10:2b:aa:51:5d:ff,2026-08-04 03:55:33,E8X6iojo46RFyYc5zaAI4n7RYMR6jJXK,MVM783 - The Grandview at Las Vegas,51106A,Evolve M2
10:2b:aa:51:5c:ac,2026-08-04 03:55:33,E8X6iojo46RFyYc5zaAI4n7RYMR6jJXK,MVM783 - The Grandview at Las Vegas,5102B,Evolve M2
68:ab:a9:fe:1f:b6,2026-08-04 03:55:32,E8X6iojo46RFyYc5zaAI4n7RYMR6jJXK,MVM783 - The Grandview at Las Vegas,9301A,Evolve M2
68:ab:a9:ff:0d:f8,2026-08-04 03:55:32,E8X6iojo46RFyYc5zaAI4n7RYMR6jJXK,MVM783 - The Grandview at Las Vegas,1805A@L,Evolve M2
64:18:df:74:36:9c,2026-08-04 03:55:32,E8X6iojo46RFyYc5zaAI4n7RYMR6jJXK,MVM783 - The Grandview at Las Vegas,9904A,Evolve M2
10:2b:aa:51:63:99,2026-08-04 03:55:32,E8X6iojo46RFyYc5zaAI4n7RYMR6jJXK,MVM783 - The Grandview at Las Vegas,51104B,Evolve M2
10:2b:aa:51:4d:4c,2026-08-04 03:55:32,E8X6iojo46RFyYc5zaAI4n7RYMR6jJXK,MVM783 - The Grandview at Las Vegas,61503B,Evolve M2
10:2b:aa:51:51:27,2026-08-04 03:55:31,E8X6iojo46RFyYc5zaAI4n7RYMR6jJXK,MVM783 - The Grandview at Las Vegas,61509B,Evolve M2
68:ab:a9:f8:1e:d6,2026-08-04 03:55:31,E8X6iojo46RFyYc5zaAI4n7RYMR6jJXK,MVM783 - The Grandview at Las Vegas,31103A,Evolve M2
10:2b:aa:51:54:06,2026-08-04 03:55:31,E8X6iojo46RFyYc5zaAI4n7RYMR6jJXK,MVM783 - The Grandview at Las Vegas,61410B,Evolve M2
68:ab:a9:fc:2e:77,2026-08-04 03:55:31,E8X6iojo46RFyYc5zaAI4n7RYMR6jJXK,MVM783 - The Grandview at Las Vegas,1408A@B,Evolve M2
68:ab:a9:fc:3d:f3,2026-08-04 03:55:31,E8X6iojo46RFyYc5zaAI4n7RYMR6jJXK,MVM783 - The Grandview at Las Vegas,11101B,Evolve M2
64:18:df:74:50:ea,2026-08-04 03:55:31,E8X6iojo46RFyYc5zaAI4n7RYMR6jJXK,MVM783 - The Grandview at Las Vegas,6308B,Evolve M2
68:ab:a9:fc:97:07,2026-08-04 03:55:30,E8X6iojo46RFyYc5zaAI4n7RYMR6jJXK,MVM783 - The Grandview at Las Vegas,1602B,Evolve M2
68:ab:a9:fe:50:81,2026-08-04 03:55:30,E8X6iojo46RFyYc5zaAI4n7RYMR6jJXK,MVM783 - The Grandview at Las Vegas,8901A,Evolve M2
10:2b:aa:51:6b:3a,2026-08-04 03:55:30,E8X6iojo46RFyYc5zaAI4n7RYMR6jJXK,MVM783 - The Grandview at Las Vegas,4801B,Evolve M2
10:2b:aa:51:59:73,2026-08-04 03:55:30,E8X6iojo46RFyYc5zaAI4n7RYMR6jJXK,MVM783 - The Grandview at Las Vegas,41101B,Evolve M2
10:2b:aa:51:fb:a1,2026-08-04 03:55:30,E8X6iojo46RFyYc5zaAI4n7RYMR6jJXK,MVM783 - The Grandview at Las Vegas,4106B,Evolve M2
10:2b:aa:51:4b:ed,2026-08-04 03:55:30,E8X6iojo46RFyYc5zaAI4n7RYMR6jJXK,MVM783 - The Grandview at Las Vegas,61805B,Evolve M2
10:2b:aa:51:4e:b4,2026-08-04 03:55:29,E8X6iojo46RFyYc5zaAI4n7RYMR6jJXK,MVM783 - The Grandview at Las Vegas,91206B,Evolve M2
10:2b:aa:51:fa:09,2026-08-04 03:55:29,E8X6iojo46RFyYc5zaAI4n7RYMR6jJXK,MVM783 - The Grandview at Las Vegas,9310B,Evolve M2
68:ab:a9:fc:a1:87,2026-08-04 03:55:28,E8X6iojo46RFyYc5zaAI4n7RYMR6jJXK,MVM783 - The Grandview at Las Vegas,1406B@B,Evolve M2
10:2b:aa:51:f4:ae,2026-08-04 03:55:28,E8X6iojo46RFyYc5zaAI4n7RYMR6jJXK,MVM783 - The Grandview at Las Vegas,8504A,Evolve M2
68:ab:a9:f9:4f:5e,2026-08-04 03:55:28,E8X6iojo46RFyYc5zaAI4n7RYMR6jJXK,MVM783 - The Grandview at Las Vegas,1608B@L,Evolve M2
64:18:df:74:1a:34,2026-08-04 03:55:28,E8X6iojo46RFyYc5zaAI4n7RYMR6jJXK,MVM783 - The Grandview at Las Vegas,61101B,Evolve M2
10:2b:aa:51:58:71,2026-08-04 03:55:28,E8X6iojo46RFyYc5zaAI4n7RYMR6jJXK,MVM783 - The Grandview at Las Vegas,3310A,Evolve M2
10:2b:aa:51:fd:06,2026-08-04 03:55:28,E8X6iojo46RFyYc5zaAI4n7RYMR6jJXK,MVM783 - The Grandview at Las Vegas,2307A,Evolve M2
64:18:df:74:1f:eb,2026-08-04 03:55:28,E8X6iojo46RFyYc5zaAI4n7RYMR6jJXK,MVM783 - The Grandview at Las Vegas,41904B,Evolve M2
68:ab:a9:fc:1a:6a,2026-08-04 03:55:27,E8X6iojo46RFyYc5zaAI4n7RYMR6jJXK,MVM783 - The Grandview at Las Vegas,1605A,Evolve M2
10:2b:aa:51:6a:1a,2026-08-04 03:55:27,E8X6iojo46RFyYc5zaAI4n7RYMR6jJXK,MVM783 - The Grandview at Las Vegas,41507B,Evolve M2
10:2b:aa:51:65:1f,2026-08-04 03:55:27,E8X6iojo46RFyYc5zaAI4n7RYMR6jJXK,MVM783 - The Grandview at Las Vegas,61208B,Evolve M2
68:ab:a9:fb:ee:f3,2026-08-04 03:55:27,E8X6iojo46RFyYc5zaAI4n7RYMR6jJXK,MVM783 - The Grandview at Las Vegas,6710B,Evolve M2
68:ab:a9:fe:9c:2d,2026-08-04 03:55:27,E8X6iojo46RFyYc5zaAI4n7RYMR6jJXK,MVM783 - The Grandview at Las Vegas,1102A@B,Evolve M2
68:ab:a9:fe:63:74,2026-08-04 03:55:26,E8X6iojo46RFyYc5zaAI4n7RYMR6jJXK,MVM783 - The Grandview at Las Vegas,3902B,Evolve M2
68:ab:a9:fe:6e:60,2026-08-04 03:55:26,E8X6iojo46RFyYc5zaAI4n7RYMR6jJXK,MVM783 - The Grandview at Las Vegas,51706B,Evolve M2
68:ab:a9:f8:2c:11,2026-08-04 03:55:26,E8X6iojo46RFyYc5zaAI4n7RYMR6jJXK,MVM783 - The Grandview at Las Vegas,8301B,Evolve M2
68:ab:a9:fe:62:f7,2026-08-04 03:55:26,E8X6iojo46RFyYc5zaAI4n7RYMR6jJXK,MVM783 - The Grandview at Las Vegas,9708B,Evolve M2
68:ab:a9:fc:80:72,2026-08-04 03:55:25,E8X6iojo46RFyYc5zaAI4n7RYMR6jJXK,MVM783 - The Grandview at Las Vegas,1401A@L,Evolve M2
10:2b:aa:51:6b:28,2026-08-04 03:55:25,E8X6iojo46RFyYc5zaAI4n7RYMR6jJXK,MVM783 - The Grandview at Las Vegas,41404B,Evolve M2
68:ab:a9:fb:dc:6e,2026-08-04 03:55:25,E8X6iojo46RFyYc5zaAI4n7RYMR6jJXK,MVM783 - The Grandview at Las Vegas,9601B,Evolve M2
64:18:df:74:51:81,2026-08-04 03:55:24,E8X6iojo46RFyYc5zaAI4n7RYMR6jJXK,MVM783 - The Grandview at Las Vegas,62107B,Evolve M2
68:ab:a9:f8:c0:27,2026-08-04 03:55:24,E8X6iojo46RFyYc5zaAI4n7RYMR6jJXK,MVM783 - The Grandview at Las Vegas,9809A,Evolve M2
68:ab:a9:fe:19:14,2026-08-04 03:55:24,E8X6iojo46RFyYc5zaAI4n7RYMR6jJXK,MVM783 - The Grandview at Las Vegas,9708B,Evolve M2
10:2b:aa:51:4f:4a,2026-08-04 03:55:24,E8X6iojo46RFyYc5zaAI4n7RYMR6jJXK,MVM783 - The Grandview at Las Vegas,6109A,Evolve M2
68:ab:a9:fc:31:bd,2026-08-04 03:55:24,E8X6iojo46RFyYc5zaAI4n7RYMR6jJXK,MVM783 - The Grandview at Las Vegas,1507A@L,Evolve M2
10:2b:aa:51:64:71,2026-08-04 03:55:24,E8X6iojo46RFyYc5zaAI4n7RYMR6jJXK,MVM783 - The Grandview at Las Vegas,5803B,Evolve M2
64:18:df:73:e1:28,2026-08-04 03:55:24,E8X6iojo46RFyYc5zaAI4n7RYMR6jJXK,MVM783 - The Grandview at Las Vegas,52002B,Evolve M2
10:2b:aa:51:4b:90,2026-08-04 03:55:24,E8X6iojo46RFyYc5zaAI4n7RYMR6jJXK,MVM783 - The Grandview at Las Vegas,5506A,Evolve M2
10:2b:aa:51:6c:12,2026-08-04 03:55:23,E8X6iojo46RFyYc5zaAI4n7RYMR6jJXK,MVM783 - The Grandview at Las Vegas,5906A,Evolve M2
64:18:df:73:c8:8e,2026-08-04 03:55:23,E8X6iojo46RFyYc5zaAI4n7RYMR6jJXK,MVM783 - The Grandview at Las Vegas,91007A,Evolve M2
64:18:df:73:ad:99,2026-08-04 03:55:23,E8X6iojo46RFyYc5zaAI4n7RYMR6jJXK,MVM783 - The Grandview at Las Vegas,4602B,Evolve M2
10:2b:aa:51:4c:68,2026-08-04 03:55:23,E8X6iojo46RFyYc5zaAI4n7RYMR6jJXK,MVM783 - The Grandview at Las Vegas,5503B,Evolve M2
10:2b:aa:51:53:eb,2026-08-04 03:55:23,E8X6iojo46RFyYc5zaAI4n7RYMR6jJXK,MVM783 - The Grandview at Las Vegas,5706A,Evolve M2
10:2b:aa:51:f7:b1,2026-08-04 03:55:23,E8X6iojo46RFyYc5zaAI4n7RYMR6jJXK,MVM783 - The Grandview at Las Vegas,2508A,Evolve M2
10:2b:aa:51:62:01,2026-08-04 03:55:22,E8X6iojo46RFyYc5zaAI4n7RYMR6jJXK,MVM783 - The Grandview at Las Vegas,6907A,Evolve M2
64:18:df:74:35:35,2026-08-04 03:55:22,E8X6iojo46RFyYc5zaAI4n7RYMR6jJXK,MVM783 - The Grandview at Las Vegas,41910A,Evolve M2
10:2b:aa:50:be:93,2026-08-04 03:55:22,E8X6iojo46RFyYc5zaAI4n7RYMR6jJXK,MVM783 - The Grandview at Las Vegas,51009A,Evolve M2
10:2b:aa:51:f7:90,2026-08-04 03:55:22,E8X6iojo46RFyYc5zaAI4n7RYMR6jJXK,MVM783 - The Grandview at Las Vegas,41201A,Evolve M2
68:ab:a9:fe:f9:d0,2026-08-04 03:55:22,E8X6iojo46RFyYc5zaAI4n7RYMR6jJXK,MVM783 - The Grandview at Las Vegas,41210A,Evolve M2
68:ab:a9:fc:98:f9,2026-08-04 03:55:22,E8X6iojo46RFyYc5zaAI4n7RYMR6jJXK,MVM783 - The Grandview at Las Vegas,6605B,Evolve M2
68:ab:a9:fc:54:58,2026-08-04 03:55:22,E8X6iojo46RFyYc5zaAI4n7RYMR6jJXK,MVM783 - The Grandview at Las Vegas,51805B,Evolve M2
68:ab:a9:f9:66:d7,2026-08-04 03:55:21,E8X6iojo46RFyYc5zaAI4n7RYMR6jJXK,MVM783 - The Grandview at Las Vegas,62103A,Evolve M2
64:18:df:74:50:49,2026-08-04 03:55:21,E8X6iojo46RFyYc5zaAI4n7RYMR6jJXK,MVM783 - The Grandview at Las Vegas,62109B,Evolve M2
68:ab:a9:fe:68:dd,2026-08-04 03:55:20,E8X6iojo46RFyYc5zaAI4n7RYMR6jJXK,MVM783 - The Grandview at Las Vegas,51604A,Evolve M2
10:2b:aa:50:93:bb,2026-08-04 03:55:20,E8X6iojo46RFyYc5zaAI4n7RYMR6jJXK,MVM783 - The Grandview at Las Vegas,9207A,Evolve M2
68:ab:a9:f8:cd:dc,2026-08-04 03:55:20,E8X6iojo46RFyYc5zaAI4n7RYMR6jJXK,MVM783 - The Grandview at Las Vegas,3901A,Evolve M2
68:ab:a9:fc:24:de,2026-08-04 03:55:20,E8X6iojo46RFyYc5zaAI4n7RYMR6jJXK,MVM783 - The Grandview at Las Vegas,31103A,Evolve M2
68:ab:a9:fe:87:13,2026-08-04 03:55:20,E8X6iojo46RFyYc5zaAI4n7RYMR6jJXK,MVM783 - The Grandview at Las Vegas,9506B,Evolve M2
64:18:df:73:e0:05,2026-08-04 03:55:19,E8X6iojo46RFyYc5zaAI4n7RYMR6jJXK,MVM783 - The Grandview at Las Vegas,91102B,Evolve M2
10:2b:aa:50:be:c3,2026-08-04 03:55:19,E8X6iojo46RFyYc5zaAI4n7RYMR6jJXK,MVM783 - The Grandview at Las Vegas,5905B,Evolve M2
10:2b:aa:51:fe:fe,2026-08-04 03:55:19,E8X6iojo46RFyYc5zaAI4n7RYMR6jJXK,MVM783 - The Grandview at Las Vegas,81104A,Evolve M2
10:2b:aa:51:5e:3b,2026-08-04 03:55:19,E8X6iojo46RFyYc5zaAI4n7RYMR6jJXK,MVM783 - The Grandview at Las Vegas,61508A,Evolve M2
68:ab:a9:fe:7b:a5,2026-08-04 03:55:19,E8X6iojo46RFyYc5zaAI4n7RYMR6jJXK,MVM783 - The Grandview at Las Vegas,9065A,Evolve M2
10:2b:aa:51:53:46,2026-08-04 03:55:19,E8X6iojo46RFyYc5zaAI4n7RYMR6jJXK,MVM783 - The Grandview at Las Vegas,41102B,Evolve M2
10:2b:aa:51:54:f6,2026-08-04 03:55:19,E8X6iojo46RFyYc5zaAI4n7RYMR6jJXK,MVM783 - The Grandview at Las Vegas,4402B,Evolve M2
68:ab:a9:f8:ce:3c,2026-08-04 03:55:19,E8X6iojo46RFyYc5zaAI4n7RYMR6jJXK,MVM783 - The Grandview at Las Vegas,31207B,Evolve M2
10:2b:aa:50:be:ed,2026-08-04 03:55:19,E8X6iojo46RFyYc5zaAI4n7RYMR6jJXK,MVM783 - The Grandview at Las Vegas,4708B,Evolve M2
68:ab:a9:fe:6a:3b,2026-08-04 03:55:18,E8X6iojo46RFyYc5zaAI4n7RYMR6jJXK,MVM783 - The Grandview at Las Vegas,51602A,Evolve M2
68:ab:a9:f8:86:28,2026-08-04 03:55:18,E8X6iojo46RFyYc5zaAI4n7RYMR6jJXK,MVM783 - The Grandview at Las Vegas,8702A,Evolve M2
10:2b:aa:51:4f:dd,2026-08-04 03:55:18,E8X6iojo46RFyYc5zaAI4n7RYMR6jJXK,MVM783 - The Grandview at Las Vegas,6110A,Evolve M2
68:ab:a9:fe:bc:d0,2026-08-04 03:55:18,E8X6iojo46RFyYc5zaAI4n7RYMR6jJXK,MVM783 - The Grandview at Las Vegas,3704A,Evolve M2
68:ab:a9:f8:d0:4c,2026-08-04 03:55:17,E8X6iojo46RFyYc5zaAI4n7RYMR6jJXK,MVM783 - The Grandview at Las Vegas,8306B,Evolve M2
68:ab:a9:fe:e2:59,2026-08-04 03:55:17,E8X6iojo46RFyYc5zaAI4n7RYMR6jJXK,MVM783 - The Grandview at Las Vegas,61501A,Evolve M2
10:2b:aa:51:60:c6,2026-08-04 03:55:17,E8X6iojo46RFyYc5zaAI4n7RYMR6jJXK,MVM783 - The Grandview at Las Vegas,4208A,Evolve M2
64:18:df:73:c6:d3,2026-08-04 03:55:17,E8X6iojo46RFyYc5zaAI4n7RYMR6jJXK,MVM783 - The Grandview at Las Vegas,61209A,Evolve M2
10:2b:aa:51:fa:24,2026-08-04 03:55:17,E8X6iojo46RFyYc5zaAI4n7RYMR6jJXK,MVM783 - The Grandview at Las Vegas,9101A,Evolve M2
10:2b:aa:51:4d:01,2026-08-04 03:55:16,E8X6iojo46RFyYc5zaAI4n7RYMR6jJXK,MVM783 - The Grandview at Las Vegas,61407A,Evolve M2
10:2b:aa:51:54:e4,2026-08-04 03:55:16,E8X6iojo46RFyYc5zaAI4n7RYMR6jJXK,MVM783 - The Grandview at Las Vegas,51805A,Evolve M2
68:ab:a9:fe:96:17,2026-08-04 03:55:16,E8X6iojo46RFyYc5zaAI4n7RYMR6jJXK,MVM783 - The Grandview at Las Vegas,51702B,Evolve M2
64:18:df:74:00:b4,2026-08-04 03:55:15,E8X6iojo46RFyYc5zaAI4n7RYMR6jJXK,MVM783 - The Grandview at Las Vegas,52006A,Evolve M2
68:ab:a9:fc:9b:be,2026-08-04 03:55:15,E8X6iojo46RFyYc5zaAI4n7RYMR6jJXK,MVM783 - The Grandview at Las Vegas,2808A,Evolve M2
68:ab:a9:fc:8d:ef,2026-08-04 03:55:15,E8X6iojo46RFyYc5zaAI4n7RYMR6jJXK,MVM783 - The Grandview at Las Vegas,1704A@L,Evolve M2
10:2b:aa:51:fb:d7,2026-08-04 03:55:15,E8X6iojo46RFyYc5zaAI4n7RYMR6jJXK,MVM783 - The Grandview at Las Vegas,2203B,Evolve M2
10:2b:aa:51:64:62,2026-08-04 03:55:14,E8X6iojo46RFyYc5zaAI4n7RYMR6jJXK,MVM783 - The Grandview at Las Vegas,6502B,Evolve M2
10:2b:aa:51:52:fb,2026-08-04 03:55:14,E8X6iojo46RFyYc5zaAI4n7RYMR6jJXK,MVM783 - The Grandview at Las Vegas,51209B,Evolve M2
64:18:df:74:01:50,2026-08-04 03:55:14,E8X6iojo46RFyYc5zaAI4n7RYMR6jJXK,MVM783 - The Grandview at Las Vegas,5909B,Evolve M2
68:ab:a9:fc:08:e6,2026-08-04 03:55:14,E8X6iojo46RFyYc5zaAI4n7RYMR6jJXK,MVM783 - The Grandview at Las Vegas,3106B,Evolve M2
10:2b:aa:51:52:92,2026-08-04 03:55:14,E8X6iojo46RFyYc5zaAI4n7RYMR6jJXK,MVM783 - The Grandview at Las Vegas,51101B,Evolve M2
64:18:df:74:2c:ec,2026-08-04 03:55:14,E8X6iojo46RFyYc5zaAI4n7RYMR6jJXK,MVM783 - The Grandview at Las Vegas,6905A,Evolve M2
64:18:df:74:08:db,2026-08-04 03:55:14,E8X6iojo46RFyYc5zaAI4n7RYMR6jJXK,MVM783 - The Grandview at Las Vegas,3302B,Evolve M2
64:18:df:74:4c:45,2026-08-04 03:55:14,E8X6iojo46RFyYc5zaAI4n7RYMR6jJXK,MVM783 - The Grandview at Las Vegas,41909A,Evolve M2
68:ab:a9:ff:1c:9f,2026-08-04 03:55:13,E8X6iojo46RFyYc5zaAI4n7RYMR6jJXK,MVM783 - The Grandview at Las Vegas,61503A,Evolve M2
68:ab:a9:fb:be:c9,2026-08-04 03:55:13,E8X6iojo46RFyYc5zaAI4n7RYMR6jJXK,MVM783 - The Grandview at Las Vegas,61907A,Evolve M2
68:ab:a9:f8:21:b0,2026-08-04 03:55:13,E8X6iojo46RFyYc5zaAI4n7RYMR6jJXK,MVM783 - The Grandview at Las Vegas,1905B,Evolve M2
10:2b:aa:51:52:4d,2026-08-04 03:55:12,E8X6iojo46RFyYc5zaAI4n7RYMR6jJXK,MVM783 - The Grandview at Las Vegas,5104A,Evolve M2
10:2b:aa:51:ff:79,2026-08-04 03:55:12,E8X6iojo46RFyYc5zaAI4n7RYMR6jJXK,MVM783 - The Grandview at Las Vegas,8707A,Evolve M2
10:2b:aa:51:68:37,2026-08-04 03:55:12,E8X6iojo46RFyYc5zaAI4n7RYMR6jJXK,MVM783 - The Grandview at Las Vegas,3709A,Evolve M2
68:ab:a9:fe:e7:f9,2026-08-04 03:55:12,E8X6iojo46RFyYc5zaAI4n7RYMR6jJXK,MVM783 - The Grandview at Las Vegas,91104B,Evolve M2
10:2b:aa:51:fa:75,2026-08-04 03:55:12,E8X6iojo46RFyYc5zaAI4n7RYMR6jJXK,MVM783 - The Grandview at Las Vegas,9105B,Evolve M2
10:2b:aa:51:63:03,2026-08-04 03:55:12,E8X6iojo46RFyYc5zaAI4n7RYMR6jJXK,MVM783 - The Grandview at Las Vegas,41501B,Evolve M2
68:ab:a9:f8:58:1c,2026-08-04 03:55:12,E8X6iojo46RFyYc5zaAI4n7RYMR6jJXK,MVM783 - The Grandview at Las Vegas,11206A,Evolve M2
64:18:df:73:ce:3f,2026-08-04 03:55:11,E8X6iojo46RFyYc5zaAI4n7RYMR6jJXK,MVM783 - The Grandview at Las Vegas,42109B,Evolve M2
64:18:df:74:37:28,2026-08-04 03:55:11,E8X6iojo46RFyYc5zaAI4n7RYMR6jJXK,MVM783 - The Grandview at Las Vegas,51906B,Evolve M2
10:2b:aa:51:52:2f,2026-08-04 03:55:10,E8X6iojo46RFyYc5zaAI4n7RYMR6jJXK,MVM783 - The Grandview at Las Vegas,51007A,Evolve M2
10:2b:aa:51:4b:4b,2026-08-04 03:55:10,E8X6iojo46RFyYc5zaAI4n7RYMR6jJXK,MVM783 - The Grandview at Las Vegas,3410A,Evolve M2
10:2b:aa:51:6b:1f,2026-08-04 03:55:09,E8X6iojo46RFyYc5zaAI4n7RYMR6jJXK,MVM783 - The Grandview at Las Vegas,61801B,Evolve M2
68:ab:a9:fa:70:36,2026-08-04 03:55:09,E8X6iojo46RFyYc5zaAI4n7RYMR6jJXK,MVM783 - The Grandview at Las Vegas,4605B,Evolve M2
10:2b:aa:51:67:da,2026-08-04 03:55:08,E8X6iojo46RFyYc5zaAI4n7RYMR6jJXK,MVM783 - The Grandview at Las Vegas,3506A,Evolve M2
10:2b:aa:51:4a:a3,2026-08-04 03:55:08,E8X6iojo46RFyYc5zaAI4n7RYMR6jJXK,MVM783 - The Grandview at Las Vegas,3801B,Evolve M2
64:18:df:73:f0:c4,2026-08-04 03:55:08,E8X6iojo46RFyYc5zaAI4n7RYMR6jJXK,MVM783 - The Grandview at Las Vegas,62103B,Evolve M2
10:2b:aa:50:c3:7f,2026-08-04 03:55:07,E8X6iojo46RFyYc5zaAI4n7RYMR6jJXK,MVM783 - The Grandview at Las Vegas,41808B,Evolve M2
68:ab:a9:f8:76:4a,2026-08-04 03:55:07,E8X6iojo46RFyYc5zaAI4n7RYMR6jJXK,MVM783 - The Grandview at Las Vegas,1404B@L,Evolve M2
10:2b:aa:51:63:a2,2026-08-04 03:55:07,E8X6iojo46RFyYc5zaAI4n7RYMR6jJXK,MVM783 - The Grandview at Las Vegas,9105A,Evolve M2
68:ab:a9:fc:4b:67,2026-08-04 03:55:07,E8X6iojo46RFyYc5zaAI4n7RYMR6jJXK,MVM783 - The Grandview at Las Vegas,1503A,Evolve M2
68:ab:a9:fc:86:ed,2026-08-04 03:55:06,E8X6iojo46RFyYc5zaAI4n7RYMR6jJXK,MVM783 - The Grandview at Las Vegas,8301B,Evolve M2
10:2b:aa:51:69:d8,2026-08-04 03:55:06,E8X6iojo46RFyYc5zaAI4n7RYMR6jJXK,MVM783 - The Grandview at Las Vegas,51608B,Evolve M2
10:2b:aa:51:5e:5f,2026-08-04 03:55:06,E8X6iojo46RFyYc5zaAI4n7RYMR6jJXK,MVM783 - The Grandview at Las Vegas,6201A,Evolve M2
68:ab:a9:ff:0a:0f,2026-08-04 03:55:06,E8X6iojo46RFyYc5zaAI4n7RYMR6jJXK,MVM783 - The Grandview at Las Vegas,41204B,Evolve M2
10:2b:aa:51:52:65,2026-08-04 03:55:06,E8X6iojo46RFyYc5zaAI4n7RYMR6jJXK,MVM783 - The Grandview at Las Vegas,51210A,Evolve M2
68:ab:a9:fe:a7:16,2026-08-04 03:55:06,E8X6iojo46RFyYc5zaAI4n7RYMR6jJXK,MVM783 - The Grandview at Las Vegas,51704A,Evolve M2
10:2b:aa:51:5b:f5,2026-08-04 03:55:06,E8X6iojo46RFyYc5zaAI4n7RYMR6jJXK,MVM783 - The Grandview at Las Vegas,5501B,Evolve M2
68:ab:a9:ff:1d:52,2026-08-04 03:55:06,E8X6iojo46RFyYc5zaAI4n7RYMR6jJXK,MVM783 - The Grandview at Las Vegas,5701B,Evolve M2
68:ab:a9:f8:d7:f6,2026-08-04 03:55:06,E8X6iojo46RFyYc5zaAI4n7RYMR6jJXK,MVM783 - The Grandview at Las Vegas,1506A@B,Evolve M2
64:18:df:74:39:ca,2026-08-04 03:55:05,E8X6iojo46RFyYc5zaAI4n7RYMR6jJXK,MVM783 - The Grandview at Las Vegas,41604B,Evolve M2
68:ab:a9:fb:db:6c,2026-08-04 03:55:05,E8X6iojo46RFyYc5zaAI4n7RYMR6jJXK,MVM783 - The Grandview at Las Vegas,3904B,Evolve M2
10:2b:aa:51:69:42,2026-08-04 03:55:05,E8X6iojo46RFyYc5zaAI4n7RYMR6jJXK,MVM783 - The Grandview at Las Vegas,6403A,Evolve M2
64:18:df:74:3d:38,2026-08-04 03:55:04,E8X6iojo46RFyYc5zaAI4n7RYMR6jJXK,MVM783 - The Grandview at Las Vegas,5907A,Evolve M2
10:2b:aa:51:64:3b,2026-08-04 03:55:04,E8X6iojo46RFyYc5zaAI4n7RYMR6jJXK,MVM783 - The Grandview at Las Vegas,5302B,Evolve M2
64:18:df:74:2c:15,2026-08-04 03:55:04,E8X6iojo46RFyYc5zaAI4n7RYMR6jJXK,MVM783 - The Grandview at Las Vegas,51902A,Evolve M2
10:2b:aa:51:5e:4d,2026-08-04 03:55:04,E8X6iojo46RFyYc5zaAI4n7RYMR6jJXK,MVM783 - The Grandview at Las Vegas,61409B,Evolve M2
10:2b:aa:51:57:87,2026-08-04 03:55:04,E8X6iojo46RFyYc5zaAI4n7RYMR6jJXK,MVM783 - The Grandview at Las Vegas,3305B,Evolve M2
10:2b:aa:51:52:fe,2026-08-04 03:55:03,E8X6iojo46RFyYc5zaAI4n7RYMR6jJXK,MVM783 - The Grandview at Las Vegas,41805B,Evolve M2
10:2b:aa:51:53:9a,2026-08-04 03:55:03,E8X6iojo46RFyYc5zaAI4n7RYMR6jJXK,MVM783 - The Grandview at Las Vegas,41106B,Evolve M2
10:2b:aa:51:f6:b2,2026-08-04 03:55:03,E8X6iojo46RFyYc5zaAI4n7RYMR6jJXK,MVM783 - The Grandview at Las Vegas,8606A,Evolve M2
68:ab:a9:fe:a2:61,2026-08-04 03:55:03,E8X6iojo46RFyYc5zaAI4n7RYMR6jJXK,MVM783 - The Grandview at Las Vegas,8503A,Evolve M2
68:ab:a9:fc:ac:d2,2026-08-04 03:55:03,E8X6iojo46RFyYc5zaAI4n7RYMR6jJXK,MVM783 - The Grandview at Las Vegas,61105B,Evolve M2
10:2b:aa:51:52:56,2026-08-04 03:55:03,E8X6iojo46RFyYc5zaAI4n7RYMR6jJXK,MVM783 - The Grandview at Las Vegas,51206A,Evolve M2
10:2b:aa:51:68:b2,2026-08-04 03:55:02,E8X6iojo46RFyYc5zaAI4n7RYMR6jJXK,MVM783 - The Grandview at Las Vegas,5304A,Evolve M2
68:ab:a9:fc:3f:0f,2026-08-04 03:55:02,E8X6iojo46RFyYc5zaAI4n7RYMR6jJXK,MVM783 - The Grandview at Las Vegas,5510B,Evolve M2
10:2b:aa:51:f7:3f,2026-08-04 03:55:02,E8X6iojo46RFyYc5zaAI4n7RYMR6jJXK,MVM783 - The Grandview at Las Vegas,8701B,Evolve M2
10:2b:aa:51:4d:40,2026-08-04 03:55:01,E8X6iojo46RFyYc5zaAI4n7RYMR6jJXK,MVM783 - The Grandview at Las Vegas,61401A,Evolve M2
68:ab:a9:fe:81:35,2026-08-04 03:55:01,E8X6iojo46RFyYc5zaAI4n7RYMR6jJXK,MVM783 - The Grandview at Las Vegas,9606B,Evolve M2
10:2b:aa:51:f4:7e,2026-08-04 03:55:01,E8X6iojo46RFyYc5zaAI4n7RYMR6jJXK,MVM783 - The Grandview at Las Vegas,8603B,Evolve M2
10:2b:aa:51:fa:4e,2026-08-04 03:55:00,E8X6iojo46RFyYc5zaAI4n7RYMR6jJXK,MVM783 - The Grandview at Las Vegas,9107A,Evolve M2
10:2b:aa:51:52:71,2026-08-04 03:54:59,E8X6iojo46RFyYc5zaAI4n7RYMR6jJXK,MVM783 - The Grandview at Las Vegas,51003A,Evolve M2
10:2b:aa:51:f7:96,2026-08-04 03:54:59,E8X6iojo46RFyYc5zaAI4n7RYMR6jJXK,MVM783 - The Grandview at Las Vegas,2404B,Evolve M2
68:ab:a9:fc:e2:1c,2026-08-04 03:54:58,E8X6iojo46RFyYc5zaAI4n7RYMR6jJXK,MVM783 - The Grandview at Las Vegas,4510A,Evolve M2
10:2b:aa:51:49:62,2026-08-04 03:54:58,E8X6iojo46RFyYc5zaAI4n7RYMR6jJXK,MVM783 - The Grandview at Las Vegas,61204B,Evolve M2
10:2b:aa:51:59:f7,2026-08-04 03:54:58,E8X6iojo46RFyYc5zaAI4n7RYMR6jJXK,MVM783 - The Grandview at Las Vegas,41110A,Evolve M2
64:18:df:73:f6:64,2026-08-04 03:54:58,E8X6iojo46RFyYc5zaAI4n7RYMR6jJXK,MVM783 - The Grandview at Las Vegas,5704B,Evolve M2
64:18:df:73:d1:7c,2026-08-04 03:54:58,E8X6iojo46RFyYc5zaAI4n7RYMR6jJXK,MVM783 - The Grandview at Las Vegas,61504B,Evolve M2
10:2b:aa:51:4e:f3,2026-08-04 03:54:58,E8X6iojo46RFyYc5zaAI4n7RYMR6jJXK,MVM783 - The Grandview at Las Vegas,61201B,Evolve M2
10:2b:aa:51:68:be,2026-08-04 03:54:58,E8X6iojo46RFyYc5zaAI4n7RYMR6jJXK,MVM783 - The Grandview at Las Vegas,41806A,Evolve M2
10:2b:aa:51:fd:a5,2026-08-04 03:54:58,E8X6iojo46RFyYc5zaAI4n7RYMR6jJXK,MVM783 - The Grandview at Las Vegas,31206A,Evolve M2
68:ab:a9:f8:9f:e9,2026-08-04 03:54:57,E8X6iojo46RFyYc5zaAI4n7RYMR6jJXK,MVM783 - The Grandview at Las Vegas,1701B@L,Evolve M2
68:ab:a9:fe:5b:97,2026-08-04 03:54:57,E8X6iojo46RFyYc5zaAI4n7RYMR6jJXK,MVM783 - The Grandview at Las Vegas,6608B,Evolve M2
64:18:df:73:e0:bf,2026-08-04 03:54:56,E8X6iojo46RFyYc5zaAI4n7RYMR6jJXK,MVM783 - The Grandview at Las Vegas,91205B,Evolve M2
10:2b:aa:51:ff:be,2026-08-04 03:54:56,E8X6iojo46RFyYc5zaAI4n7RYMR6jJXK,MVM783 - The Grandview at Las Vegas,2804A,Evolve M2
10:2b:aa:51:6b:d0,2026-08-04 03:54:55,E8X6iojo46RFyYc5zaAI4n7RYMR6jJXK,MVM783 - The Grandview at Las Vegas,6403A,Evolve M2
10:2b:aa:51:56:0d,2026-08-04 03:54:55,E8X6iojo46RFyYc5zaAI4n7RYMR6jJXK,MVM783 - The Grandview at Las Vegas,6703B,Evolve M2
68:ab:a9:fe:bb:25,2026-08-04 03:54:55,E8X6iojo46RFyYc5zaAI4n7RYMR6jJXK,MVM783 - The Grandview at Las Vegas,1102B@L,Evolve M2
10:2b:aa:51:69:a5,2026-08-04 03:54:55,E8X6iojo46RFyYc5zaAI4n7RYMR6jJXK,MVM783 - The Grandview at Las Vegas,9910A,Evolve M2
10:2b:aa:51:53:58,2026-08-04 03:54:55,E8X6iojo46RFyYc5zaAI4n7RYMR6jJXK,MVM783 - The Grandview at Las Vegas,6501B,Evolve M2
68:ab:a9:fc:82:a9,2026-08-04 03:54:55,E8X6iojo46RFyYc5zaAI4n7RYMR6jJXK,MVM783 - The Grandview at Las Vegas,31205B,Evolve M2
68:ab:a9:fe:7e:28,2026-08-04 03:54:54,E8X6iojo46RFyYc5zaAI4n7RYMR6jJXK,MVM783 - The Grandview at Las Vegas,41002B,Evolve M2
68:ab:a9:fc:ff:7a,2026-08-04 03:54:54,E8X6iojo46RFyYc5zaAI4n7RYMR6jJXK,MVM783 - The Grandview at Las Vegas,52103A,Evolve M2
10:2b:aa:51:68:4c,2026-08-04 03:54:54,E8X6iojo46RFyYc5zaAI4n7RYMR6jJXK,MVM783 - The Grandview at Las Vegas,91101B,Evolve M2
10:2b:aa:51:fe:a1,2026-08-04 03:54:54,E8X6iojo46RFyYc5zaAI4n7RYMR6jJXK,MVM783 - The Grandview at Las Vegas,9307B,Evolve M2
10:2b:aa:51:4a:d9,2026-08-04 03:54:54,E8X6iojo46RFyYc5zaAI4n7RYMR6jJXK,MVM783 - The Grandview at Las Vegas,61704A,Evolve M2
68:ab:a9:fe:a3:1b,2026-08-04 03:54:54,E8X6iojo46RFyYc5zaAI4n7RYMR6jJXK,MVM783 - The Grandview at Las Vegas,9706A,Evolve M2
10:2b:aa:51:50:70,2026-08-04 03:54:54,E8X6iojo46RFyYc5zaAI4n7RYMR6jJXK,MVM783 - The Grandview at Las Vegas,51501A,Evolve M2
68:ab:a9:fc:27:e4,2026-08-04 03:54:54,E8X6iojo46RFyYc5zaAI4n7RYMR6jJXK,MVM783 - The Grandview at Las Vegas,31004B,Evolve M2
10:2b:aa:51:65:d3,2026-08-04 03:54:53,E8X6iojo46RFyYc5zaAI4n7RYMR6jJXK,MVM783 - The Grandview at Las Vegas,4810A,Evolve M2
68:ab:a9:fe:a5:ed,2026-08-04 03:54:53,E8X6iojo46RFyYc5zaAI4n7RYMR6jJXK,MVM783 - The Grandview at Las Vegas,61404B,Evolve M2
10:2b:aa:51:f6:4f,2026-08-04 03:54:53,E8X6iojo46RFyYc5zaAI4n7RYMR6jJXK,MVM783 - The Grandview at Las Vegas,21104A,Evolve M2
68:ab:a9:fc:34:e5,2026-08-04 03:54:53,E8X6iojo46RFyYc5zaAI4n7RYMR6jJXK,MVM783 - The Grandview at Las Vegas,1501B,Evolve M2
10:2b:aa:51:56:19,2026-08-04 03:54:53,E8X6iojo46RFyYc5zaAI4n7RYMR6jJXK,MVM783 - The Grandview at Las Vegas,6410A,Evolve M2
10:2b:aa:51:61:ef,2026-08-04 03:54:53,E8X6iojo46RFyYc5zaAI4n7RYMR6jJXK,MVM783 - The Grandview at Las Vegas,51603A,Evolve M2
68:ab:a9:f7:e2:fe,2026-08-04 03:54:53,E8X6iojo46RFyYc5zaAI4n7RYMR6jJXK,MVM783 - The Grandview at Las Vegas,3202A,Evolve M2
68:ab:a9:ff:12:50,2026-08-04 03:54:52,E8X6iojo46RFyYc5zaAI4n7RYMR6jJXK,MVM783 - The Grandview at Las Vegas,61105B,Evolve M2
10:2b:aa:51:61:cb,2026-08-04 03:54:52,E8X6iojo46RFyYc5zaAI4n7RYMR6jJXK,MVM783 - The Grandview at Las Vegas,4201A,Evolve M2
10:2b:aa:51:62:ca,2026-08-04 03:54:52,E8X6iojo46RFyYc5zaAI4n7RYMR6jJXK,MVM783 - The Grandview at Las Vegas,41406A,Evolve M2
68:ab:a9:fb:23:36,2026-08-04 03:54:51,E8X6iojo46RFyYc5zaAI4n7RYMR6jJXK,MVM783 - The Grandview at Las Vegas,4104B,Evolve M2
68:ab:a9:fc:8e:fd,2026-08-04 03:54:51,E8X6iojo46RFyYc5zaAI4n7RYMR6jJXK,MVM783 - The Grandview at Las Vegas,1602B,Evolve M2
10:2b:aa:51:54:42,2026-08-04 03:54:51,E8X6iojo46RFyYc5zaAI4n7RYMR6jJXK,MVM783 - The Grandview at Las Vegas,61707A,Evolve M2
68:ab:a9:fe:3b:de,2026-08-04 03:54:51,E8X6iojo46RFyYc5zaAI4n7RYMR6jJXK,MVM783 - The Grandview at Las Vegas,41710B,Evolve M2
10:2b:aa:51:59:55,2026-08-04 03:54:51,E8X6iojo46RFyYc5zaAI4n7RYMR6jJXK,MVM783 - The Grandview at Las Vegas,5609B,Evolve M2
10:2b:aa:51:5c:5e,2026-08-04 03:54:51,E8X6iojo46RFyYc5zaAI4n7RYMR6jJXK,MVM783 - The Grandview at Las Vegas,31102B,Evolve M2
10:2b:aa:51:53:0d,2026-08-04 03:54:51,E8X6iojo46RFyYc5zaAI4n7RYMR6jJXK,MVM783 - The Grandview at Las Vegas,61710B,Evolve M2
68:ab:a9:fe:a1:85,2026-08-04 03:54:50,E8X6iojo46RFyYc5zaAI4n7RYMR6jJXK,MVM783 - The Grandview at Las Vegas,1102B@B,Evolve M2
64:18:df:74:5a:5b,2026-08-04 03:54:50,E8X6iojo46RFyYc5zaAI4n7RYMR6jJXK,MVM783 - The Grandview at Las Vegas,4403A,Evolve M2
64:18:df:73:c3:8d,2026-08-04 03:54:50,E8X6iojo46RFyYc5zaAI4n7RYMR6jJXK,MVM783 - The Grandview at Las Vegas,61606B,Evolve M2
64:18:df:73:c0:a2,2026-08-04 03:54:49,E8X6iojo46RFyYc5zaAI4n7RYMR6jJXK,MVM783 - The Grandview at Las Vegas,4706A,Evolve M2
64:18:df:74:85:31,2026-08-04 03:54:49,E8X6iojo46RFyYc5zaAI4n7RYMR6jJXK,MVM783 - The Grandview at Las Vegas,6309B,Evolve M2
10:2b:aa:50:c2:d1,2026-08-04 03:54:49,E8X6iojo46RFyYc5zaAI4n7RYMR6jJXK,MVM783 - The Grandview at Las Vegas,3601A,Evolve M2
68:ab:a9:f8:d5:f1,2026-08-04 03:54:49,E8X6iojo46RFyYc5zaAI4n7RYMR6jJXK,MVM783 - The Grandview at Las Vegas,91106B,Evolve M2
64:18:df:73:ed:37,2026-08-04 03:54:49,E8X6iojo46RFyYc5zaAI4n7RYMR6jJXK,MVM783 - The Grandview at Las Vegas,8802B,Evolve M2
68:ab:a9:fe:eb:f1,2026-08-04 03:54:48,E8X6iojo46RFyYc5zaAI4n7RYMR6jJXK,MVM783 - The Grandview at Las Vegas,51207A,Evolve M2
10:2b:aa:51:4e:78,2026-08-04 03:54:48,E8X6iojo46RFyYc5zaAI4n7RYMR6jJXK,MVM783 - The Grandview at Las Vegas,4506B,Evolve M2
64:18:df:73:f0:64,2026-08-04 03:54:48,E8X6iojo46RFyYc5zaAI4n7RYMR6jJXK,MVM783 - The Grandview at Las Vegas,61903A,Evolve M2
64:18:df:73:d7:05,2026-08-04 03:54:48,E8X6iojo46RFyYc5zaAI4n7RYMR6jJXK,MVM783 - The Grandview at Las Vegas,4410B,Evolve M2
68:ab:a9:fc:56:c3,2026-08-04 03:54:48,E8X6iojo46RFyYc5zaAI4n7RYMR6jJXK,MVM783 - The Grandview at Las Vegas,3107-ADA,Evolve M2
10:2b:aa:51:60:e7,2026-08-04 03:54:47,E8X6iojo46RFyYc5zaAI4n7RYMR6jJXK,MVM783 - The Grandview at Las Vegas,61908B,Evolve M2
10:2b:aa:51:54:78,2026-08-04 03:54:47,E8X6iojo46RFyYc5zaAI4n7RYMR6jJXK,MVM783 - The Grandview at Las Vegas,61708A,Evolve M2
68:ab:a9:fb:45:c9,2026-08-04 03:54:47,E8X6iojo46RFyYc5zaAI4n7RYMR6jJXK,MVM783 - The Grandview at Las Vegas,2703B,Evolve M2
68:ab:a9:fe:20:e4,2026-08-04 03:54:46,E8X6iojo46RFyYc5zaAI4n7RYMR6jJXK,MVM783 - The Grandview at Las Vegas,8301A,Evolve M2
10:2b:aa:51:5a:c3,2026-08-04 03:54:46,E8X6iojo46RFyYc5zaAI4n7RYMR6jJXK,MVM783 - The Grandview at Las Vegas,4105A,Evolve M2
68:ab:a9:fe:e3:12,2026-08-04 03:54:46,E8X6iojo46RFyYc5zaAI4n7RYMR6jJXK,MVM783 - The Grandview at Las Vegas,42103A,Evolve M2
68:ab:a9:fe:78:2c,2026-08-04 03:54:46,E8X6iojo46RFyYc5zaAI4n7RYMR6jJXK,MVM783 - The Grandview at Las Vegas,9707B@LR,Evolve M2
68:ab:a9:fd:1d:f7,2026-08-04 03:54:46,E8X6iojo46RFyYc5zaAI4n7RYMR6jJXK,MVM783 - The Grandview at Las Vegas,9506B,Evolve M2
10:2b:aa:51:fa:a2,2026-08-04 03:54:45,E8X6iojo46RFyYc5zaAI4n7RYMR6jJXK,MVM783 - The Grandview at Las Vegas,8208B,Evolve M2
10:2b:aa:51:4e:db,2026-08-04 03:54:45,E8X6iojo46RFyYc5zaAI4n7RYMR6jJXK,MVM783 - The Grandview at Las Vegas,61704A,Evolve M2
10:2b:aa:51:52:a7,2026-08-04 03:54:44,E8X6iojo46RFyYc5zaAI4n7RYMR6jJXK,MVM783 - The Grandview at Las Vegas,41802B,Evolve M2
10:2b:aa:51:f7:99,2026-08-04 03:54:44,E8X6iojo46RFyYc5zaAI4n7RYMR6jJXK,MVM783 - The Grandview at Las Vegas,21108A,Evolve M2
10:2b:aa:51:48:b7,2026-08-04 03:54:44,E8X6iojo46RFyYc5zaAI4n7RYMR6jJXK,MVM783 - The Grandview at Las Vegas,41808B,Evolve M2
10:2b:aa:51:50:0d,2026-08-04 03:54:44,E8X6iojo46RFyYc5zaAI4n7RYMR6jJXK,MVM783 - The Grandview at Las Vegas,6209A,Evolve M2
64:18:df:74:61:8b,2026-08-04 03:54:44,E8X6iojo46RFyYc5zaAI4n7RYMR6jJXK,MVM783 - The Grandview at Las Vegas,9904B,Evolve M2
64:18:df:74:04:b2,2026-08-04 03:54:44,E8X6iojo46RFyYc5zaAI4n7RYMR6jJXK,MVM783 - The Grandview at Las Vegas,41610B,Evolve M2
68:ab:a9:fe:d3:d7,2026-08-04 03:54:44,E8X6iojo46RFyYc5zaAI4n7RYMR6jJXK,MVM783 - The Grandview at Las Vegas,21008B,Evolve M2
10:2b:aa:51:6c:0f,2026-08-04 03:54:44,E8X6iojo46RFyYc5zaAI4n7RYMR6jJXK,MVM783 - The Grandview at Las Vegas,3701A,Evolve M2
10:2b:aa:51:66:99,2026-08-04 03:54:44,E8X6iojo46RFyYc5zaAI4n7RYMR6jJXK,MVM783 - The Grandview at Las Vegas,61107B,Evolve M2
68:ab:a9:ff:1a:e8,2026-08-04 03:54:43,E8X6iojo46RFyYc5zaAI4n7RYMR6jJXK,MVM783 - The Grandview at Las Vegas,8808A,Evolve M2
10:2b:aa:51:fb:50,2026-08-04 03:54:43,E8X6iojo46RFyYc5zaAI4n7RYMR6jJXK,MVM783 - The Grandview at Las Vegas,2704B,Evolve M2
68:ab:a9:fa:de:73,2026-08-04 03:54:43,E8X6iojo46RFyYc5zaAI4n7RYMR6jJXK,MVM783 - The Grandview at Las Vegas,6309B,Evolve M2
10:2b:aa:51:4c:d7,2026-08-04 03:54:43,E8X6iojo46RFyYc5zaAI4n7RYMR6jJXK,MVM783 - The Grandview at Las Vegas,4604A,Evolve M2
10:2b:aa:51:60:7b,2026-08-04 03:54:43,E8X6iojo46RFyYc5zaAI4n7RYMR6jJXK,MVM783 - The Grandview at Las Vegas,6502A,Evolve M2
68:ab:a9:fb:89:a9,2026-08-04 03:54:43,E8X6iojo46RFyYc5zaAI4n7RYMR6jJXK,MVM783 - The Grandview at Las Vegas,1205A,Evolve M2
68:ab:a9:fa:18:ab,2026-08-04 03:54:42,E8X6iojo46RFyYc5zaAI4n7RYMR6jJXK,MVM783 - The Grandview at Las Vegas,6605A,Evolve M2
10:2b:aa:51:55:53,2026-08-04 03:54:42,E8X6iojo46RFyYc5zaAI4n7RYMR6jJXK,MVM783 - The Grandview at Las Vegas,61901B,Evolve M2
10:2b:aa:51:f7:8a,2026-08-04 03:54:42,E8X6iojo46RFyYc5zaAI4n7RYMR6jJXK,MVM783 - The Grandview at Las Vegas,21106A,Evolve M2
10:2b:aa:51:5c:e5,2026-08-04 03:54:42,E8X6iojo46RFyYc5zaAI4n7RYMR6jJXK,MVM783 - The Grandview at Las Vegas,4210B,Evolve M2
68:ab:a9:fe:ed:9b,2026-08-04 03:54:42,E8X6iojo46RFyYc5zaAI4n7RYMR6jJXK,MVM783 - The Grandview at Las Vegas,41008B,Evolve M2
10:2b:aa:51:55:2f,2026-08-04 03:54:42,E8X6iojo46RFyYc5zaAI4n7RYMR6jJXK,MVM783 - The Grandview at Las Vegas,51504B,Evolve M2
10:2b:aa:51:51:c9,2026-08-04 03:54:42,E8X6iojo46RFyYc5zaAI4n7RYMR6jJXK,MVM783 - The Grandview at Las Vegas,52109A,Evolve M2
68:ab:a9:fc:2b:ac,2026-08-04 03:54:41,E8X6iojo46RFyYc5zaAI4n7RYMR6jJXK,MVM783 - The Grandview at Las Vegas,2102B,Evolve M2
10:2b:aa:51:5f:d9,2026-08-04 03:54:41,E8X6iojo46RFyYc5zaAI4n7RYMR6jJXK,MVM783 - The Grandview at Las Vegas,41503B,Evolve M2
10:2b:aa:51:4c:a4,2026-08-04 03:54:41,E8X6iojo46RFyYc5zaAI4n7RYMR6jJXK,MVM783 - The Grandview at Las Vegas,61703B,Evolve M2
64:18:df:73:a6:ea,2026-08-04 03:54:41,E8X6iojo46RFyYc5zaAI4n7RYMR6jJXK,MVM783 - The Grandview at Las Vegas,61103A,Evolve M2
68:ab:a9:f8:93:f1,2026-08-04 03:54:41,E8X6iojo46RFyYc5zaAI4n7RYMR6jJXK,MVM783 - The Grandview at Las Vegas,3210B,Evolve M2
64:18:df:74:5c:82,2026-08-04 03:54:41,E8X6iojo46RFyYc5zaAI4n7RYMR6jJXK,MVM783 - The Grandview at Las Vegas,6309A,Evolve M2
64:18:df:74:63:89,2026-08-04 03:54:40,E8X6iojo46RFyYc5zaAI4n7RYMR6jJXK,MVM783 - The Grandview at Las Vegas,3604A,Evolve M2
64:18:df:74:06:83,2026-08-04 03:54:40,E8X6iojo46RFyYc5zaAI4n7RYMR6jJXK,MVM783 - The Grandview at Las Vegas,4401A,Evolve M2
10:2b:aa:51:6c:24,2026-08-04 03:54:39,E8X6iojo46RFyYc5zaAI4n7RYMR6jJXK,MVM783 - The Grandview at Las Vegas,6403B,Evolve M2
68:ab:a9:fe:de:6a,2026-08-04 03:54:39,E8X6iojo46RFyYc5zaAI4n7RYMR6jJXK,MVM783 - The Grandview at Las Vegas,3610A,Evolve M2
10:2b:aa:51:f6:28,2026-08-04 03:54:39,E8X6iojo46RFyYc5zaAI4n7RYMR6jJXK,MVM783 - The Grandview at Las Vegas,2104A,Evolve M2
64:18:df:73:ec:f5,2026-08-04 03:54:38,E8X6iojo46RFyYc5zaAI4n7RYMR6jJXK,MVM783 - The Grandview at Las Vegas,8802B,Evolve M2
68:ab:a9:fa:73:35,2026-08-04 03:54:38,E8X6iojo46RFyYc5zaAI4n7RYMR6jJXK,MVM783 - The Grandview at Las Vegas,2106A,Evolve M2
10:2b:aa:51:4d:97,2026-08-04 03:54:38,E8X6iojo46RFyYc5zaAI4n7RYMR6jJXK,MVM783 - The Grandview at Las Vegas,61707B,Evolve M2
10:2b:aa:51:67:e6,2026-08-04 03:54:38,E8X6iojo46RFyYc5zaAI4n7RYMR6jJXK,MVM783 - The Grandview at Las Vegas,3408A,Evolve M2
68:ab:a9:fc:30:87,2026-08-04 03:54:38,E8X6iojo46RFyYc5zaAI4n7RYMR6jJXK,MVM783 - The Grandview at Las Vegas,61502B,Evolve M2
64:18:df:74:3c:23,2026-08-04 03:54:37,E8X6iojo46RFyYc5zaAI4n7RYMR6jJXK,MVM783 - The Grandview at Las Vegas,41403A,Evolve M2
10:2b:aa:51:59:a3,2026-08-04 03:54:36,E8X6iojo46RFyYc5zaAI4n7RYMR6jJXK,MVM783 - The Grandview at Las Vegas,6904B,Evolve M2
68:ab:a9:fc:11:ab,2026-08-04 03:54:36,E8X6iojo46RFyYc5zaAI4n7RYMR6jJXK,MVM783 - The Grandview at Las Vegas,1908A@L,Evolve M2
68:ab:a9:fe:a0:ef,2026-08-04 03:54:36,E8X6iojo46RFyYc5zaAI4n7RYMR6jJXK,MVM783 - The Grandview at Las Vegas,1103A,Evolve M2
10:2b:aa:51:63:27,2026-08-04 03:54:36,E8X6iojo46RFyYc5zaAI4n7RYMR6jJXK,MVM783 - The Grandview at Las Vegas,3705A,Evolve M2
68:ab:a9:fa:dc:bf,2026-08-04 03:54:36,E8X6iojo46RFyYc5zaAI4n7RYMR6jJXK,MVM783 - The Grandview at Las Vegas,61809B,Evolve M2
10:2b:aa:51:55:0b,2026-08-04 03:54:36,E8X6iojo46RFyYc5zaAI4n7RYMR6jJXK,MVM783 - The Grandview at Las Vegas,3301B,Evolve M2
68:ab:a9:fc:85:15,2026-08-04 03:54:35,E8X6iojo46RFyYc5zaAI4n7RYMR6jJXK,MVM783 - The Grandview at Las Vegas,8404B,Evolve M2
68:ab:a9:f8:94:61,2026-08-04 03:54:35,E8X6iojo46RFyYc5zaAI4n7RYMR6jJXK,MVM783 - The Grandview at Las Vegas,1204A,Evolve M2
68:ab:a9:fc:83:25,2026-08-04 03:54:35,E8X6iojo46RFyYc5zaAI4n7RYMR6jJXK,MVM783 - The Grandview at Las Vegas,81104B,Evolve M2
68:ab:a9:fb:eb:24,2026-08-04 03:54:35,E8X6iojo46RFyYc5zaAI4n7RYMR6jJXK,MVM783 - The Grandview at Las Vegas,5509A,Evolve M2
68:ab:a9:fe:ab:79,2026-08-04 03:54:35,E8X6iojo46RFyYc5zaAI4n7RYMR6jJXK,MVM783 - The Grandview at Las Vegas,41709B,Evolve M2
64:18:df:73:c7:6f,2026-08-04 03:54:34,E8X6iojo46RFyYc5zaAI4n7RYMR6jJXK,MVM783 - The Grandview at Las Vegas,4102B,Evolve M2
10:2b:aa:51:f4:03,2026-08-04 03:54:34,E8X6iojo46RFyYc5zaAI4n7RYMR6jJXK,MVM783 - The Grandview at Las Vegas,8504B,Evolve M2
68:ab:a9:f8:d0:01,2026-08-04 03:54:34,E8X6iojo46RFyYc5zaAI4n7RYMR6jJXK,MVM783 - The Grandview at Las Vegas,41710A,Evolve M2
64:18:df:73:b0:d9,2026-08-04 03:54:34,E8X6iojo46RFyYc5zaAI4n7RYMR6jJXK,MVM783 - The Grandview at Las Vegas,8408A,Evolve M2
68:ab:a9:fe:a4:50,2026-08-04 03:54:33,E8X6iojo46RFyYc5zaAI4n7RYMR6jJXK,MVM783 - The Grandview at Las Vegas,9501A,Evolve M2
10:2b:aa:51:55:11,2026-08-04 03:54:33,E8X6iojo46RFyYc5zaAI4n7RYMR6jJXK,MVM783 - The Grandview at Las Vegas,3303A,Evolve M2
64:18:df:74:88:58,2026-08-04 03:54:33,E8X6iojo46RFyYc5zaAI4n7RYMR6jJXK,MVM783 - The Grandview at Las Vegas,62007B,Evolve M2
68:ab:a9:fc:82:e8,2026-08-04 03:54:32,E8X6iojo46RFyYc5zaAI4n7RYMR6jJXK,MVM783 - The Grandview at Las Vegas,6605A,Evolve M2
10:2b:aa:50:c2:bf,2026-08-04 03:54:32,E8X6iojo46RFyYc5zaAI4n7RYMR6jJXK,MVM783 - The Grandview at Las Vegas,51110A,Evolve M2
10:2b:aa:51:f5:ec,2026-08-04 03:54:32,E8X6iojo46RFyYc5zaAI4n7RYMR6jJXK,MVM783 - The Grandview at Las Vegas,9210A,Evolve M2
64:18:df:74:64:1a,2026-08-04 03:54:32,E8X6iojo46RFyYc5zaAI4n7RYMR6jJXK,MVM783 - The Grandview at Las Vegas,62005A,Evolve M2
64:18:df:73:bf:16,2026-08-04 03:54:32,E8X6iojo46RFyYc5zaAI4n7RYMR6jJXK,MVM783 - The Grandview at Las Vegas,4902B,Evolve M2
10:2b:aa:50:be:63,2026-08-04 03:54:32,E8X6iojo46RFyYc5zaAI4n7RYMR6jJXK,MVM783 - The Grandview at Las Vegas,4710A,Evolve M2
68:ab:a9:fe:c2:4f,2026-08-04 03:54:31,E8X6iojo46RFyYc5zaAI4n7RYMR6jJXK,MVM783 - The Grandview at Las Vegas,3609B,Evolve M2
64:18:df:74:51:e5,2026-08-04 03:54:31,E8X6iojo46RFyYc5zaAI4n7RYMR6jJXK,MVM783 - The Grandview at Las Vegas,4308A,Evolve M2
64:18:df:74:52:c9,2026-08-04 03:54:31,E8X6iojo46RFyYc5zaAI4n7RYMR6jJXK,MVM783 - The Grandview at Las Vegas,4510B,Evolve M2
68:ab:a9:fc:4f:b7,2026-08-04 03:54:31,E8X6iojo46RFyYc5zaAI4n7RYMR6jJXK,MVM783 - The Grandview at Las Vegas,1907A@L,Evolve M2
64:18:df:73:cc:aa,2026-08-04 03:54:31,E8X6iojo46RFyYc5zaAI4n7RYMR6jJXK,MVM783 - The Grandview at Las Vegas,4407B,Evolve M2
10:2b:aa:51:f3:76,2026-08-04 03:54:30,E8X6iojo46RFyYc5zaAI4n7RYMR6jJXK,MVM783 - The Grandview at Las Vegas,2807B,Evolve M2
10:2b:aa:51:5e:56,2026-08-04 03:54:30,E8X6iojo46RFyYc5zaAI4n7RYMR6jJXK,MVM783 - The Grandview at Las Vegas,8806A,Evolve M2
68:ab:a9:fe:53:75,2026-08-04 03:54:30,E8X6iojo46RFyYc5zaAI4n7RYMR6jJXK,MVM783 - The Grandview at Las Vegas,9301B,Evolve M2
68:ab:a9:fe:dd:7a,2026-08-04 03:54:30,E8X6iojo46RFyYc5zaAI4n7RYMR6jJXK,MVM783 - The Grandview at Las Vegas,81105B,Evolve M2
10:2b:aa:51:f7:a5,2026-08-04 03:54:30,E8X6iojo46RFyYc5zaAI4n7RYMR6jJXK,MVM783 - The Grandview at Las Vegas,1204B,Evolve M2
10:2b:aa:51:5f:8b,2026-08-04 03:54:30,E8X6iojo46RFyYc5zaAI4n7RYMR6jJXK,MVM783 - The Grandview at Las Vegas,3610B,Evolve M2
10:2b:aa:51:49:2f,2026-08-04 03:54:30,E8X6iojo46RFyYc5zaAI4n7RYMR6jJXK,MVM783 - The Grandview at Las Vegas,61206A,Evolve M2
10:2b:aa:50:be:a8,2026-08-04 03:54:30,E8X6iojo46RFyYc5zaAI4n7RYMR6jJXK,MVM783 - The Grandview at Las Vegas,51009B,Evolve M2
68:ab:a9:f8:9d:ff,2026-08-04 03:54:29,E8X6iojo46RFyYc5zaAI4n7RYMR6jJXK,MVM783 - The Grandview at Las Vegas,1504A,Evolve M2
68:ab:a9:fe:6d:98,2026-08-04 03:54:29,E8X6iojo46RFyYc5zaAI4n7RYMR6jJXK,MVM783 - The Grandview at Las Vegas,9202B,Evolve M2
10:2b:aa:51:63:ed,2026-08-04 03:54:29,E8X6iojo46RFyYc5zaAI4n7RYMR6jJXK,MVM783 - The Grandview at Las Vegas,6508A,Evolve M2
68:ab:a9:ff:1e:6f,2026-08-04 03:54:29,E8X6iojo46RFyYc5zaAI4n7RYMR6jJXK,MVM783 - The Grandview at Las Vegas,6305B,Evolve M2
10:2b:aa:52:68:a6,2026-08-04 03:54:29,E8X6iojo46RFyYc5zaAI4n7RYMR6jJXK,MVM783 - The Grandview at Las Vegas,9701A,Evolve M2
10:2b:aa:51:52:0b,2026-08-04 03:54:28,E8X6iojo46RFyYc5zaAI4n7RYMR6jJXK,MVM783 - The Grandview at Las Vegas,41101B,Evolve M2
10:2b:aa:51:fb:89,2026-08-04 03:54:28,E8X6iojo46RFyYc5zaAI4n7RYMR6jJXK,MVM783 - The Grandview at Las Vegas,8301A,Evolve M2
64:18:df:74:5f:06,2026-08-04 03:54:28,E8X6iojo46RFyYc5zaAI4n7RYMR6jJXK,MVM783 - The Grandview at Las Vegas,62006A,Evolve M2
68:ab:a9:fe:97:22,2026-08-04 03:54:28,E8X6iojo46RFyYc5zaAI4n7RYMR6jJXK,MVM783 - The Grandview at Las Vegas,41202A,Evolve M2
10:2b:aa:51:48:fc,2026-08-04 03:54:28,E8X6iojo46RFyYc5zaAI4n7RYMR6jJXK,MVM783 - The Grandview at Las Vegas,3601A,Evolve M2
68:ab:a9:f8:22:86,2026-08-04 03:54:27,E8X6iojo46RFyYc5zaAI4n7RYMR6jJXK,MVM783 - The Grandview at Las Vegas,2608B,Evolve M2
68:ab:a9:fe:78:cc,2026-08-04 03:54:27,E8X6iojo46RFyYc5zaAI4n7RYMR6jJXK,MVM783 - The Grandview at Las Vegas,51607B,Evolve M2
64:18:df:73:c8:7f,2026-08-04 03:54:27,E8X6iojo46RFyYc5zaAI4n7RYMR6jJXK,MVM783 - The Grandview at Las Vegas,42102A,Evolve M2
68:ab:a9:fe:4b:80,2026-08-04 03:54:27,E8X6iojo46RFyYc5zaAI4n7RYMR6jJXK,MVM783 - The Grandview at Las Vegas,9602A,Evolve M2
68:ab:a9:fe:52:9a,2026-08-04 03:54:27,E8X6iojo46RFyYc5zaAI4n7RYMR6jJXK,MVM783 - The Grandview at Las Vegas,51607A,Evolve M2
10:2b:aa:51:69:c9,2026-08-04 03:54:26,E8X6iojo46RFyYc5zaAI4n7RYMR6jJXK,MVM783 - The Grandview at Las Vegas,51608B,Evolve M2
64:18:df:74:04:48,2026-08-04 03:54:26,E8X6iojo46RFyYc5zaAI4n7RYMR6jJXK,MVM783 - The Grandview at Las Vegas,4901B,Evolve M2
10:2b:aa:51:ff:ac,2026-08-04 03:54:26,E8X6iojo46RFyYc5zaAI4n7RYMR6jJXK,MVM783 - The Grandview at Las Vegas,2607B,Evolve M2
68:ab:a9:fb:4b:be,2026-08-04 03:54:25,E8X6iojo46RFyYc5zaAI4n7RYMR6jJXK,MVM783 - The Grandview at Las Vegas,42007A,Evolve M2
68:ab:a9:f8:64:be,2026-08-04 03:54:25,E8X6iojo46RFyYc5zaAI4n7RYMR6jJXK,MVM783 - The Grandview at Las Vegas,9602A,Evolve M2
10:2b:aa:51:4f:fe,2026-08-04 03:54:25,E8X6iojo46RFyYc5zaAI4n7RYMR6jJXK,MVM783 - The Grandview at Las Vegas,61802B,Evolve M2
10:2b:aa:51:fd:78,2026-08-04 03:54:25,E8X6iojo46RFyYc5zaAI4n7RYMR6jJXK,MVM783 - The Grandview at Las Vegas,1107B,Evolve M2
64:18:df:73:e5:f6,2026-08-04 03:54:25,E8X6iojo46RFyYc5zaAI4n7RYMR6jJXK,MVM783 - The Grandview at Las Vegas,5504A,Evolve M2
64:18:df:74:30:19,2026-08-04 03:54:24,E8X6iojo46RFyYc5zaAI4n7RYMR6jJXK,MVM783 - The Grandview at Las Vegas,6206B,Evolve M2
64:18:df:74:62:d4,2026-08-04 03:54:24,E8X6iojo46RFyYc5zaAI4n7RYMR6jJXK,MVM783 - The Grandview at Las Vegas,51910A,Evolve M2
68:ab:a9:f9:44:2b,2026-08-04 03:54:24,E8X6iojo46RFyYc5zaAI4n7RYMR6jJXK,MVM783 - The Grandview at Las Vegas,9703A,Evolve M2
10:2b:aa:51:48:cc,2026-08-04 03:54:24,E8X6iojo46RFyYc5zaAI4n7RYMR6jJXK,MVM783 - The Grandview at Las Vegas,3709A,Evolve M2
64:18:df:73:cf:47,2026-08-04 03:54:24,E8X6iojo46RFyYc5zaAI4n7RYMR6jJXK,MVM783 - The Grandview at Las Vegas,41107A,Evolve M2
10:2b:aa:51:f5:fe,2026-08-04 03:54:24,E8X6iojo46RFyYc5zaAI4n7RYMR6jJXK,MVM783 - The Grandview at Las Vegas,21003A,Evolve M2
68:ab:a9:fe:33:3e,2026-08-04 03:54:24,E8X6iojo46RFyYc5zaAI4n7RYMR6jJXK,MVM783 - The Grandview at Las Vegas,41002B,Evolve M2
68:ab:a9:ff:05:f4,2026-08-04 03:54:24,E8X6iojo46RFyYc5zaAI4n7RYMR6jJXK,MVM783 - The Grandview at Las Vegas,9704A,Evolve M2
10:2b:aa:51:59:28,2026-08-04 03:54:24,E8X6iojo46RFyYc5zaAI4n7RYMR6jJXK,MVM783 - The Grandview at Las Vegas,6910A,Evolve M2
68:ab:a9:fe:a6:42,2026-08-04 03:54:23,E8X6iojo46RFyYc5zaAI4n7RYMR6jJXK,MVM783 - The Grandview at Las Vegas,9803A,Evolve M2
10:2b:aa:51:64:2f,2026-08-04 03:54:23,E8X6iojo46RFyYc5zaAI4n7RYMR6jJXK,MVM783 - The Grandview at Las Vegas,5806A,Evolve M2
64:18:df:74:32:59,2026-08-04 03:54:23,E8X6iojo46RFyYc5zaAI4n7RYMR6jJXK,MVM783 - The Grandview at Las Vegas,41602A,Evolve M2
64:18:df:74:05:06,2026-08-04 03:54:23,E8X6iojo46RFyYc5zaAI4n7RYMR6jJXK,MVM783 - The Grandview at Las Vegas,61009A,Evolve M2
10:2b:aa:51:5c:7c,2026-08-04 03:54:23,E8X6iojo46RFyYc5zaAI4n7RYMR6jJXK,MVM783 - The Grandview at Las Vegas,4205A,Evolve M2
68:ab:a9:fc:a7:ca,2026-08-04 03:54:22,E8X6iojo46RFyYc5zaAI4n7RYMR6jJXK,MVM783 - The Grandview at Las Vegas,1604A@B,Evolve M2
68:ab:a9:fe:e5:96,2026-08-04 03:54:22,E8X6iojo46RFyYc5zaAI4n7RYMR6jJXK,MVM783 - The Grandview at Las Vegas,11006B,Evolve M2
10:2b:aa:51:64:4d,2026-08-04 03:54:22,E8X6iojo46RFyYc5zaAI4n7RYMR6jJXK,MVM783 - The Grandview at Las Vegas,5803A,Evolve M2
10:2b:aa:51:fd:a8,2026-08-04 03:54:21,E8X6iojo46RFyYc5zaAI4n7RYMR6jJXK,MVM783 - The Grandview at Las Vegas,31208A,Evolve M2
68:ab:a9:fc:4a:7e,2026-08-04 03:54:21,E8X6iojo46RFyYc5zaAI4n7RYMR6jJXK,MVM783 - The Grandview at Las Vegas,3204A,Evolve M2
68:ab:a9:f8:4e:85,2026-08-04 03:54:21,E8X6iojo46RFyYc5zaAI4n7RYMR6jJXK,MVM783 - The Grandview at Las Vegas,31108B,Evolve M2
64:18:df:74:15:e0,2026-08-04 03:54:21,E8X6iojo46RFyYc5zaAI4n7RYMR6jJXK,MVM783 - The Grandview at Las Vegas,6707A,Evolve M2
10:2b:aa:51:4e:e7,2026-08-04 03:54:21,E8X6iojo46RFyYc5zaAI4n7RYMR6jJXK,MVM783 - The Grandview at Las Vegas,61703A,Evolve M2
10:2b:aa:51:49:71,2026-08-04 03:54:21,E8X6iojo46RFyYc5zaAI4n7RYMR6jJXK,MVM783 - The Grandview at Las Vegas,8807A,Evolve M2
64:18:df:73:d1:e4,2026-08-04 03:54:21,E8X6iojo46RFyYc5zaAI4n7RYMR6jJXK,MVM783 - The Grandview at Las Vegas,8408A,Evolve M2
68:ab:a9:fc:45:fc,2026-08-04 03:54:20,E8X6iojo46RFyYc5zaAI4n7RYMR6jJXK,MVM783 - The Grandview at Las Vegas,1406B@L,Evolve M2
10:2b:aa:51:6d:0e,2026-08-04 03:54:20,E8X6iojo46RFyYc5zaAI4n7RYMR6jJXK,MVM783 - The Grandview at Las Vegas,4606B,Evolve M2
68:ab:a9:f7:fd:d6,2026-08-04 03:54:20,E8X6iojo46RFyYc5zaAI4n7RYMR6jJXK,MVM783 - The Grandview at Las Vegas,1204A,Evolve M2
64:18:df:74:28:aa,2026-08-04 03:54:20,E8X6iojo46RFyYc5zaAI4n7RYMR6jJXK,MVM783 - The Grandview at Las Vegas,51906A,Evolve M2
10:2b:aa:51:66:ed,2026-08-04 03:54:20,E8X6iojo46RFyYc5zaAI4n7RYMR6jJXK,MVM783 - The Grandview at Las Vegas,4301B,Evolve M2
64:18:df:74:17:ba,2026-08-04 03:54:20,E8X6iojo46RFyYc5zaAI4n7RYMR6jJXK,MVM783 - The Grandview at Las Vegas,6205B,Evolve M2
64:18:df:73:a9:43,2026-08-04 03:54:20,E8X6iojo46RFyYc5zaAI4n7RYMR6jJXK,MVM783 - The Grandview at Las Vegas,42108B,Evolve M2
68:ab:a9:f8:f4:b9,2026-08-04 03:54:20,E8X6iojo46RFyYc5zaAI4n7RYMR6jJXK,MVM783 - The Grandview at Las Vegas,11008B,Evolve M2
10:2b:aa:51:50:04,2026-08-04 03:54:20,E8X6iojo46RFyYc5zaAI4n7RYMR6jJXK,MVM783 - The Grandview at Las Vegas,6209B,Evolve M2
68:ab:a9:fa:71:69,2026-08-04 03:54:20,E8X6iojo46RFyYc5zaAI4n7RYMR6jJXK,MVM783 - The Grandview at Las Vegas,21004A,Evolve M2
10:2b:aa:50:be:3c,2026-08-04 03:54:19,E8X6iojo46RFyYc5zaAI4n7RYMR6jJXK,MVM783 - The Grandview at Las Vegas,51010A,Evolve M2
10:2b:aa:51:68:22,2026-08-04 03:54:19,E8X6iojo46RFyYc5zaAI4n7RYMR6jJXK,MVM783 - The Grandview at Las Vegas,3701B,Evolve M2
10:2b:aa:51:5f:85,2026-08-04 03:54:19,E8X6iojo46RFyYc5zaAI4n7RYMR6jJXK,MVM783 - The Grandview at Las Vegas,3501B,Evolve M2
64:18:df:74:87:fb,2026-08-04 03:54:19,E8X6iojo46RFyYc5zaAI4n7RYMR6jJXK,MVM783 - The Grandview at Las Vegas,4603B,Evolve M2
68:ab:a9:fc:3e:a3,2026-08-04 03:54:19,E8X6iojo46RFyYc5zaAI4n7RYMR6jJXK,MVM783 - The Grandview at Las Vegas,2808A,Evolve M2
64:18:df:73:cf:ed,2026-08-04 03:54:18,E8X6iojo46RFyYc5zaAI4n7RYMR6jJXK,MVM783 - The Grandview at Las Vegas,4707B,Evolve M2
10:2b:aa:51:50:91,2026-08-04 03:54:18,E8X6iojo46RFyYc5zaAI4n7RYMR6jJXK,MVM783 - The Grandview at Las Vegas,6109B,Evolve M2
10:2b:aa:51:55:3e,2026-08-04 03:54:18,E8X6iojo46RFyYc5zaAI4n7RYMR6jJXK,MVM783 - The Grandview at Las Vegas,6704B,Evolve M2
10:2b:aa:51:4f:e6,2026-08-04 03:54:18,E8X6iojo46RFyYc5zaAI4n7RYMR6jJXK,MVM783 - The Grandview at Las Vegas,6110B,Evolve M2
68:ab:a9:fc:83:dd,2026-08-04 03:54:17,E8X6iojo46RFyYc5zaAI4n7RYMR6jJXK,MVM783 - The Grandview at Las Vegas,81005B,Evolve M2
68:ab:a9:fc:26:fc,2026-08-04 03:54:17,E8X6iojo46RFyYc5zaAI4n7RYMR6jJXK,MVM783 - The Grandview at Las Vegas,31105A,Evolve M2
10:2b:aa:51:f9:9d,2026-08-04 03:54:17,E8X6iojo46RFyYc5zaAI4n7RYMR6jJXK,MVM783 - The Grandview at Las Vegas,9409A,Evolve M2
10:2b:aa:51:fd:c9,2026-08-04 03:54:16,E8X6iojo46RFyYc5zaAI4n7RYMR6jJXK,MVM783 - The Grandview at Las Vegas,2106B,Evolve M2
10:2b:aa:51:5d:7b,2026-08-04 03:54:16,E8X6iojo46RFyYc5zaAI4n7RYMR6jJXK,MVM783 - The Grandview at Las Vegas,5905A,Evolve M2
68:ab:a9:fc:a3:18,2026-08-04 03:54:16,E8X6iojo46RFyYc5zaAI4n7RYMR6jJXK,MVM783 - The Grandview at Las Vegas,1601B@L,Evolve M2
10:2b:aa:51:68:3d,2026-08-04 03:54:16,E8X6iojo46RFyYc5zaAI4n7RYMR6jJXK,MVM783 - The Grandview at Las Vegas,41810B,Evolve M2
10:2b:aa:51:f7:2a,2026-08-04 03:54:16,E8X6iojo46RFyYc5zaAI4n7RYMR6jJXK,MVM783 - The Grandview at Las Vegas,2802A,Evolve M2
68:ab:a9:f8:cc:d4,2026-08-04 03:54:16,E8X6iojo46RFyYc5zaAI4n7RYMR6jJXK,MVM783 - The Grandview at Las Vegas,2702A,Evolve M2
10:2b:aa:51:51:69,2026-08-04 03:54:15,E8X6iojo46RFyYc5zaAI4n7RYMR6jJXK,MVM783 - The Grandview at Las Vegas,61005B,Evolve M2
10:2b:aa:51:52:dd,2026-08-04 03:54:15,E8X6iojo46RFyYc5zaAI4n7RYMR6jJXK,MVM783 - The Grandview at Las Vegas,41108B,Evolve M2
10:2b:aa:51:5c:4c,2026-08-04 03:54:15,E8X6iojo46RFyYc5zaAI4n7RYMR6jJXK,MVM783 - The Grandview at Las Vegas,4205B,Evolve M2
64:18:df:73:c9:2e,2026-08-04 03:54:15,E8X6iojo46RFyYc5zaAI4n7RYMR6jJXK,MVM783 - The Grandview at Las Vegas,41706B,Evolve M2
10:2b:aa:51:50:13,2026-08-04 03:54:15,E8X6iojo46RFyYc5zaAI4n7RYMR6jJXK,MVM783 - The Grandview at Las Vegas,6105B,Evolve M2
10:2b:aa:51:60:ff,2026-08-04 03:54:15,E8X6iojo46RFyYc5zaAI4n7RYMR6jJXK,MVM783 - The Grandview at Las Vegas,5808B,Evolve M2
10:2b:aa:51:60:ba,2026-08-04 03:54:15,E8X6iojo46RFyYc5zaAI4n7RYMR6jJXK,MVM783 - The Grandview at Las Vegas,5403A,Evolve M2
64:18:df:74:20:70,2026-08-04 03:54:15,E8X6iojo46RFyYc5zaAI4n7RYMR6jJXK,MVM783 - The Grandview at Las Vegas,41409B,Evolve M2
64:18:df:74:65:e0,2026-08-04 03:54:14,E8X6iojo46RFyYc5zaAI4n7RYMR6jJXK,MVM783 - The Grandview at Las Vegas,42005B,Evolve M2
10:2b:aa:51:53:0a,2026-08-04 03:54:14,E8X6iojo46RFyYc5zaAI4n7RYMR6jJXK,MVM783 - The Grandview at Las Vegas,41105B,Evolve M2
64:18:df:74:5a:1a,2026-08-04 03:54:14,E8X6iojo46RFyYc5zaAI4n7RYMR6jJXK,MVM783 - The Grandview at Las Vegas,42001A,Evolve M2
68:ab:a9:fc:7c:c2,2026-08-04 03:54:13,E8X6iojo46RFyYc5zaAI4n7RYMR6jJXK,MVM783 - The Grandview at Las Vegas,1503B,Evolve M2
68:ab:a9:fe:8c:40,2026-08-04 03:54:13,E8X6iojo46RFyYc5zaAI4n7RYMR6jJXK,MVM783 - The Grandview at Las Vegas,9605B,Evolve M2
64:18:df:73:c7:ea,2026-08-04 03:54:13,E8X6iojo46RFyYc5zaAI4n7RYMR6jJXK,MVM783 - The Grandview at Las Vegas,5601A,Evolve M2
10:2b:aa:51:67:ad,2026-08-04 03:54:12,E8X6iojo46RFyYc5zaAI4n7RYMR6jJXK,MVM783 - The Grandview at Las Vegas,3404A,Evolve M2
68:ab:a9:fe:86:cb,2026-08-04 03:54:12,E8X6iojo46RFyYc5zaAI4n7RYMR6jJXK,MVM783 - The Grandview at Las Vegas,9708A,Evolve M2
68:ab:a9:fe:56:90,2026-08-04 03:54:12,E8X6iojo46RFyYc5zaAI4n7RYMR6jJXK,MVM783 - The Grandview at Las Vegas,3105B,Evolve M2
10:2b:aa:51:66:75,2026-08-04 03:54:12,E8X6iojo46RFyYc5zaAI4n7RYMR6jJXK,MVM783 - The Grandview at Las Vegas,51604A,Evolve M2
68:ab:a9:fe:d1:36,2026-08-04 03:54:12,E8X6iojo46RFyYc5zaAI4n7RYMR6jJXK,MVM783 - The Grandview at Las Vegas,4604A,Evolve M2
64:18:df:74:4f:72,2026-08-04 03:54:11,E8X6iojo46RFyYc5zaAI4n7RYMR6jJXK,MVM783 - The Grandview at Las Vegas,4108B,Evolve M2
10:2b:aa:51:60:8a,2026-08-04 03:54:11,E8X6iojo46RFyYc5zaAI4n7RYMR6jJXK,MVM783 - The Grandview at Las Vegas,61608A,Evolve M2
68:ab:a9:fb:ed:72,2026-08-04 03:54:10,E8X6iojo46RFyYc5zaAI4n7RYMR6jJXK,MVM783 - The Grandview at Las Vegas,3509B,Evolve M2
64:18:df:73:ed:58,2026-08-04 03:54:10,E8X6iojo46RFyYc5zaAI4n7RYMR6jJXK,MVM783 - The Grandview at Las Vegas,5605B,Evolve M2
68:ab:a9:fe:a3:36,2026-08-04 03:54:10,E8X6iojo46RFyYc5zaAI4n7RYMR6jJXK,MVM783 - The Grandview at Las Vegas,2706A,Evolve M2
10:2b:aa:51:f8:05,2026-08-04 03:54:09,E8X6iojo46RFyYc5zaAI4n7RYMR6jJXK,MVM783 - The Grandview at Las Vegas,2401B,Evolve M2
64:18:df:73:de:f4,2026-08-04 03:54:09,E8X6iojo46RFyYc5zaAI4n7RYMR6jJXK,MVM783 - The Grandview at Las Vegas,5303A,Evolve M2
68:ab:a9:fc:49:56,2026-08-04 03:54:09,E8X6iojo46RFyYc5zaAI4n7RYMR6jJXK,MVM783 - The Grandview at Las Vegas,1407B@B,Evolve M2
10:2b:aa:51:fc:67,2026-08-04 03:54:08,E8X6iojo46RFyYc5zaAI4n7RYMR6jJXK,MVM783 - The Grandview at Las Vegas,2503A,Evolve M2
10:2b:aa:52:65:ee,2026-08-04 03:54:08,E8X6iojo46RFyYc5zaAI4n7RYMR6jJXK,MVM783 - The Grandview at Las Vegas,11202A,Evolve M2
10:2b:aa:51:4c:62,2026-08-04 03:54:08,E8X6iojo46RFyYc5zaAI4n7RYMR6jJXK,MVM783 - The Grandview at Las Vegas,61206A,Evolve M2
68:ab:a9:fc:4e:04,2026-08-04 03:54:08,E8X6iojo46RFyYc5zaAI4n7RYMR6jJXK,MVM783 - The Grandview at Las Vegas,1106B,Evolve M2
10:2b:aa:51:49:56,2026-08-04 03:54:07,E8X6iojo46RFyYc5zaAI4n7RYMR6jJXK,MVM783 - The Grandview at Las Vegas,61606A,Evolve M2
10:2b:aa:51:f7:5a,2026-08-04 03:54:07,E8X6iojo46RFyYc5zaAI4n7RYMR6jJXK,MVM783 - The Grandview at Las Vegas,8606A,Evolve M2
10:2b:aa:51:f6:e8,2026-08-04 03:54:07,E8X6iojo46RFyYc5zaAI4n7RYMR6jJXK,MVM783 - The Grandview at Las Vegas,8607B,Evolve M2
68:ab:a9:fc:85:3e,2026-08-04 03:54:07,E8X6iojo46RFyYc5zaAI4n7RYMR6jJXK,MVM783 - The Grandview at Las Vegas,3203B,Evolve M2
68:ab:a9:fc:a7:3f,2026-08-04 03:54:07,E8X6iojo46RFyYc5zaAI4n7RYMR6jJXK,MVM783 - The Grandview at Las Vegas,3206B,Evolve M2
10:2b:aa:51:65:2b,2026-08-04 03:54:07,E8X6iojo46RFyYc5zaAI4n7RYMR6jJXK,MVM783 - The Grandview at Las Vegas,31204A,Evolve M2
10:2b:aa:51:63:c0,2026-08-04 03:54:06,E8X6iojo46RFyYc5zaAI4n7RYMR6jJXK,MVM783 - The Grandview at Las Vegas,6508A,Evolve M2
68:ab:a9:fe:f8:11,2026-08-04 03:54:06,E8X6iojo46RFyYc5zaAI4n7RYMR6jJXK,MVM783 - The Grandview at Las Vegas,9104A,Evolve M2
10:2b:aa:51:4f:d1,2026-08-04 03:54:06,E8X6iojo46RFyYc5zaAI4n7RYMR6jJXK,MVM783 - The Grandview at Las Vegas,5505B,Evolve M2
64:18:df:74:0d:93,2026-08-04 03:54:06,E8X6iojo46RFyYc5zaAI4n7RYMR6jJXK,MVM783 - The Grandview at Las Vegas,5604A,Evolve M2
10:2b:aa:51:61:26,2026-08-04 03:54:06,E8X6iojo46RFyYc5zaAI4n7RYMR6jJXK,MVM783 - The Grandview at Las Vegas,8408B,Evolve M2
10:2b:aa:51:68:d6,2026-08-04 03:54:06,E8X6iojo46RFyYc5zaAI4n7RYMR6jJXK,MVM783 - The Grandview at Las Vegas,51004B,Evolve M2
10:2b:aa:51:50:3d,2026-08-04 03:54:05,E8X6iojo46RFyYc5zaAI4n7RYMR6jJXK,MVM783 - The Grandview at Las Vegas,6302A,Evolve M2
68:ab:a9:fc:27:63,2026-08-04 03:54:05,E8X6iojo46RFyYc5zaAI4n7RYMR6jJXK,MVM783 - The Grandview at Las Vegas,3407B,Evolve M2
10:2b:aa:51:69:99,2026-08-04 03:54:05,E8X6iojo46RFyYc5zaAI4n7RYMR6jJXK,MVM783 - The Grandview at Las Vegas,5606A,Evolve M2
68:ab:a9:fe:46:31,2026-08-04 03:54:05,E8X6iojo46RFyYc5zaAI4n7RYMR6jJXK,MVM783 - The Grandview at Las Vegas,41708B,Evolve M2
10:2b:aa:51:f7:5d,2026-08-04 03:54:05,E8X6iojo46RFyYc5zaAI4n7RYMR6jJXK,MVM783 - The Grandview at Las Vegas,2301B,Evolve M2
68:ab:a9:f8:5e:31,2026-08-04 03:54:05,E8X6iojo46RFyYc5zaAI4n7RYMR6jJXK,MVM783 - The Grandview at Las Vegas,3108A,Evolve M2
10:2b:aa:51:fd:8a,2026-08-04 03:54:05,E8X6iojo46RFyYc5zaAI4n7RYMR6jJXK,MVM783 - The Grandview at Las Vegas,31104A,Evolve M2
68:ab:a9:f8:66:a3,2026-08-04 03:54:04,E8X6iojo46RFyYc5zaAI4n7RYMR6jJXK,MVM783 - The Grandview at Las Vegas,1305B@L,Evolve M2
68:ab:a9:fe:c2:d4,2026-08-04 03:54:04,E8X6iojo46RFyYc5zaAI4n7RYMR6jJXK,MVM783 - The Grandview at Las Vegas,8506A,Evolve M2
68:ab:a9:f8:06:f1,2026-08-04 03:54:03,E8X6iojo46RFyYc5zaAI4n7RYMR6jJXK,MVM783 - The Grandview at Las Vegas,8305B,Evolve M2
68:ab:a9:fe:45:f5,2026-08-04 03:54:03,E8X6iojo46RFyYc5zaAI4n7RYMR6jJXK,MVM783 - The Grandview at Las Vegas,4906B,Evolve M2
68:ab:a9:ff:1c:34,2026-08-04 03:54:03,E8X6iojo46RFyYc5zaAI4n7RYMR6jJXK,MVM783 - The Grandview at Las Vegas,51208A,Evolve M2
64:18:df:74:17:da,2026-08-04 03:54:02,E8X6iojo46RFyYc5zaAI4n7RYMR6jJXK,MVM783 - The Grandview at Las Vegas,6205A,Evolve M2
10:2b:aa:51:60:00,2026-08-04 03:54:02,E8X6iojo46RFyYc5zaAI4n7RYMR6jJXK,MVM783 - The Grandview at Las Vegas,5703A,Evolve M2
64:18:df:73:ce:e7,2026-08-04 03:54:02,E8X6iojo46RFyYc5zaAI4n7RYMR6jJXK,MVM783 - The Grandview at Las Vegas,42106B,Evolve M2
68:ab:a9:fe:70:ea,2026-08-04 03:54:02,E8X6iojo46RFyYc5zaAI4n7RYMR6jJXK,MVM783 - The Grandview at Las Vegas,41001A,Evolve M2
68:ab:a9:fc:36:c6,2026-08-04 03:54:02,E8X6iojo46RFyYc5zaAI4n7RYMR6jJXK,MVM783 - The Grandview at Las Vegas,3204A,Evolve M2
68:ab:a9:fe:a4:ef,2026-08-04 03:54:02,E8X6iojo46RFyYc5zaAI4n7RYMR6jJXK,MVM783 - The Grandview at Las Vegas,9202B,Evolve M2
64:18:df:74:57:ce,2026-08-04 03:54:02,E8X6iojo46RFyYc5zaAI4n7RYMR6jJXK,MVM783 - The Grandview at Las Vegas,6205B,Evolve M2
10:2b:aa:51:6a:bc,2026-08-04 03:54:02,E8X6iojo46RFyYc5zaAI4n7RYMR6jJXK,MVM783 - The Grandview at Las Vegas,41502A,Evolve M2
64:18:df:74:5a:61,2026-08-04 03:54:02,E8X6iojo46RFyYc5zaAI4n7RYMR6jJXK,MVM783 - The Grandview at Las Vegas,6903A,Evolve M2
10:2b:aa:51:fe:59,2026-08-04 03:54:02,E8X6iojo46RFyYc5zaAI4n7RYMR6jJXK,MVM783 - The Grandview at Las Vegas,2405A,Evolve M2
10:2b:aa:51:5c:af,2026-08-04 03:54:01,E8X6iojo46RFyYc5zaAI4n7RYMR6jJXK,MVM783 - The Grandview at Las Vegas,4703B,Evolve M2
10:2b:aa:51:fa:8d,2026-08-04 03:54:01,E8X6iojo46RFyYc5zaAI4n7RYMR6jJXK,MVM783 - The Grandview at Las Vegas,4507A,Evolve M2
10:2b:aa:51:49:dd,2026-08-04 03:54:01,E8X6iojo46RFyYc5zaAI4n7RYMR6jJXK,MVM783 - The Grandview at Las Vegas,91402A,Evolve M2
64:18:df:73:d6:24,2026-08-04 03:54:01,E8X6iojo46RFyYc5zaAI4n7RYMR6jJXK,MVM783 - The Grandview at Las Vegas,3708A,Evolve M2
10:2b:aa:51:59:64,2026-08-04 03:54:01,E8X6iojo46RFyYc5zaAI4n7RYMR6jJXK,MVM783 - The Grandview at Las Vegas,5602A,Evolve M2
10:2b:aa:51:6c:6c,2026-08-04 03:54:01,E8X6iojo46RFyYc5zaAI4n7RYMR6jJXK,MVM783 - The Grandview at Las Vegas,42107B,Evolve M2
64:18:df:73:f1:c9,2026-08-04 03:54:00,E8X6iojo46RFyYc5zaAI4n7RYMR6jJXK,MVM783 - The Grandview at Las Vegas,61510A,Evolve M2
68:ab:a9:f7:d5:18,2026-08-04 03:54:00,E8X6iojo46RFyYc5zaAI4n7RYMR6jJXK,MVM783 - The Grandview at Las Vegas,2103A,Evolve M2
68:ab:a9:fe:57:b3,2026-08-04 03:54:00,E8X6iojo46RFyYc5zaAI4n7RYMR6jJXK,MVM783 - The Grandview at Las Vegas,41801A,Evolve M2
68:ab:a9:fe:34:4c,2026-08-04 03:54:00,E8X6iojo46RFyYc5zaAI4n7RYMR6jJXK,MVM783 - The Grandview at Las Vegas,1105A@L,Evolve M2
10:2b:aa:51:4e:a8,2026-08-04 03:54:00,E8X6iojo46RFyYc5zaAI4n7RYMR6jJXK,MVM783 - The Grandview at Las Vegas,61504A,Evolve M2
68:ab:a9:fc:f2:22,2026-08-04 03:53:59,E8X6iojo46RFyYc5zaAI4n7RYMR6jJXK,MVM783 - The Grandview at Las Vegas,4703B,Evolve M2
10:2b:aa:51:6b:49,2026-08-04 03:53:59,E8X6iojo46RFyYc5zaAI4n7RYMR6jJXK,MVM783 - The Grandview at Las Vegas,6709A,Evolve M2
68:ab:a9:fb:da:6b,2026-08-04 03:53:59,E8X6iojo46RFyYc5zaAI4n7RYMR6jJXK,MVM783 - The Grandview at Las Vegas,31208B,Evolve M2
64:18:df:74:3a:f8,2026-08-04 03:53:59,E8X6iojo46RFyYc5zaAI4n7RYMR6jJXK,MVM783 - The Grandview at Las Vegas,5909B,Evolve M2
10:2b:aa:51:4f:17,2026-08-04 03:53:59,E8X6iojo46RFyYc5zaAI4n7RYMR6jJXK,MVM783 - The Grandview at Las Vegas,61908A,Evolve M2
68:ab:a9:f8:66:14,2026-08-04 03:53:59,E8X6iojo46RFyYc5zaAI4n7RYMR6jJXK,MVM783 - The Grandview at Las Vegas,1203B,Evolve M2
68:ab:a9:fb:ef:e7,2026-08-04 03:53:59,E8X6iojo46RFyYc5zaAI4n7RYMR6jJXK,MVM783 - The Grandview at Las Vegas,4401B,Evolve M2
68:ab:a9:fc:05:a1,2026-08-04 03:53:58,E8X6iojo46RFyYc5zaAI4n7RYMR6jJXK,MVM783 - The Grandview at Las Vegas,1504B,Evolve M2
64:18:df:74:59:f6,2026-08-04 03:53:58,E8X6iojo46RFyYc5zaAI4n7RYMR6jJXK,MVM783 - The Grandview at Las Vegas,6408A,Evolve M2
68:ab:a9:f8:c1:35,2026-08-04 03:53:57,E8X6iojo46RFyYc5zaAI4n7RYMR6jJXK,MVM783 - The Grandview at Las Vegas,1503A,Evolve M2
10:2b:aa:51:51:7b,2026-08-04 03:53:57,E8X6iojo46RFyYc5zaAI4n7RYMR6jJXK,MVM783 - The Grandview at Las Vegas,6606B,Evolve M2
68:ab:a9:fe:78:23,2026-08-04 03:53:57,E8X6iojo46RFyYc5zaAI4n7RYMR6jJXK,MVM783 - The Grandview at Las Vegas,41702B,Evolve M2
68:ab:a9:fe:d0:e5,2026-08-04 03:53:57,E8X6iojo46RFyYc5zaAI4n7RYMR6jJXK,MVM783 - The Grandview at Las Vegas,42107B,Evolve M2
10:2b:aa:51:fd:60,2026-08-04 03:53:57,E8X6iojo46RFyYc5zaAI4n7RYMR6jJXK,MVM783 - The Grandview at Las Vegas,2205A,Evolve M2
68:ab:a9:fc:8e:0e,2026-08-04 03:53:56,E8X6iojo46RFyYc5zaAI4n7RYMR6jJXK,MVM783 - The Grandview at Las Vegas,81004B,Evolve M2
10:2b:aa:51:4b:cc,2026-08-04 03:53:56,E8X6iojo46RFyYc5zaAI4n7RYMR6jJXK,MVM783 - The Grandview at Las Vegas,3806B,Evolve M2
64:18:df:74:87:41,2026-08-04 03:53:56,E8X6iojo46RFyYc5zaAI4n7RYMR6jJXK,MVM783 - The Grandview at Las Vegas,6901B,Evolve M2
64:18:df:74:08:11,2026-08-04 03:53:56,E8X6iojo46RFyYc5zaAI4n7RYMR6jJXK,MVM783 - The Grandview at Las Vegas,3810A,Evolve M2
10:2b:aa:51:4c:ef,2026-08-04 03:53:56,E8X6iojo46RFyYc5zaAI4n7RYMR6jJXK,MVM783 - The Grandview at Las Vegas,5609A,Evolve M2
68:ab:a9:fe:c9:a5,2026-08-04 03:53:56,E8X6iojo46RFyYc5zaAI4n7RYMR6jJXK,MVM783 - The Grandview at Las Vegas,9808A,Evolve M2
10:2b:aa:51:f4:90,2026-08-04 03:53:56,E8X6iojo46RFyYc5zaAI4n7RYMR6jJXK,MVM783 - The Grandview at Las Vegas,41410A,Evolve M2
64:18:df:74:05:03,2026-08-04 03:53:55,E8X6iojo46RFyYc5zaAI4n7RYMR6jJXK,MVM783 - The Grandview at Las Vegas,51705A,Evolve M2
10:2b:aa:51:5a:4b,2026-08-04 03:53:55,E8X6iojo46RFyYc5zaAI4n7RYMR6jJXK,MVM783 - The Grandview at Las Vegas,3109B,Evolve M2
10:2b:aa:51:4c:6b,2026-08-04 03:53:55,E8X6iojo46RFyYc5zaAI4n7RYMR6jJXK,MVM783 - The Grandview at Las Vegas,61702B,Evolve M2
68:ab:a9:fc:4b:eb,2026-08-04 03:53:55,E8X6iojo46RFyYc5zaAI4n7RYMR6jJXK,MVM783 - The Grandview at Las Vegas,1405A@B,Evolve M2
68:ab:a9:fb:9c:14,2026-08-04 03:53:55,E8X6iojo46RFyYc5zaAI4n7RYMR6jJXK,MVM783 - The Grandview at Las Vegas,1105B@B,Evolve M2
10:2b:aa:51:f5:e3,2026-08-04 03:53:55,E8X6iojo46RFyYc5zaAI4n7RYMR6jJXK,MVM783 - The Grandview at Las Vegas,2408B,Evolve M2
68:ab:a9:ff:09:b8,2026-08-04 03:53:55,E8X6iojo46RFyYc5zaAI4n7RYMR6jJXK,MVM783 - The Grandview at Las Vegas,21008A,Evolve M2
10:2b:aa:51:63:db,2026-08-04 03:53:55,E8X6iojo46RFyYc5zaAI4n7RYMR6jJXK,MVM783 - The Grandview at Las Vegas,3407A,Evolve M2
64:18:df:74:1b:22,2026-08-04 03:53:55,E8X6iojo46RFyYc5zaAI4n7RYMR6jJXK,MVM783 - The Grandview at Las Vegas,51705A,Evolve M2
10:2b:aa:50:c3:25,2026-08-04 03:53:54,E8X6iojo46RFyYc5zaAI4n7RYMR6jJXK,MVM783 - The Grandview at Las Vegas,51101A,Evolve M2
64:18:df:74:03:ab,2026-08-04 03:53:54,E8X6iojo46RFyYc5zaAI4n7RYMR6jJXK,MVM783 - The Grandview at Las Vegas,6202B,Evolve M2
64:18:df:73:c2:b2,2026-08-04 03:53:54,E8X6iojo46RFyYc5zaAI4n7RYMR6jJXK,MVM783 - The Grandview at Las Vegas,5302A,Evolve M2
68:ab:a9:fe:e9:87,2026-08-04 03:53:54,E8X6iojo46RFyYc5zaAI4n7RYMR6jJXK,MVM783 - The Grandview at Las Vegas,41007A,Evolve M2
10:2b:aa:51:5d:2d,2026-08-04 03:53:53,E8X6iojo46RFyYc5zaAI4n7RYMR6jJXK,MVM783 - The Grandview at Las Vegas,3201A,Evolve M2
68:ab:a9:fe:fe:15,2026-08-04 03:53:53,E8X6iojo46RFyYc5zaAI4n7RYMR6jJXK,MVM783 - The Grandview at Las Vegas,1705A,Evolve M2
68:ab:a9:fe:bc:00,2026-08-04 03:53:52,E8X6iojo46RFyYc5zaAI4n7RYMR6jJXK,MVM783 - The Grandview at Las Vegas,3609A,Evolve M2
10:2b:aa:51:ff:f1,2026-08-04 03:53:52,E8X6iojo46RFyYc5zaAI4n7RYMR6jJXK,MVM783 - The Grandview at Las Vegas,31101B,Evolve M2
68:ab:a9:fe:60:f6,2026-08-04 03:53:51,E8X6iojo46RFyYc5zaAI4n7RYMR6jJXK,MVM783 - The Grandview at Las Vegas,9405A,Evolve M2
68:ab:a9:fc:54:2f,2026-08-04 03:53:51,E8X6iojo46RFyYc5zaAI4n7RYMR6jJXK,MVM783 - The Grandview at Las Vegas,21004B,Evolve M2
10:2b:aa:51:5a:51,2026-08-04 03:53:51,E8X6iojo46RFyYc5zaAI4n7RYMR6jJXK,MVM783 - The Grandview at Las Vegas,6801A,Evolve M2
68:ab:a9:f8:e0:2e,2026-08-04 03:53:50,E8X6iojo46RFyYc5zaAI4n7RYMR6jJXK,MVM783 - The Grandview at Las Vegas,3207B,Evolve M2
10:2b:aa:51:f4:21,2026-08-04 03:53:50,E8X6iojo46RFyYc5zaAI4n7RYMR6jJXK,MVM783 - The Grandview at Las Vegas,8506B,Evolve M2
68:ab:a9:fc:48:b5,2026-08-04 03:53:50,E8X6iojo46RFyYc5zaAI4n7RYMR6jJXK,MVM783 - The Grandview at Las Vegas,1203B,Evolve M2
68:ab:a9:f8:44:18,2026-08-04 03:53:50,E8X6iojo46RFyYc5zaAI4n7RYMR6jJXK,MVM783 - The Grandview at Las Vegas,1105B@L,Evolve M2
10:2b:aa:51:60:b1,2026-08-04 03:53:50,E8X6iojo46RFyYc5zaAI4n7RYMR6jJXK,MVM783 - The Grandview at Las Vegas,5801A,Evolve M2
68:ab:a9:f8:82:dc,2026-08-04 03:53:50,E8X6iojo46RFyYc5zaAI4n7RYMR6jJXK,MVM783 - The Grandview at Las Vegas,2501B,Evolve M2
10:2b:aa:51:4e:fc,2026-08-04 03:53:50,E8X6iojo46RFyYc5zaAI4n7RYMR6jJXK,MVM783 - The Grandview at Las Vegas,9904A,Evolve M2
10:2b:aa:51:4d:0a,2026-08-04 03:53:49,E8X6iojo46RFyYc5zaAI4n7RYMR6jJXK,MVM783 - The Grandview at Las Vegas,61510B,Evolve M2
64:18:df:74:1d:e1,2026-08-04 03:53:49,E8X6iojo46RFyYc5zaAI4n7RYMR6jJXK,MVM783 - The Grandview at Las Vegas,51910B,Evolve M2
64:18:df:74:12:cc,2026-08-04 03:53:49,E8X6iojo46RFyYc5zaAI4n7RYMR6jJXK,MVM783 - The Grandview at Las Vegas,4406B,Evolve M2
64:18:df:73:c1:41,2026-08-04 03:53:48,E8X6iojo46RFyYc5zaAI4n7RYMR6jJXK,MVM783 - The Grandview at Las Vegas,6102A,Evolve M2
10:2b:aa:51:52:b6,2026-08-04 03:53:48,E8X6iojo46RFyYc5zaAI4n7RYMR6jJXK,MVM783 - The Grandview at Las Vegas,51210A,Evolve M2
10:2b:aa:51:f4:1b,2026-08-04 03:53:48,E8X6iojo46RFyYc5zaAI4n7RYMR6jJXK,MVM783 - The Grandview at Las Vegas,8601B,Evolve M2
10:2b:aa:51:4b:24,2026-08-04 03:53:48,E8X6iojo46RFyYc5zaAI4n7RYMR6jJXK,MVM783 - The Grandview at Las Vegas,3802A,Evolve M2
68:ab:a9:ff:1c:7c,2026-08-04 03:53:48,E8X6iojo46RFyYc5zaAI4n7RYMR6jJXK,MVM783 - The Grandview at Las Vegas,5502A,Evolve M2
10:2b:aa:51:4e:6c,2026-08-04 03:53:47,E8X6iojo46RFyYc5zaAI4n7RYMR6jJXK,MVM783 - The Grandview at Las Vegas,52104B,Evolve M2
68:ab:a9:fc:52:1e,2026-08-04 03:53:47,E8X6iojo46RFyYc5zaAI4n7RYMR6jJXK,MVM783 - The Grandview at Las Vegas,9503A,Evolve M2
64:18:df:73:f0:28,2026-08-04 03:53:47,E8X6iojo46RFyYc5zaAI4n7RYMR6jJXK,MVM783 - The Grandview at Las Vegas,6205A,Evolve M2
10:2b:aa:51:fe:bc,2026-08-04 03:53:47,E8X6iojo46RFyYc5zaAI4n7RYMR6jJXK,MVM783 - The Grandview at Las Vegas,41107B,Evolve M2
68:ab:a9:ff:01:f9,2026-08-04 03:53:47,E8X6iojo46RFyYc5zaAI4n7RYMR6jJXK,MVM783 - The Grandview at Las Vegas,91006B,Evolve M2
68:ab:a9:fe:fa:8e,2026-08-04 03:53:46,E8X6iojo46RFyYc5zaAI4n7RYMR6jJXK,MVM783 - The Grandview at Las Vegas,51207B,Evolve M2
10:2b:aa:51:6b:b2,2026-08-04 03:53:46,E8X6iojo46RFyYc5zaAI4n7RYMR6jJXK,MVM783 - The Grandview at Las Vegas,4806B,Evolve M2
10:2b:aa:51:61:3e,2026-08-04 03:53:46,E8X6iojo46RFyYc5zaAI4n7RYMR6jJXK,MVM783 - The Grandview at Las Vegas,5602B,Evolve M2
10:2b:aa:51:f6:be,2026-08-04 03:53:46,E8X6iojo46RFyYc5zaAI4n7RYMR6jJXK,MVM783 - The Grandview at Las Vegas,8606B,Evolve M2
68:ab:a9:f9:e0:b3,2026-08-04 03:53:46,E8X6iojo46RFyYc5zaAI4n7RYMR6jJXK,MVM783 - The Grandview at Las Vegas,6204A,Evolve M2
10:2b:aa:51:54:3c,2026-08-04 03:53:46,E8X6iojo46RFyYc5zaAI4n7RYMR6jJXK,MVM783 - The Grandview at Las Vegas,41103B,Evolve M2
10:2b:aa:51:f3:cd,2026-08-04 03:53:45,E8X6iojo46RFyYc5zaAI4n7RYMR6jJXK,MVM783 - The Grandview at Las Vegas,8106A,Evolve M2
64:18:df:73:c5:50,2026-08-04 03:53:45,E8X6iojo46RFyYc5zaAI4n7RYMR6jJXK,MVM783 - The Grandview at Las Vegas,3201A,Evolve M2
10:2b:aa:51:fd:d8,2026-08-04 03:53:45,E8X6iojo46RFyYc5zaAI4n7RYMR6jJXK,MVM783 - The Grandview at Las Vegas,9502A,Evolve M2
10:2b:aa:51:55:44,2026-08-04 03:53:45,E8X6iojo46RFyYc5zaAI4n7RYMR6jJXK,MVM783 - The Grandview at Las Vegas,61903B,Evolve M2
64:18:df:73:ec:11,2026-08-04 03:53:44,E8X6iojo46RFyYc5zaAI4n7RYMR6jJXK,MVM783 - The Grandview at Las Vegas,4707A,Evolve M2
64:18:df:73:ec:92,2026-08-04 03:53:44,E8X6iojo46RFyYc5zaAI4n7RYMR6jJXK,MVM783 - The Grandview at Las Vegas,91101A,Evolve M2
68:ab:a9:fe:35:b1,2026-08-04 03:53:44,E8X6iojo46RFyYc5zaAI4n7RYMR6jJXK,MVM783 - The Grandview at Las Vegas,42106B,Evolve M2
68:ab:a9:f8:84:ae,2026-08-04 03:53:44,E8X6iojo46RFyYc5zaAI4n7RYMR6jJXK,MVM783 - The Grandview at Las Vegas,2208A,Evolve M2
10:2b:aa:51:fd:e1,2026-08-04 03:53:43,E8X6iojo46RFyYc5zaAI4n7RYMR6jJXK,MVM783 - The Grandview at Las Vegas,8108A,Evolve M2
68:ab:a9:fc:3b:8c,2026-08-04 03:53:43,E8X6iojo46RFyYc5zaAI4n7RYMR6jJXK,MVM783 - The Grandview at Las Vegas,9205A,Evolve M2
64:18:df:73:e0:53,2026-08-04 03:53:43,E8X6iojo46RFyYc5zaAI4n7RYMR6jJXK,MVM783 - The Grandview at Las Vegas,61604A,Evolve M2
64:18:df:74:83:52,2026-08-04 03:53:43,E8X6iojo46RFyYc5zaAI4n7RYMR6jJXK,MVM783 - The Grandview at Las Vegas,4510A,Evolve M2
10:2b:aa:51:6a:bf,2026-08-04 03:53:43,E8X6iojo46RFyYc5zaAI4n7RYMR6jJXK,MVM783 - The Grandview at Las Vegas,5510A,Evolve M2
10:2b:aa:51:55:4a,2026-08-04 03:53:42,E8X6iojo46RFyYc5zaAI4n7RYMR6jJXK,MVM783 - The Grandview at Las Vegas,4303A,Evolve M2
68:ab:a9:fe:d5:fd,2026-08-04 03:53:42,E8X6iojo46RFyYc5zaAI4n7RYMR6jJXK,MVM783 - The Grandview at Las Vegas,2105B,Evolve M2
10:2b:aa:51:4b:39,2026-08-04 03:53:42,E8X6iojo46RFyYc5zaAI4n7RYMR6jJXK,MVM783 - The Grandview at Las Vegas,3807A,Evolve M2
68:ab:a9:fb:ff:b4,2026-08-04 03:53:42,E8X6iojo46RFyYc5zaAI4n7RYMR6jJXK,MVM783 - The Grandview at Las Vegas,3209A,Evolve M2
10:2b:aa:51:5a:06,2026-08-04 03:53:41,E8X6iojo46RFyYc5zaAI4n7RYMR6jJXK,MVM783 - The Grandview at Las Vegas,51407A,Evolve M2
68:ab:a9:fe:56:54,2026-08-04 03:53:41,E8X6iojo46RFyYc5zaAI4n7RYMR6jJXK,MVM783 - The Grandview at Las Vegas,41605B,Evolve M2
64:18:df:73:c6:9d,2026-08-04 03:53:41,E8X6iojo46RFyYc5zaAI4n7RYMR6jJXK,MVM783 - The Grandview at Las Vegas,5509A,Evolve M2
68:ab:a9:fc:d5:28,2026-08-04 03:53:41,E8X6iojo46RFyYc5zaAI4n7RYMR6jJXK,MVM783 - The Grandview at Las Vegas,5807A,Evolve M2
10:2b:aa:51:4e:1b,2026-08-04 03:53:40,E8X6iojo46RFyYc5zaAI4n7RYMR6jJXK,MVM783 - The Grandview at Las Vegas,4506A,Evolve M2
10:2b:aa:51:ff:a0,2026-08-04 03:53:40,E8X6iojo46RFyYc5zaAI4n7RYMR6jJXK,MVM783 - The Grandview at Las Vegas,2605B,Evolve M2
64:18:df:73:fa:ff,2026-08-04 03:53:40,E8X6iojo46RFyYc5zaAI4n7RYMR6jJXK,MVM783 - The Grandview at Las Vegas,4303A,Evolve M2
68:ab:a9:fc:47:36,2026-08-04 03:53:40,E8X6iojo46RFyYc5zaAI4n7RYMR6jJXK,MVM783 - The Grandview at Las Vegas,2307B,Evolve M2
10:2b:aa:51:51:cf,2026-08-04 03:53:40,E8X6iojo46RFyYc5zaAI4n7RYMR6jJXK,MVM783 - The Grandview at Las Vegas,51204A,Evolve M2
10:2b:aa:51:51:7e,2026-08-04 03:53:39,E8X6iojo46RFyYc5zaAI4n7RYMR6jJXK,MVM783 - The Grandview at Las Vegas,41407A,Evolve M2
10:2b:aa:51:52:e9,2026-08-04 03:53:39,E8X6iojo46RFyYc5zaAI4n7RYMR6jJXK,MVM783 - The Grandview at Las Vegas,51210B,Evolve M2
10:2b:aa:51:6c:5d,2026-08-04 03:53:39,E8X6iojo46RFyYc5zaAI4n7RYMR6jJXK,MVM783 - The Grandview at Las Vegas,8101A,Evolve M2
10:2b:aa:51:5c:4f,2026-08-04 03:53:39,E8X6iojo46RFyYc5zaAI4n7RYMR6jJXK,MVM783 - The Grandview at Las Vegas,5810B,Evolve M2
10:2b:aa:51:4d:6a,2026-08-04 03:53:38,E8X6iojo46RFyYc5zaAI4n7RYMR6jJXK,MVM783 - The Grandview at Las Vegas,61407A,Evolve M2
10:2b:aa:51:5f:e2,2026-08-04 03:53:38,E8X6iojo46RFyYc5zaAI4n7RYMR6jJXK,MVM783 - The Grandview at Las Vegas,61406A,Evolve M2
10:2b:aa:50:be:5d,2026-08-04 03:53:38,E8X6iojo46RFyYc5zaAI4n7RYMR6jJXK,MVM783 - The Grandview at Las Vegas,4709A,Evolve M2
68:ab:a9:fc:97:a7,2026-08-04 03:53:38,E8X6iojo46RFyYc5zaAI4n7RYMR6jJXK,MVM783 - The Grandview at Las Vegas,1405B@L,Evolve M2
10:2b:aa:51:54:09,2026-08-04 03:53:38,E8X6iojo46RFyYc5zaAI4n7RYMR6jJXK,MVM783 - The Grandview at Las Vegas,8804A,Evolve M2
10:2b:aa:51:5a:3c,2026-08-04 03:53:38,E8X6iojo46RFyYc5zaAI4n7RYMR6jJXK,MVM783 - The Grandview at Las Vegas,3109A,Evolve M2
10:2b:aa:51:54:4e,2026-08-04 03:53:38,E8X6iojo46RFyYc5zaAI4n7RYMR6jJXK,MVM783 - The Grandview at Las Vegas,4402A,Evolve M2
64:18:df:73:a8:0c,2026-08-04 03:53:37,E8X6iojo46RFyYc5zaAI4n7RYMR6jJXK,MVM783 - The Grandview at Las Vegas,3902A,Evolve M2
68:ab:a9:fe:b4:12,2026-08-04 03:53:37,E8X6iojo46RFyYc5zaAI4n7RYMR6jJXK,MVM783 - The Grandview at Las Vegas,4410A,Evolve M2
64:18:df:74:37:06,2026-08-04 03:53:37,E8X6iojo46RFyYc5zaAI4n7RYMR6jJXK,MVM783 - The Grandview at Las Vegas,51910B,Evolve M2
64:18:df:73:d7:0b,2026-08-04 03:53:37,E8X6iojo46RFyYc5zaAI4n7RYMR6jJXK,MVM783 - The Grandview at Las Vegas,91203B,Evolve M2
68:ab:a9:f8:35:ce,2026-08-04 03:53:36,E8X6iojo46RFyYc5zaAI4n7RYMR6jJXK,MVM783 - The Grandview at Las Vegas,11006A,Evolve M2
10:2b:aa:51:60:9f,2026-08-04 03:53:36,E8X6iojo46RFyYc5zaAI4n7RYMR6jJXK,MVM783 - The Grandview at Las Vegas,5302A,Evolve M2
10:2b:aa:51:fe:cb,2026-08-04 03:53:36,E8X6iojo46RFyYc5zaAI4n7RYMR6jJXK,MVM783 - The Grandview at Las Vegas,41607A,Evolve M2
10:2b:aa:51:6b:eb,2026-08-04 03:53:35,E8X6iojo46RFyYc5zaAI4n7RYMR6jJXK,MVM783 - The Grandview at Las Vegas,51803B,Evolve M2
68:ab:a9:fd:e8:96,2026-08-04 03:53:35,E8X6iojo46RFyYc5zaAI4n7RYMR6jJXK,MVM783 - The Grandview at Las Vegas,42002A,Evolve M2
64:18:df:73:a9:ec,2026-08-04 03:53:35,E8X6iojo46RFyYc5zaAI4n7RYMR6jJXK,MVM783 - The Grandview at Las Vegas,41410A,Evolve M2
10:2b:aa:51:69:3c,2026-08-04 03:53:35,E8X6iojo46RFyYc5zaAI4n7RYMR6jJXK,MVM783 - The Grandview at Las Vegas,51010B,Evolve M2
68:ab:a9:fb:be:86,2026-08-04 03:53:35,E8X6iojo46RFyYc5zaAI4n7RYMR6jJXK,MVM783 - The Grandview at Las Vegas,3910A,Evolve M2
10:2b:aa:51:50:37,2026-08-04 03:53:34,E8X6iojo46RFyYc5zaAI4n7RYMR6jJXK,MVM783 - The Grandview at Las Vegas,51406A,Evolve M2
68:ab:a9:fe:e6:5d,2026-08-04 03:53:34,E8X6iojo46RFyYc5zaAI4n7RYMR6jJXK,MVM783 - The Grandview at Las Vegas,41601A,Evolve M2
10:2b:aa:51:5a:7b,2026-08-04 03:53:34,E8X6iojo46RFyYc5zaAI4n7RYMR6jJXK,MVM783 - The Grandview at Las Vegas,3304A,Evolve M2
64:18:df:73:ad:6d,2026-08-04 03:53:34,E8X6iojo46RFyYc5zaAI4n7RYMR6jJXK,MVM783 - The Grandview at Las Vegas,62109A,Evolve M2
68:ab:a9:fc:23:01,2026-08-04 03:53:33,E8X6iojo46RFyYc5zaAI4n7RYMR6jJXK,MVM783 - The Grandview at Las Vegas,21206A,Evolve M2
10:2b:aa:51:fa:18,2026-08-04 03:53:33,E8X6iojo46RFyYc5zaAI4n7RYMR6jJXK,MVM783 - The Grandview at Las Vegas,9107A,Evolve M2
64:18:df:74:03:e8,2026-08-04 03:53:33,E8X6iojo46RFyYc5zaAI4n7RYMR6jJXK,MVM783 - The Grandview at Las Vegas,41601B,Evolve M2
10:2b:aa:51:49:38,2026-08-04 03:53:33,E8X6iojo46RFyYc5zaAI4n7RYMR6jJXK,MVM783 - The Grandview at Las Vegas,51201B,Evolve M2
64:18:df:73:fd:f7,2026-08-04 03:53:33,E8X6iojo46RFyYc5zaAI4n7RYMR6jJXK,MVM783 - The Grandview at Las Vegas,3502A,Evolve M2
10:2b:aa:51:57:a8,2026-08-04 03:53:33,E8X6iojo46RFyYc5zaAI4n7RYMR6jJXK,MVM783 - The Grandview at Las Vegas,61904B,Evolve M2
68:ab:a9:f8:61:7c,2026-08-04 03:53:33,E8X6iojo46RFyYc5zaAI4n7RYMR6jJXK,MVM783 - The Grandview at Las Vegas,1505A@B,Evolve M2
10:2b:aa:51:55:71,2026-08-04 03:53:32,E8X6iojo46RFyYc5zaAI4n7RYMR6jJXK,MVM783 - The Grandview at Las Vegas,51504B,Evolve M2
64:18:df:74:34:b0,2026-08-04 03:53:32,E8X6iojo46RFyYc5zaAI4n7RYMR6jJXK,MVM783 - The Grandview at Las Vegas,41908B,Evolve M2
68:ab:a9:f7:fc:89,2026-08-04 03:53:32,E8X6iojo46RFyYc5zaAI4n7RYMR6jJXK,MVM783 - The Grandview at Las Vegas,3106A,Evolve M2
10:2b:aa:51:61:3b,2026-08-04 03:53:32,E8X6iojo46RFyYc5zaAI4n7RYMR6jJXK,MVM783 - The Grandview at Las Vegas,4202B,Evolve M2
10:2b:aa:51:66:bd,2026-08-04 03:53:32,E8X6iojo46RFyYc5zaAI4n7RYMR6jJXK,MVM783 - The Grandview at Las Vegas,51602A,Evolve M2
10:2b:aa:51:5b:4a,2026-08-04 03:53:31,E8X6iojo46RFyYc5zaAI4n7RYMR6jJXK,MVM783 - The Grandview at Las Vegas,9106A,Evolve M2
64:18:df:74:82:fb,2026-08-04 03:53:31,E8X6iojo46RFyYc5zaAI4n7RYMR6jJXK,MVM783 - The Grandview at Las Vegas,41910B,Evolve M2
68:ab:a9:fc:2e:cf,2026-08-04 03:53:31,E8X6iojo46RFyYc5zaAI4n7RYMR6jJXK,MVM783 - The Grandview at Las Vegas,3110B,Evolve M2
64:18:df:73:f0:2e,2026-08-04 03:53:31,E8X6iojo46RFyYc5zaAI4n7RYMR6jJXK,MVM783 - The Grandview at Las Vegas,5903A,Evolve M2
68:ab:a9:ff:1d:f4,2026-08-04 03:53:31,E8X6iojo46RFyYc5zaAI4n7RYMR6jJXK,MVM783 - The Grandview at Las Vegas,9906B,Evolve M2
64:18:df:73:eb:c3,2026-08-04 03:53:31,E8X6iojo46RFyYc5zaAI4n7RYMR6jJXK,MVM783 - The Grandview at Las Vegas,31102A,Evolve M2
10:2b:aa:51:57:48,2026-08-04 03:53:31,E8X6iojo46RFyYc5zaAI4n7RYMR6jJXK,MVM783 - The Grandview at Las Vegas,8407A,Evolve M2
64:18:df:74:16:a9,2026-08-04 03:53:30,E8X6iojo46RFyYc5zaAI4n7RYMR6jJXK,MVM783 - The Grandview at Las Vegas,6708A,Evolve M2
10:2b:aa:51:68:91,2026-08-04 03:53:30,E8X6iojo46RFyYc5zaAI4n7RYMR6jJXK,MVM783 - The Grandview at Las Vegas,41809A,Evolve M2
10:2b:aa:51:54:9f,2026-08-04 03:53:30,E8X6iojo46RFyYc5zaAI4n7RYMR6jJXK,MVM783 - The Grandview at Las Vegas,51804A,Evolve M2
10:2b:aa:51:52:68,2026-08-04 03:53:30,E8X6iojo46RFyYc5zaAI4n7RYMR6jJXK,MVM783 - The Grandview at Las Vegas,4405B,Evolve M2
64:18:df:73:eb:60,2026-08-04 03:53:30,E8X6iojo46RFyYc5zaAI4n7RYMR6jJXK,MVM783 - The Grandview at Las Vegas,42108B,Evolve M2
68:ab:a9:fe:24:0b,2026-08-04 03:53:30,E8X6iojo46RFyYc5zaAI4n7RYMR6jJXK,MVM783 - The Grandview at Las Vegas,11003A,Evolve M2
10:2b:aa:51:f6:2e,2026-08-04 03:53:29,E8X6iojo46RFyYc5zaAI4n7RYMR6jJXK,MVM783 - The Grandview at Las Vegas,9210A,Evolve M2
10:2b:aa:51:60:63,2026-08-04 03:53:29,E8X6iojo46RFyYc5zaAI4n7RYMR6jJXK,MVM783 - The Grandview at Las Vegas,5703A,Evolve M2
68:ab:a9:ff:01:38,2026-08-04 03:53:29,E8X6iojo46RFyYc5zaAI4n7RYMR6jJXK,MVM783 - The Grandview at Las Vegas,1802A@L,Evolve M2
68:ab:a9:ff:0a:30,2026-08-04 03:53:29,E8X6iojo46RFyYc5zaAI4n7RYMR6jJXK,MVM783 - The Grandview at Las Vegas,6806A,Evolve M2
64:18:df:73:eb:18,2026-08-04 03:53:29,E8X6iojo46RFyYc5zaAI4n7RYMR6jJXK,MVM783 - The Grandview at Las Vegas,41505B,Evolve M2
10:2b:aa:51:68:e2,2026-08-04 03:53:29,E8X6iojo46RFyYc5zaAI4n7RYMR6jJXK,MVM783 - The Grandview at Las Vegas,41810A,Evolve M2
68:ab:a9:f8:20:13,2026-08-04 03:53:28,E8X6iojo46RFyYc5zaAI4n7RYMR6jJXK,MVM783 - The Grandview at Las Vegas,1204B,Evolve M2
68:ab:a9:fe:9b:be,2026-08-04 03:53:28,E8X6iojo46RFyYc5zaAI4n7RYMR6jJXK,MVM783 - The Grandview at Las Vegas,2204A,Evolve M2
10:2b:aa:51:fa:42,2026-08-04 03:53:28,E8X6iojo46RFyYc5zaAI4n7RYMR6jJXK,MVM783 - The Grandview at Las Vegas,81102B,Evolve M2
10:2b:aa:51:64:aa,2026-08-04 03:53:28,E8X6iojo46RFyYc5zaAI4n7RYMR6jJXK,MVM783 - The Grandview at Las Vegas,61204A,Evolve M2
64:18:df:74:82:97,2026-08-04 03:53:28,E8X6iojo46RFyYc5zaAI4n7RYMR6jJXK,MVM783 - The Grandview at Las Vegas,42006A,Evolve M2
68:ab:a9:fc:33:7d,2026-08-04 03:53:28,E8X6iojo46RFyYc5zaAI4n7RYMR6jJXK,MVM783 - The Grandview at Las Vegas,2602A,Evolve M2
64:18:df:74:94:a7,2026-08-04 03:53:28,E8X6iojo46RFyYc5zaAI4n7RYMR6jJXK,MVM783 - The Grandview at Las Vegas,3605B,Evolve M2
10:2b:aa:51:4d:5e,2026-08-04 03:53:28,E8X6iojo46RFyYc5zaAI4n7RYMR6jJXK,MVM783 - The Grandview at Las Vegas,61708A,Evolve M2
68:ab:a9:fb:d3:f3,2026-08-04 03:53:28,E8X6iojo46RFyYc5zaAI4n7RYMR6jJXK,MVM783 - The Grandview at Las Vegas,2807A,Evolve M2
64:18:df:73:c5:41,2026-08-04 03:53:27,E8X6iojo46RFyYc5zaAI4n7RYMR6jJXK,MVM783 - The Grandview at Las Vegas,4101A,Evolve M2
68:ab:a9:fe:4c:67,2026-08-04 03:53:27,E8X6iojo46RFyYc5zaAI4n7RYMR6jJXK,MVM783 - The Grandview at Las Vegas,9103B,Evolve M2
10:2b:aa:51:4f:83,2026-08-04 03:53:27,E8X6iojo46RFyYc5zaAI4n7RYMR6jJXK,MVM783 - The Grandview at Las Vegas,61701B,Evolve M2
10:2b:aa:51:fc:b2,2026-08-04 03:53:27,E8X6iojo46RFyYc5zaAI4n7RYMR6jJXK,MVM783 - The Grandview at Las Vegas,2408B,Evolve M2
68:ab:a9:fc:96:d1,2026-08-04 03:53:26,E8X6iojo46RFyYc5zaAI4n7RYMR6jJXK,MVM783 - The Grandview at Las Vegas,1602A@L,Evolve M2
68:ab:a9:fd:6b:a9,2026-08-04 03:53:26,E8X6iojo46RFyYc5zaAI4n7RYMR6jJXK,MVM783 - The Grandview at Las Vegas,91002B,Evolve M2
10:2b:aa:51:67:14,2026-08-04 03:53:26,E8X6iojo46RFyYc5zaAI4n7RYMR6jJXK,MVM783 - The Grandview at Las Vegas,9206B,Evolve M2
68:ab:a9:fe:f6:fd,2026-08-04 03:53:26,E8X6iojo46RFyYc5zaAI4n7RYMR6jJXK,MVM783 - The Grandview at Las Vegas,6803B,Evolve M2
10:2b:aa:51:5e:6e,2026-08-04 03:53:26,E8X6iojo46RFyYc5zaAI4n7RYMR6jJXK,MVM783 - The Grandview at Las Vegas,6606A,Evolve M2
68:ab:a9:fb:8c:99,2026-08-04 03:53:26,E8X6iojo46RFyYc5zaAI4n7RYMR6jJXK,MVM783 - The Grandview at Las Vegas,3102B,Evolve M2
10:2b:aa:51:4e:0f,2026-08-04 03:53:26,E8X6iojo46RFyYc5zaAI4n7RYMR6jJXK,MVM783 - The Grandview at Las Vegas,4506A,Evolve M2
64:18:df:74:4d:35,2026-08-04 03:53:25,E8X6iojo46RFyYc5zaAI4n7RYMR6jJXK,MVM783 - The Grandview at Las Vegas,61906B,Evolve M2
10:2b:aa:51:fe:e9,2026-08-04 03:53:25,E8X6iojo46RFyYc5zaAI4n7RYMR6jJXK,MVM783 - The Grandview at Las Vegas,8908B,Evolve M2
10:2b:aa:51:5d:fc,2026-08-04 03:53:25,E8X6iojo46RFyYc5zaAI4n7RYMR6jJXK,MVM783 - The Grandview at Las Vegas,6108A,Evolve M2
10:2b:aa:51:60:51,2026-08-04 03:53:25,E8X6iojo46RFyYc5zaAI4n7RYMR6jJXK,MVM783 - The Grandview at Las Vegas,5701A,Evolve M2
68:ab:a9:fe:97:f6,2026-08-04 03:53:25,E8X6iojo46RFyYc5zaAI4n7RYMR6jJXK,MVM783 - The Grandview at Las Vegas,6602B,Evolve M2
10:2b:aa:51:5d:03,2026-08-04 03:53:24,E8X6iojo46RFyYc5zaAI4n7RYMR6jJXK,MVM783 - The Grandview at Las Vegas,5702B,Evolve M2
64:18:df:74:81:f7,2026-08-04 03:53:24,E8X6iojo46RFyYc5zaAI4n7RYMR6jJXK,MVM783 - The Grandview at Las Vegas,6701B,Evolve M2
68:ab:a9:fe:f1:52,2026-08-04 03:53:24,E8X6iojo46RFyYc5zaAI4n7RYMR6jJXK,MVM783 - The Grandview at Las Vegas,4103B,Evolve M2
10:2b:aa:51:69:15,2026-08-04 03:53:23,E8X6iojo46RFyYc5zaAI4n7RYMR6jJXK,MVM783 - The Grandview at Las Vegas,3705B,Evolve M2
10:2b:aa:51:f8:26,2026-08-04 03:53:23,E8X6iojo46RFyYc5zaAI4n7RYMR6jJXK,MVM783 - The Grandview at Las Vegas,2408A,Evolve M2
64:18:df:73:bb:d5,2026-08-04 03:53:23,E8X6iojo46RFyYc5zaAI4n7RYMR6jJXK,MVM783 - The Grandview at Las Vegas,52110A,Evolve M2
10:2b:aa:51:fa:51,2026-08-04 03:53:23,E8X6iojo46RFyYc5zaAI4n7RYMR6jJXK,MVM783 - The Grandview at Las Vegas,9308A,Evolve M2
10:2b:aa:51:58:86,2026-08-04 03:53:23,E8X6iojo46RFyYc5zaAI4n7RYMR6jJXK,MVM783 - The Grandview at Las Vegas,61903A,Evolve M2
10:2b:aa:51:ee:d5,2026-08-04 03:53:23,E8X6iojo46RFyYc5zaAI4n7RYMR6jJXK,MVM783 - The Grandview at Las Vegas,9310A,Evolve M2
64:18:df:74:5a:ce,2026-08-04 03:53:23,E8X6iojo46RFyYc5zaAI4n7RYMR6jJXK,MVM783 - The Grandview at Las Vegas,6402A,Evolve M2
68:ab:a9:fe:4f:97,2026-08-04 03:53:23,E8X6iojo46RFyYc5zaAI4n7RYMR6jJXK,MVM783 - The Grandview at Las Vegas,62003B,Evolve M2
68:ab:a9:ff:00:a1,2026-08-04 03:53:22,E8X6iojo46RFyYc5zaAI4n7RYMR6jJXK,MVM783 - The Grandview at Las Vegas,51503A,Evolve M2
64:18:df:73:c6:31,2026-08-04 03:53:22,E8X6iojo46RFyYc5zaAI4n7RYMR6jJXK,MVM783 - The Grandview at Las Vegas,3503A,Evolve M2
68:ab:a9:fe:bf:e3,2026-08-04 03:53:22,E8X6iojo46RFyYc5zaAI4n7RYMR6jJXK,MVM783 - The Grandview at Las Vegas,8502B,Evolve M2
68:ab:a9:fc:28:81,2026-08-04 03:53:22,E8X6iojo46RFyYc5zaAI4n7RYMR6jJXK,MVM783 - The Grandview at Las Vegas,1803A@B,Evolve M2
64:18:df:74:32:b6,2026-08-04 03:53:22,E8X6iojo46RFyYc5zaAI4n7RYMR6jJXK,MVM783 - The Grandview at Las Vegas,41901B,Evolve M2
10:2b:aa:51:f8:1d,2026-08-04 03:53:22,E8X6iojo46RFyYc5zaAI4n7RYMR6jJXK,MVM783 - The Grandview at Las Vegas,2401A,Evolve M2
64:18:df:73:de:3d,2026-08-04 03:53:21,E8X6iojo46RFyYc5zaAI4n7RYMR6jJXK,MVM783 - The Grandview at Las Vegas,31209B,Evolve M2
64:18:df:74:5e:bb,2026-08-04 03:53:21,E8X6iojo46RFyYc5zaAI4n7RYMR6jJXK,MVM783 - The Grandview at Las Vegas,6901B,Evolve M2
10:2b:aa:51:fa:2a,2026-08-04 03:53:21,E8X6iojo46RFyYc5zaAI4n7RYMR6jJXK,MVM783 - The Grandview at Las Vegas,8701A,Evolve M2
10:2b:aa:51:f9:fd,2026-08-04 03:53:21,E8X6iojo46RFyYc5zaAI4n7RYMR6jJXK,MVM783 - The Grandview at Las Vegas,81102B,Evolve M2
10:2b:aa:51:f7:54,2026-08-04 03:53:21,E8X6iojo46RFyYc5zaAI4n7RYMR6jJXK,MVM783 - The Grandview at Las Vegas,2705A,Evolve M2
10:2b:aa:51:66:96,2026-08-04 03:53:21,E8X6iojo46RFyYc5zaAI4n7RYMR6jJXK,MVM783 - The Grandview at Las Vegas,61107A,Evolve M2
10:2b:aa:51:5c:61,2026-08-04 03:53:20,E8X6iojo46RFyYc5zaAI4n7RYMR6jJXK,MVM783 - The Grandview at Las Vegas,5204A,Evolve M2
68:ab:a9:f7:c2:02,2026-08-04 03:53:20,E8X6iojo46RFyYc5zaAI4n7RYMR6jJXK,MVM783 - The Grandview at Las Vegas,9805B,Evolve M2
10:2b:aa:51:fe:5f,2026-08-04 03:53:20,E8X6iojo46RFyYc5zaAI4n7RYMR6jJXK,MVM783 - The Grandview at Las Vegas,1904B,Evolve M2
64:18:df:74:4e:ff,2026-08-04 03:53:20,E8X6iojo46RFyYc5zaAI4n7RYMR6jJXK,MVM783 - The Grandview at Las Vegas,42010B,Evolve M2
68:ab:a9:fe:7d:3b,2026-08-04 03:53:20,E8X6iojo46RFyYc5zaAI4n7RYMR6jJXK,MVM783 - The Grandview at Las Vegas,4901A,Evolve M2
68:ab:a9:fc:24:27,2026-08-04 03:53:20,E8X6iojo46RFyYc5zaAI4n7RYMR6jJXK,MVM783 - The Grandview at Las Vegas,31208B,Evolve M2
68:ab:a9:f7:b4:ab,2026-08-04 03:53:19,E8X6iojo46RFyYc5zaAI4n7RYMR6jJXK,MVM783 - The Grandview at Las Vegas,9805B,Evolve M2
64:18:df:73:c6:34,2026-08-04 03:53:19,E8X6iojo46RFyYc5zaAI4n7RYMR6jJXK,MVM783 - The Grandview at Las Vegas,51509B,Evolve M2
10:2b:aa:51:54:8d,2026-08-04 03:53:19,E8X6iojo46RFyYc5zaAI4n7RYMR6jJXK,MVM783 - The Grandview at Las Vegas,5103A,Evolve M2
10:2b:aa:51:66:72,2026-08-04 03:53:18,E8X6iojo46RFyYc5zaAI4n7RYMR6jJXK,MVM783 - The Grandview at Las Vegas,5402B,Evolve M2
68:ab:a9:fc:12:23,2026-08-04 03:53:18,E8X6iojo46RFyYc5zaAI4n7RYMR6jJXK,MVM783 - The Grandview at Las Vegas,1108A,Evolve M2
10:2b:aa:50:c3:37,2026-08-04 03:53:18,E8X6iojo46RFyYc5zaAI4n7RYMR6jJXK,MVM783 - The Grandview at Las Vegas,51103B,Evolve M2
10:2b:aa:51:5c:25,2026-08-04 03:53:18,E8X6iojo46RFyYc5zaAI4n7RYMR6jJXK,MVM783 - The Grandview at Las Vegas,5603A,Evolve M2
10:2b:aa:51:4e:a2,2026-08-04 03:53:17,E8X6iojo46RFyYc5zaAI4n7RYMR6jJXK,MVM783 - The Grandview at Las Vegas,8805A,Evolve M2
68:ab:a9:ff:02:1b,2026-08-04 03:53:17,E8X6iojo46RFyYc5zaAI4n7RYMR6jJXK,MVM783 - The Grandview at Las Vegas,1803B@B,Evolve M2
64:18:df:74:27:de,2026-08-04 03:53:17,E8X6iojo46RFyYc5zaAI4n7RYMR6jJXK,MVM783 - The Grandview at Las Vegas,62105A,Evolve M2
68:ab:a9:fe:b0:db,2026-08-04 03:53:17,E8X6iojo46RFyYc5zaAI4n7RYMR6jJXK,MVM783 - The Grandview at Las Vegas,3607B,Evolve M2
68:ab:a9:f8:8e:94,2026-08-04 03:53:17,E8X6iojo46RFyYc5zaAI4n7RYMR6jJXK,MVM783 - The Grandview at Las Vegas,2501A,Evolve M2
64:18:df:74:4f:2d,2026-08-04 03:53:17,E8X6iojo46RFyYc5zaAI4n7RYMR6jJXK,MVM783 - The Grandview at Las Vegas,41901A,Evolve M2
68:ab:a9:fb:1d:c6,2026-08-04 03:53:16,E8X6iojo46RFyYc5zaAI4n7RYMR6jJXK,MVM783 - The Grandview at Las Vegas,6604A,Evolve M2
10:2b:aa:51:52:8c,2026-08-04 03:53:15,E8X6iojo46RFyYc5zaAI4n7RYMR6jJXK,MVM783 - The Grandview at Las Vegas,51001A,Evolve M2
10:2b:aa:51:62:22,2026-08-04 03:53:15,E8X6iojo46RFyYc5zaAI4n7RYMR6jJXK,MVM783 - The Grandview at Las Vegas,91201A,Evolve M2
10:2b:aa:51:51:3f,2026-08-04 03:53:15,E8X6iojo46RFyYc5zaAI4n7RYMR6jJXK,MVM783 - The Grandview at Las Vegas,6108B,Evolve M2
68:ab:a9:fe:39:80,2026-08-04 03:53:15,E8X6iojo46RFyYc5zaAI4n7RYMR6jJXK,MVM783 - The Grandview at Las Vegas,51405B,Evolve M2
10:2b:aa:52:65:a9,2026-08-04 03:53:15,E8X6iojo46RFyYc5zaAI4n7RYMR6jJXK,MVM783 - The Grandview at Las Vegas,11106A,Evolve M2
68:ab:a9:fe:d3:4f,2026-08-04 03:53:14,E8X6iojo46RFyYc5zaAI4n7RYMR6jJXK,MVM783 - The Grandview at Las Vegas,8302B,Evolve M2
10:2b:aa:51:58:29,2026-08-04 03:53:14,E8X6iojo46RFyYc5zaAI4n7RYMR6jJXK,MVM783 - The Grandview at Las Vegas,6510A,Evolve M2
68:ab:a9:fb:de:ba,2026-08-04 03:53:14,E8X6iojo46RFyYc5zaAI4n7RYMR6jJXK,MVM783 - The Grandview at Las Vegas,1307A,Evolve M2
64:18:df:74:65:c4,2026-08-04 03:53:13,E8X6iojo46RFyYc5zaAI4n7RYMR6jJXK,MVM783 - The Grandview at Las Vegas,3610B,Evolve M2
10:2b:aa:51:6c:99,2026-08-04 03:53:13,E8X6iojo46RFyYc5zaAI4n7RYMR6jJXK,MVM783 - The Grandview at Las Vegas,91109A,Evolve M2
10:2b:aa:51:4c:d4,2026-08-04 03:53:13,E8X6iojo46RFyYc5zaAI4n7RYMR6jJXK,MVM783 - The Grandview at Las Vegas,5709B,Evolve M2
68:ab:a9:ff:02:c7,2026-08-04 03:53:13,E8X6iojo46RFyYc5zaAI4n7RYMR6jJXK,MVM783 - The Grandview at Las Vegas,41004A,Evolve M2
10:2b:aa:51:f4:5d,2026-08-04 03:53:12,E8X6iojo46RFyYc5zaAI4n7RYMR6jJXK,MVM783 - The Grandview at Las Vegas,2302A,Evolve M2
68:ab:a9:fe:79:c4,2026-08-04 03:53:12,E8X6iojo46RFyYc5zaAI4n7RYMR6jJXK,MVM783 - The Grandview at Las Vegas,41002A,Evolve M2
68:ab:a9:fe:5e:61,2026-08-04 03:53:12,E8X6iojo46RFyYc5zaAI4n7RYMR6jJXK,MVM783 - The Grandview at Las Vegas,8904B,Evolve M2
10:2b:aa:51:55:62,2026-08-04 03:53:12,E8X6iojo46RFyYc5zaAI4n7RYMR6jJXK,MVM783 - The Grandview at Las Vegas,91009A,Evolve M2
68:ab:a9:fc:fb:73,2026-08-04 03:53:12,E8X6iojo46RFyYc5zaAI4n7RYMR6jJXK,MVM783 - The Grandview at Las Vegas,61406A,Evolve M2
64:18:df:74:39:25,2026-08-04 03:53:12,E8X6iojo46RFyYc5zaAI4n7RYMR6jJXK,MVM783 - The Grandview at Las Vegas,62108B,Evolve M2
68:ab:a9:fb:8e:00,2026-08-04 03:53:12,E8X6iojo46RFyYc5zaAI4n7RYMR6jJXK,MVM783 - The Grandview at Las Vegas,1303A@L,Evolve M2
68:ab:a9:fe:40:1c,2026-08-04 03:53:12,E8X6iojo46RFyYc5zaAI4n7RYMR6jJXK,MVM783 - The Grandview at Las Vegas,9306B,Evolve M2
64:18:df:74:1a:67,2026-08-04 03:53:11,E8X6iojo46RFyYc5zaAI4n7RYMR6jJXK,MVM783 - The Grandview at Las Vegas,61010A,Evolve M2
68:ab:a9:fc:45:ae,2026-08-04 03:53:11,E8X6iojo46RFyYc5zaAI4n7RYMR6jJXK,MVM783 - The Grandview at Las Vegas,11104B,Evolve M2
10:2b:aa:51:4d:ac,2026-08-04 03:53:10,E8X6iojo46RFyYc5zaAI4n7RYMR6jJXK,MVM783 - The Grandview at Las Vegas,4903B,Evolve M2
10:2b:aa:51:68:fa,2026-08-04 03:53:10,E8X6iojo46RFyYc5zaAI4n7RYMR6jJXK,MVM783 - The Grandview at Las Vegas,4207A,Evolve M2
10:2b:aa:51:4d:13,2026-08-04 03:53:09,E8X6iojo46RFyYc5zaAI4n7RYMR6jJXK,MVM783 - The Grandview at Las Vegas,61510B,Evolve M2
68:ab:a9:fe:aa:2f,2026-08-04 03:53:09,E8X6iojo46RFyYc5zaAI4n7RYMR6jJXK,MVM783 - The Grandview at Las Vegas,41105B,Evolve M2
10:2b:aa:51:67:a7,2026-08-04 03:53:09,E8X6iojo46RFyYc5zaAI4n7RYMR6jJXK,MVM783 - The Grandview at Las Vegas,61610B,Evolve M2
10:2b:aa:51:50:c7,2026-08-04 03:53:08,E8X6iojo46RFyYc5zaAI4n7RYMR6jJXK,MVM783 - The Grandview at Las Vegas,6505A,Evolve M2
68:ab:a9:fd:d9:be,2026-08-04 03:53:08,E8X6iojo46RFyYc5zaAI4n7RYMR6jJXK,MVM783 - The Grandview at Las Vegas,62002B,Evolve M2
64:18:df:74:61:27,2026-08-04 03:53:08,E8X6iojo46RFyYc5zaAI4n7RYMR6jJXK,MVM783 - The Grandview at Las Vegas,9903A,Evolve M2
10:2b:aa:51:4e:33,2026-08-04 03:53:08,E8X6iojo46RFyYc5zaAI4n7RYMR6jJXK,MVM783 - The Grandview at Las Vegas,4503A,Evolve M2
10:2b:aa:51:55:a1,2026-08-04 03:53:08,E8X6iojo46RFyYc5zaAI4n7RYMR6jJXK,MVM783 - The Grandview at Las Vegas,51808A,Evolve M2
10:2b:aa:51:f5:d4,2026-08-04 03:53:08,E8X6iojo46RFyYc5zaAI4n7RYMR6jJXK,MVM783 - The Grandview at Las Vegas,9410B,Evolve M2
68:ab:a9:f7:e3:d6,2026-08-04 03:53:08,E8X6iojo46RFyYc5zaAI4n7RYMR6jJXK,MVM783 - The Grandview at Las Vegas,41605A,Evolve M2
64:18:df:74:0c:d3,2026-08-04 03:53:08,E8X6iojo46RFyYc5zaAI4n7RYMR6jJXK,MVM783 - The Grandview at Las Vegas,6101B,Evolve M2
68:ab:a9:fe:7d:8c,2026-08-04 03:53:08,E8X6iojo46RFyYc5zaAI4n7RYMR6jJXK,MVM783 - The Grandview at Las Vegas,91208A,Evolve M2
10:2b:aa:51:f4:6f,2026-08-04 03:53:07,E8X6iojo46RFyYc5zaAI4n7RYMR6jJXK,MVM783 - The Grandview at Las Vegas,8602B,Evolve M2
10:2b:aa:51:67:ce,2026-08-04 03:53:07,E8X6iojo46RFyYc5zaAI4n7RYMR6jJXK,MVM783 - The Grandview at Las Vegas,3403B,Evolve M2
64:18:df:74:68:e2,2026-08-04 03:53:07,E8X6iojo46RFyYc5zaAI4n7RYMR6jJXK,MVM783 - The Grandview at Las Vegas,41908A,Evolve M2
64:18:df:74:18:73,2026-08-04 03:53:07,E8X6iojo46RFyYc5zaAI4n7RYMR6jJXK,MVM783 - The Grandview at Las Vegas,41401A,Evolve M2
64:18:df:74:6b:b3,2026-08-04 03:53:07,E8X6iojo46RFyYc5zaAI4n7RYMR6jJXK,MVM783 - The Grandview at Las Vegas,91010A,Evolve M2
10:2b:aa:51:55:92,2026-08-04 03:53:07,E8X6iojo46RFyYc5zaAI4n7RYMR6jJXK,MVM783 - The Grandview at Las Vegas,51808A,Evolve M2
64:18:df:73:c5:8c,2026-08-04 03:53:06,E8X6iojo46RFyYc5zaAI4n7RYMR6jJXK,MVM783 - The Grandview at Las Vegas,4105B,Evolve M2
68:ab:a9:fb:d8:ae,2026-08-04 03:53:06,E8X6iojo46RFyYc5zaAI4n7RYMR6jJXK,MVM783 - The Grandview at Las Vegas,4108B,Evolve M2
68:ab:a9:fe:e7:71,2026-08-04 03:53:05,E8X6iojo46RFyYc5zaAI4n7RYMR6jJXK,MVM783 - The Grandview at Las Vegas,41702A,Evolve M2
10:2b:aa:51:4f:59,2026-08-04 03:53:05,E8X6iojo46RFyYc5zaAI4n7RYMR6jJXK,MVM783 - The Grandview at Las Vegas,61201B,Evolve M2
64:18:df:74:64:34,2026-08-04 03:53:05,E8X6iojo46RFyYc5zaAI4n7RYMR6jJXK,MVM783 - The Grandview at Las Vegas,62009A,Evolve M2
10:2b:aa:51:60:3f,2026-08-04 03:53:04,E8X6iojo46RFyYc5zaAI4n7RYMR6jJXK,MVM783 - The Grandview at Las Vegas,4707A,Evolve M2
10:2b:aa:51:fe:3b,2026-08-04 03:53:04,E8X6iojo46RFyYc5zaAI4n7RYMR6jJXK,MVM783 - The Grandview at Las Vegas,2103B,Evolve M2
10:2b:aa:51:5a:b1,2026-08-04 03:53:04,E8X6iojo46RFyYc5zaAI4n7RYMR6jJXK,MVM783 - The Grandview at Las Vegas,91203A,Evolve M2
10:2b:aa:51:51:2d,2026-08-04 03:53:03,E8X6iojo46RFyYc5zaAI4n7RYMR6jJXK,MVM783 - The Grandview at Las Vegas,6606A,Evolve M2
10:2b:aa:51:f9:25,2026-08-04 03:53:03,E8X6iojo46RFyYc5zaAI4n7RYMR6jJXK,MVM783 - The Grandview at Las Vegas,6808B,Evolve M2
68:ab:a9:fe:8f:5e,2026-08-04 03:53:03,E8X6iojo46RFyYc5zaAI4n7RYMR6jJXK,MVM783 - The Grandview at Las Vegas,9606A,Evolve M2
68:ab:a9:fe:c1:11,2026-08-04 03:53:03,E8X6iojo46RFyYc5zaAI4n7RYMR6jJXK,MVM783 - The Grandview at Las Vegas,1302A@B,Evolve M2
68:ab:a9:fe:f3:a3,2026-08-04 03:53:03,E8X6iojo46RFyYc5zaAI4n7RYMR6jJXK,MVM783 - The Grandview at Las Vegas,81001A,Evolve M2
68:ab:a9:fc:fb:b2,2026-08-04 03:53:03,E8X6iojo46RFyYc5zaAI4n7RYMR6jJXK,MVM783 - The Grandview at Las Vegas,61402A,Evolve M2
68:ab:a9:fc:8d:16,2026-08-04 03:53:03,E8X6iojo46RFyYc5zaAI4n7RYMR6jJXK,MVM783 - The Grandview at Las Vegas,1603A,Evolve M2
68:ab:a9:fe:fd:41,2026-08-04 03:53:03,E8X6iojo46RFyYc5zaAI4n7RYMR6jJXK,MVM783 - The Grandview at Las Vegas,51607B,Evolve M2
68:ab:a9:fe:ce:0e,2026-08-04 03:53:03,E8X6iojo46RFyYc5zaAI4n7RYMR6jJXK,MVM783 - The Grandview at Las Vegas,8901A,Evolve M2
68:ab:a9:fb:2c:24,2026-08-04 03:53:03,E8X6iojo46RFyYc5zaAI4n7RYMR6jJXK,MVM783 - The Grandview at Las Vegas,6604A,Evolve M2
68:ab:a9:fe:a8:77,2026-08-04 03:53:02,E8X6iojo46RFyYc5zaAI4n7RYMR6jJXK,MVM783 - The Grandview at Las Vegas,21007A,Evolve M2
68:ab:a9:fe:57:f5,2026-08-04 03:53:02,E8X6iojo46RFyYc5zaAI4n7RYMR6jJXK,MVM783 - The Grandview at Las Vegas,41710B,Evolve M2
68:ab:a9:f8:cd:c4,2026-08-04 03:53:02,E8X6iojo46RFyYc5zaAI4n7RYMR6jJXK,MVM783 - The Grandview at Las Vegas,31207A,Evolve M2
68:ab:a9:fe:84:ca,2026-08-04 03:53:02,E8X6iojo46RFyYc5zaAI4n7RYMR6jJXK,MVM783 - The Grandview at Las Vegas,81205B,Evolve M2
10:2b:aa:51:6a:86,2026-08-04 03:53:02,E8X6iojo46RFyYc5zaAI4n7RYMR6jJXK,MVM783 - The Grandview at Las Vegas,41506B,Evolve M2
10:2b:aa:51:53:f7,2026-08-04 03:53:02,E8X6iojo46RFyYc5zaAI4n7RYMR6jJXK,MVM783 - The Grandview at Las Vegas,5705A,Evolve M2
10:2b:aa:51:4b:5a,2026-08-04 03:53:01,E8X6iojo46RFyYc5zaAI4n7RYMR6jJXK,MVM783 - The Grandview at Las Vegas,5608B,Evolve M2
68:ab:a9:fe:dc:8c,2026-08-04 03:53:01,E8X6iojo46RFyYc5zaAI4n7RYMR6jJXK,MVM783 - The Grandview at Las Vegas,2308B,Evolve M2
10:2b:aa:51:f7:c0,2026-08-04 03:53:01,E8X6iojo46RFyYc5zaAI4n7RYMR6jJXK,MVM783 - The Grandview at Las Vegas,91004B,Evolve M2
68:ab:a9:fe:19:59,2026-08-04 03:53:00,E8X6iojo46RFyYc5zaAI4n7RYMR6jJXK,MVM783 - The Grandview at Las Vegas,4407A,Evolve M2
68:ab:a9:fc:48:71,2026-08-04 03:53:00,E8X6iojo46RFyYc5zaAI4n7RYMR6jJXK,MVM783 - The Grandview at Las Vegas,31108A,Evolve M2
68:ab:a9:fe:62:cc,2026-08-04 03:53:00,E8X6iojo46RFyYc5zaAI4n7RYMR6jJXK,MVM783 - The Grandview at Las Vegas,4103A,Evolve M2
10:2b:aa:51:59:40,2026-08-04 03:53:00,E8X6iojo46RFyYc5zaAI4n7RYMR6jJXK,MVM783 - The Grandview at Las Vegas,61805A,Evolve M2
10:2b:aa:52:00:09,2026-08-04 03:53:00,E8X6iojo46RFyYc5zaAI4n7RYMR6jJXK,MVM783 - The Grandview at Las Vegas,1304B,Evolve M2
64:18:df:74:87:1d,2026-08-04 03:53:00,E8X6iojo46RFyYc5zaAI4n7RYMR6jJXK,MVM783 - The Grandview at Las Vegas,61706A,Evolve M2
10:2b:aa:51:5a:75,2026-08-04 03:52:59,E8X6iojo46RFyYc5zaAI4n7RYMR6jJXK,MVM783 - The Grandview at Las Vegas,41604A,Evolve M2
64:18:df:73:bf:e8,2026-08-04 03:52:59,E8X6iojo46RFyYc5zaAI4n7RYMR6jJXK,MVM783 - The Grandview at Las Vegas,4704A,Evolve M2
64:18:df:74:6c:b3,2026-08-04 03:52:59,E8X6iojo46RFyYc5zaAI4n7RYMR6jJXK,MVM783 - The Grandview at Las Vegas,52003B,Evolve M2
68:ab:a9:fe:df:5e,2026-08-04 03:52:58,E8X6iojo46RFyYc5zaAI4n7RYMR6jJXK,MVM783 - The Grandview at Las Vegas,6808A,Evolve M2
10:2b:aa:51:f7:3c,2026-08-04 03:52:58,E8X6iojo46RFyYc5zaAI4n7RYMR6jJXK,MVM783 - The Grandview at Las Vegas,8605B,Evolve M2
10:2b:aa:51:4d:58,2026-08-04 03:52:58,E8X6iojo46RFyYc5zaAI4n7RYMR6jJXK,MVM783 - The Grandview at Las Vegas,4904A,Evolve M2
10:2b:aa:51:64:0b,2026-08-04 03:52:58,E8X6iojo46RFyYc5zaAI4n7RYMR6jJXK,MVM783 - The Grandview at Las Vegas,5804A,Evolve M2
68:ab:a9:f8:ce:51,2026-08-04 03:52:58,E8X6iojo46RFyYc5zaAI4n7RYMR6jJXK,MVM783 - The Grandview at Las Vegas,2703A,Evolve M2
10:2b:aa:51:f6:91,2026-08-04 03:52:58,E8X6iojo46RFyYc5zaAI4n7RYMR6jJXK,MVM783 - The Grandview at Las Vegas,31101A,Evolve M2
10:2b:aa:51:67:95,2026-08-04 03:52:58,E8X6iojo46RFyYc5zaAI4n7RYMR6jJXK,MVM783 - The Grandview at Las Vegas,51004A,Evolve M2
10:2b:aa:51:f5:dd,2026-08-04 03:52:57,E8X6iojo46RFyYc5zaAI4n7RYMR6jJXK,MVM783 - The Grandview at Las Vegas,9410A,Evolve M2
68:ab:a9:fc:49:cb,2026-08-04 03:52:57,E8X6iojo46RFyYc5zaAI4n7RYMR6jJXK,MVM783 - The Grandview at Las Vegas,4501B,Evolve M2
68:ab:a9:fe:a3:3f,2026-08-04 03:52:57,E8X6iojo46RFyYc5zaAI4n7RYMR6jJXK,MVM783 - The Grandview at Las Vegas,6601A,Evolve M2
10:2b:aa:51:64:14,2026-08-04 03:52:57,E8X6iojo46RFyYc5zaAI4n7RYMR6jJXK,MVM783 - The Grandview at Las Vegas,42110A,Evolve M2
10:2b:aa:51:61:14,2026-08-04 03:52:57,E8X6iojo46RFyYc5zaAI4n7RYMR6jJXK,MVM783 - The Grandview at Las Vegas,5301A,Evolve M2
10:2b:aa:51:4f:f2,2026-08-04 03:52:56,E8X6iojo46RFyYc5zaAI4n7RYMR6jJXK,MVM783 - The Grandview at Las Vegas,61701A,Evolve M2
64:18:df:73:a0:20,2026-08-04 03:52:56,E8X6iojo46RFyYc5zaAI4n7RYMR6jJXK,MVM783 - The Grandview at Las Vegas,9803A,Evolve M2
10:2b:aa:51:59:c4,2026-08-04 03:52:56,E8X6iojo46RFyYc5zaAI4n7RYMR6jJXK,MVM783 - The Grandview at Las Vegas,6904A,Evolve M2
10:2b:aa:51:65:a6,2026-08-04 03:52:55,E8X6iojo46RFyYc5zaAI4n7RYMR6jJXK,MVM783 - The Grandview at Las Vegas,4803A,Evolve M2
64:18:df:74:4e:d4,2026-08-04 03:52:55,E8X6iojo46RFyYc5zaAI4n7RYMR6jJXK,MVM783 - The Grandview at Las Vegas,9903A,Evolve M2
68:ab:a9:fc:92:54,2026-08-04 03:52:55,E8X6iojo46RFyYc5zaAI4n7RYMR6jJXK,MVM783 - The Grandview at Las Vegas,1905A,Evolve M2
68:ab:a9:fc:4a:10,2026-08-04 03:52:55,E8X6iojo46RFyYc5zaAI4n7RYMR6jJXK,MVM783 - The Grandview at Las Vegas,2502B,Evolve M2
68:ab:a9:fe:a0:70,2026-08-04 03:52:54,E8X6iojo46RFyYc5zaAI4n7RYMR6jJXK,MVM783 - The Grandview at Las Vegas,21005B,Evolve M2
64:18:df:73:f6:e3,2026-08-04 03:52:54,E8X6iojo46RFyYc5zaAI4n7RYMR6jJXK,MVM783 - The Grandview at Las Vegas,5204B,Evolve M2
10:2b:aa:51:6d:3b,2026-08-04 03:52:54,E8X6iojo46RFyYc5zaAI4n7RYMR6jJXK,MVM783 - The Grandview at Las Vegas,6701B,Evolve M2
68:ab:a9:fa:75:89,2026-08-04 03:52:54,E8X6iojo46RFyYc5zaAI4n7RYMR6jJXK,MVM783 - The Grandview at Las Vegas,4609A,Evolve M2
10:2b:aa:51:6c:72,2026-08-04 03:52:54,E8X6iojo46RFyYc5zaAI4n7RYMR6jJXK,MVM783 - The Grandview at Las Vegas,6702B,Evolve M2
68:ab:a9:fe:85:81,2026-08-04 03:52:53,E8X6iojo46RFyYc5zaAI4n7RYMR6jJXK,MVM783 - The Grandview at Las Vegas,41704B,Evolve M2
10:2b:aa:51:f9:c4,2026-08-04 03:52:53,E8X6iojo46RFyYc5zaAI4n7RYMR6jJXK,MVM783 - The Grandview at Las Vegas,6804A,Evolve M2
64:18:df:73:d6:4e,2026-08-04 03:52:53,E8X6iojo46RFyYc5zaAI4n7RYMR6jJXK,MVM783 - The Grandview at Las Vegas,91203B,Evolve M2
68:ab:a9:fc:a6:a7,2026-08-04 03:52:53,E8X6iojo46RFyYc5zaAI4n7RYMR6jJXK,MVM783 - The Grandview at Las Vegas,1603B,Evolve M2
10:2b:aa:51:f9:bb,2026-08-04 03:52:53,E8X6iojo46RFyYc5zaAI4n7RYMR6jJXK,MVM783 - The Grandview at Las Vegas,8701A,Evolve M2
10:2b:aa:51:49:77,2026-08-04 03:52:53,E8X6iojo46RFyYc5zaAI4n7RYMR6jJXK,MVM783 - The Grandview at Las Vegas,8807B,Evolve M2
10:2b:aa:51:5c:34,2026-08-04 03:52:52,E8X6iojo46RFyYc5zaAI4n7RYMR6jJXK,MVM783 - The Grandview at Las Vegas,5201B,Evolve M2
10:2b:aa:51:61:bf,2026-08-04 03:52:52,E8X6iojo46RFyYc5zaAI4n7RYMR6jJXK,MVM783 - The Grandview at Las Vegas,4502A,Evolve M2
10:2b:aa:51:f4:75,2026-08-04 03:52:52,E8X6iojo46RFyYc5zaAI4n7RYMR6jJXK,MVM783 - The Grandview at Las Vegas,8601B,Evolve M2
10:2b:aa:51:55:6e,2026-08-04 03:52:52,E8X6iojo46RFyYc5zaAI4n7RYMR6jJXK,MVM783 - The Grandview at Las Vegas,51405A,Evolve M2
10:2b:aa:51:4b:72,2026-08-04 03:52:52,E8X6iojo46RFyYc5zaAI4n7RYMR6jJXK,MVM783 - The Grandview at Las Vegas,3807B,Evolve M2
10:2b:aa:51:63:2a,2026-08-04 03:52:51,E8X6iojo46RFyYc5zaAI4n7RYMR6jJXK,MVM783 - The Grandview at Las Vegas,51202A,Evolve M2
68:ab:a9:fe:55:13,2026-08-04 03:52:51,E8X6iojo46RFyYc5zaAI4n7RYMR6jJXK,MVM783 - The Grandview at Las Vegas,3906A,Evolve M2
68:ab:a9:fe:70:03,2026-08-04 03:52:51,E8X6iojo46RFyYc5zaAI4n7RYMR6jJXK,MVM783 - The Grandview at Las Vegas,6803A,Evolve M2
10:2b:aa:51:68:85,2026-08-04 03:52:51,E8X6iojo46RFyYc5zaAI4n7RYMR6jJXK,MVM783 - The Grandview at Las Vegas,41810A,Evolve M2
10:2b:aa:51:64:86,2026-08-04 03:52:51,E8X6iojo46RFyYc5zaAI4n7RYMR6jJXK,MVM783 - The Grandview at Las Vegas,6507B,Evolve M2
68:ab:a9:fc:8a:84,2026-08-04 03:52:51,E8X6iojo46RFyYc5zaAI4n7RYMR6jJXK,MVM783 - The Grandview at Las Vegas,1604A@L,Evolve M2
68:ab:a9:fe:fa:37,2026-08-04 03:52:50,E8X6iojo46RFyYc5zaAI4n7RYMR6jJXK,MVM783 - The Grandview at Las Vegas,1804A,Evolve M2
10:2b:aa:51:5a:ab,2026-08-04 03:52:50,E8X6iojo46RFyYc5zaAI4n7RYMR6jJXK,MVM783 - The Grandview at Las Vegas,4505B,Evolve M2
10:2b:aa:51:68:e8,2026-08-04 03:52:50,E8X6iojo46RFyYc5zaAI4n7RYMR6jJXK,MVM783 - The Grandview at Las Vegas,5203B,Evolve M2
10:2b:aa:51:60:1e,2026-08-04 03:52:50,E8X6iojo46RFyYc5zaAI4n7RYMR6jJXK,MVM783 - The Grandview at Las Vegas,61603B,Evolve M2
68:ab:a9:fc:94:ee,2026-08-04 03:52:50,E8X6iojo46RFyYc5zaAI4n7RYMR6jJXK,MVM783 - The Grandview at Las Vegas,2903A,Evolve M2
10:2b:aa:51:49:35,2026-08-04 03:52:49,E8X6iojo46RFyYc5zaAI4n7RYMR6jJXK,MVM783 - The Grandview at Las Vegas,6504B,Evolve M2
68:ab:a9:fe:9b:50,2026-08-04 03:52:49,E8X6iojo46RFyYc5zaAI4n7RYMR6jJXK,MVM783 - The Grandview at Las Vegas,9702A,Evolve M2
68:ab:a9:f8:dc:28,2026-08-04 03:52:49,E8X6iojo46RFyYc5zaAI4n7RYMR6jJXK,MVM783 - The Grandview at Las Vegas,11001B,Evolve M2
10:2b:aa:51:fc:37,2026-08-04 03:52:49,E8X6iojo46RFyYc5zaAI4n7RYMR6jJXK,MVM783 - The Grandview at Las Vegas,1802A@B,Evolve M2
68:ab:a9:fe:2b:a9,2026-08-04 03:52:49,E8X6iojo46RFyYc5zaAI4n7RYMR6jJXK,MVM783 - The Grandview at Las Vegas,6405B,Evolve M2
10:2b:aa:51:56:4f,2026-08-04 03:52:49,E8X6iojo46RFyYc5zaAI4n7RYMR6jJXK,MVM783 - The Grandview at Las Vegas,6706A,Evolve M2
64:18:df:73:ff:ab,2026-08-04 03:52:48,E8X6iojo46RFyYc5zaAI4n7RYMR6jJXK,MVM783 - The Grandview at Las Vegas,509B,Evolve M2
10:2b:aa:51:4b:51,2026-08-04 03:52:48,E8X6iojo46RFyYc5zaAI4n7RYMR6jJXK,MVM783 - The Grandview at Las Vegas,3806A,Evolve M2
64:18:df:73:f4:b6,2026-08-04 03:52:48,E8X6iojo46RFyYc5zaAI4n7RYMR6jJXK,MVM783 - The Grandview at Las Vegas,31103B,Evolve M2
68:ab:a9:fc:50:03,2026-08-04 03:52:48,E8X6iojo46RFyYc5zaAI4n7RYMR6jJXK,MVM783 - The Grandview at Las Vegas,1908B,Evolve M2
10:2b:aa:51:f3:d6,2026-08-04 03:52:48,E8X6iojo46RFyYc5zaAI4n7RYMR6jJXK,MVM783 - The Grandview at Las Vegas,8105B,Evolve M2
68:ab:a9:f8:cb:eb,2026-08-04 03:52:48,E8X6iojo46RFyYc5zaAI4n7RYMR6jJXK,MVM783 - The Grandview at Las Vegas,91109A,Evolve M2
64:18:df:74:00:8f,2026-08-04 03:52:48,E8X6iojo46RFyYc5zaAI4n7RYMR6jJXK,MVM783 - The Grandview at Las Vegas,51103A,Evolve M2
10:2b:aa:51:5d:d2,2026-08-04 03:52:48,E8X6iojo46RFyYc5zaAI4n7RYMR6jJXK,MVM783 - The Grandview at Las Vegas,61210B,Evolve M2
10:2b:aa:51:57:bd,2026-08-04 03:52:47,E8X6iojo46RFyYc5zaAI4n7RYMR6jJXK,MVM783 - The Grandview at Las Vegas,3303B,Evolve M2
10:2b:aa:51:65:7f,2026-08-04 03:52:47,E8X6iojo46RFyYc5zaAI4n7RYMR6jJXK,MVM783 - The Grandview at Las Vegas,3503B,Evolve M2
68:ab:a9:fc:53:ea,2026-08-04 03:52:47,E8X6iojo46RFyYc5zaAI4n7RYMR6jJXK,MVM783 - The Grandview at Las Vegas,51507A,Evolve M2
10:2b:aa:51:6c:c9,2026-08-04 03:52:47,E8X6iojo46RFyYc5zaAI4n7RYMR6jJXK,MVM783 - The Grandview at Las Vegas,9510A,Evolve M2
10:2b:aa:51:4a:e2,2026-08-04 03:52:47,E8X6iojo46RFyYc5zaAI4n7RYMR6jJXK,MVM783 - The Grandview at Las Vegas,61710A,Evolve M2
10:2b:aa:50:91:66,2026-08-04 03:52:47,E8X6iojo46RFyYc5zaAI4n7RYMR6jJXK,MVM783 - The Grandview at Las Vegas,9501B,Evolve M2
64:18:df:73:d4:ec,2026-08-04 03:52:46,E8X6iojo46RFyYc5zaAI4n7RYMR6jJXK,MVM783 - The Grandview at Las Vegas,61603B,Evolve M2
10:2b:aa:50:c2:f2,2026-08-04 03:52:46,E8X6iojo46RFyYc5zaAI4n7RYMR6jJXK,MVM783 - The Grandview at Las Vegas,51005B,Evolve M2
68:ab:a9:f8:9a:6e,2026-08-04 03:52:46,E8X6iojo46RFyYc5zaAI4n7RYMR6jJXK,MVM783 - The Grandview at Las Vegas,2305A,Evolve M2
10:2b:aa:51:53:22,2026-08-04 03:52:46,E8X6iojo46RFyYc5zaAI4n7RYMR6jJXK,MVM783 - The Grandview at Las Vegas,61903B,Evolve M2
68:ab:a9:fc:55:d9,2026-08-04 03:52:46,E8X6iojo46RFyYc5zaAI4n7RYMR6jJXK,MVM783 - The Grandview at Las Vegas,1403B@B,Evolve M2
10:2b:aa:51:6b:73,2026-08-04 03:52:46,E8X6iojo46RFyYc5zaAI4n7RYMR6jJXK,MVM783 - The Grandview at Las Vegas,6502B,Evolve M2
68:ab:a9:fe:92:17,2026-08-04 03:52:46,E8X6iojo46RFyYc5zaAI4n7RYMR6jJXK,MVM783 - The Grandview at Las Vegas,81101A,Evolve M2
68:ab:a9:f8:23:91,2026-08-04 03:52:46,E8X6iojo46RFyYc5zaAI4n7RYMR6jJXK,MVM783 - The Grandview at Las Vegas,11002B,Evolve M2
10:2b:aa:51:6b:1c,2026-08-04 03:52:45,E8X6iojo46RFyYc5zaAI4n7RYMR6jJXK,MVM783 - The Grandview at Las Vegas,51505A,Evolve M2
10:2b:aa:51:4c:ce,2026-08-04 03:52:45,E8X6iojo46RFyYc5zaAI4n7RYMR6jJXK,MVM783 - The Grandview at Las Vegas,5705B,Evolve M2
10:2b:aa:51:57:ae,2026-08-04 03:52:45,E8X6iojo46RFyYc5zaAI4n7RYMR6jJXK,MVM783 - The Grandview at Las Vegas,91108B,Evolve M2
10:2b:aa:51:6a:26,2026-08-04 03:52:45,E8X6iojo46RFyYc5zaAI4n7RYMR6jJXK,MVM783 - The Grandview at Las Vegas,9909A,Evolve M2
68:ab:a9:fe:25:76,2026-08-04 03:52:45,E8X6iojo46RFyYc5zaAI4n7RYMR6jJXK,MVM783 - The Grandview at Las Vegas,31106A,Evolve M2
10:2b:aa:51:60:24,2026-08-04 03:52:45,E8X6iojo46RFyYc5zaAI4n7RYMR6jJXK,MVM783 - The Grandview at Las Vegas,4709A,Evolve M2
10:2b:aa:51:fd:c6,2026-08-04 03:52:44,E8X6iojo46RFyYc5zaAI4n7RYMR6jJXK,MVM783 - The Grandview at Las Vegas,9503A,Evolve M2
10:2b:aa:51:51:f6,2026-08-04 03:52:44,E8X6iojo46RFyYc5zaAI4n7RYMR6jJXK,MVM783 - The Grandview at Las Vegas,41707A,Evolve M2
68:ab:a9:fe:a4:f8,2026-08-04 03:52:44,E8X6iojo46RFyYc5zaAI4n7RYMR6jJXK,MVM783 - The Grandview at Las Vegas,41703A,Evolve M2
68:ab:a9:fe:f2:c2,2026-08-04 03:52:43,E8X6iojo46RFyYc5zaAI4n7RYMR6jJXK,MVM783 - The Grandview at Las Vegas,81108B,Evolve M2
64:18:df:73:c1:dd,2026-08-04 03:52:43,E8X6iojo46RFyYc5zaAI4n7RYMR6jJXK,MVM783 - The Grandview at Las Vegas,4406B,Evolve M2
68:ab:a9:fc:29:a2,2026-08-04 03:52:43,E8X6iojo46RFyYc5zaAI4n7RYMR6jJXK,MVM783 - The Grandview at Las Vegas,2808B,Evolve M2
10:2b:aa:51:53:e5,2026-08-04 03:52:43,E8X6iojo46RFyYc5zaAI4n7RYMR6jJXK,MVM783 - The Grandview at Las Vegas,61710A,Evolve M2
10:2b:aa:51:60:54,2026-08-04 03:52:43,E8X6iojo46RFyYc5zaAI4n7RYMR6jJXK,MVM783 - The Grandview at Las Vegas,6509A,Evolve M2
68:ab:a9:f7:d3:23,2026-08-04 03:52:42,E8X6iojo46RFyYc5zaAI4n7RYMR6jJXK,MVM783 - The Grandview at Las Vegas,8403A,Evolve M2
10:2b:aa:51:f9:e2,2026-08-04 03:52:41,E8X6iojo46RFyYc5zaAI4n7RYMR6jJXK,MVM783 - The Grandview at Las Vegas,2402A,Evolve M2
10:2b:aa:51:fa:84,2026-08-04 03:52:41,E8X6iojo46RFyYc5zaAI4n7RYMR6jJXK,MVM783 - The Grandview at Las Vegas,9208A,Evolve M2
10:2b:aa:51:54:63,2026-08-04 03:52:41,E8X6iojo46RFyYc5zaAI4n7RYMR6jJXK,MVM783 - The Grandview at Las Vegas,4905B,Evolve M2
10:2b:aa:50:c2:7a,2026-08-04 03:52:41,E8X6iojo46RFyYc5zaAI4n7RYMR6jJXK,MVM783 - The Grandview at Las Vegas,9206B,Evolve M2
10:2b:aa:51:4a:c1,2026-08-04 03:52:41,E8X6iojo46RFyYc5zaAI4n7RYMR6jJXK,MVM783 - The Grandview at Las Vegas,61107A,Evolve M2
64:18:df:73:b7:4a,2026-08-04 03:52:41,E8X6iojo46RFyYc5zaAI4n7RYMR6jJXK,MVM783 - The Grandview at Las Vegas,51404A,Evolve M2
64:18:df:74:14:ad,2026-08-04 03:52:40,E8X6iojo46RFyYc5zaAI4n7RYMR6jJXK,MVM783 - The Grandview at Las Vegas,61701B,Evolve M2
68:ab:a9:fe:81:71,2026-08-04 03:52:40,E8X6iojo46RFyYc5zaAI4n7RYMR6jJXK,MVM783 - The Grandview at Las Vegas,21102B,Evolve M2
10:2b:aa:51:f6:3d,2026-08-04 03:52:40,E8X6iojo46RFyYc5zaAI4n7RYMR6jJXK,MVM783 - The Grandview at Las Vegas,9105B,Evolve M2
64:18:df:73:e1:d9,2026-08-04 03:52:40,E8X6iojo46RFyYc5zaAI4n7RYMR6jJXK,MVM783 - The Grandview at Las Vegas,61010B,Evolve M2
68:ab:a9:fe:39:47,2026-08-04 03:52:40,E8X6iojo46RFyYc5zaAI4n7RYMR6jJXK,MVM783 - The Grandview at Las Vegas,51405B,Evolve M2
68:ab:a9:fe:a5:1c,2026-08-04 03:52:40,E8X6iojo46RFyYc5zaAI4n7RYMR6jJXK,MVM783 - The Grandview at Las Vegas,41601A,Evolve M2
68:ab:a9:fe:1f:83,2026-08-04 03:52:40,E8X6iojo46RFyYc5zaAI4n7RYMR6jJXK,MVM783 - The Grandview at Las Vegas,5401A,Evolve M2
10:2b:aa:51:69:54,2026-08-04 03:52:40,E8X6iojo46RFyYc5zaAI4n7RYMR6jJXK,MVM783 - The Grandview at Las Vegas,9401A,Evolve M2
10:2b:aa:51:f7:c6,2026-08-04 03:52:39,E8X6iojo46RFyYc5zaAI4n7RYMR6jJXK,MVM783 - The Grandview at Las Vegas,2508A,Evolve M2
10:2b:aa:51:4f:1d,2026-08-04 03:52:39,E8X6iojo46RFyYc5zaAI4n7RYMR6jJXK,MVM783 - The Grandview at Las Vegas,61203A,Evolve M2
64:18:df:73:ee:4e,2026-08-04 03:52:39,E8X6iojo46RFyYc5zaAI4n7RYMR6jJXK,MVM783 - The Grandview at Las Vegas,52108B,Evolve M2
10:2b:aa:51:5e:29,2026-08-04 03:52:39,E8X6iojo46RFyYc5zaAI4n7RYMR6jJXK,MVM783 - The Grandview at Las Vegas,8804B,Evolve M2
68:ab:a9:fe:77:8a,2026-08-04 03:52:39,E8X6iojo46RFyYc5zaAI4n7RYMR6jJXK,MVM783 - The Grandview at Las Vegas,41702B,Evolve M2
68:ab:a9:fe:7e:35,2026-08-04 03:52:39,E8X6iojo46RFyYc5zaAI4n7RYMR6jJXK,MVM783 - The Grandview at Las Vegas,4701B,Evolve M2
64:18:df:74:28:02,2026-08-04 03:52:39,E8X6iojo46RFyYc5zaAI4n7RYMR6jJXK,MVM783 - The Grandview at Las Vegas,61506A,Evolve M2
10:2b:aa:51:60:cc,2026-08-04 03:52:38,E8X6iojo46RFyYc5zaAI4n7RYMR6jJXK,MVM783 - The Grandview at Las Vegas,4202B,Evolve M2
10:2b:aa:51:fe:0b,2026-08-04 03:52:38,E8X6iojo46RFyYc5zaAI4n7RYMR6jJXK,MVM783 - The Grandview at Las Vegas,2405B,Evolve M2
68:ab:a9:fe:f5:30,2026-08-04 03:52:38,E8X6iojo46RFyYc5zaAI4n7RYMR6jJXK,MVM783 - The Grandview at Las Vegas,3908A,Evolve M2
10:2b:aa:51:fc:e2,2026-08-04 03:52:37,E8X6iojo46RFyYc5zaAI4n7RYMR6jJXK,MVM783 - The Grandview at Las Vegas,2406B,Evolve M2
68:ab:a9:fc:42:94,2026-08-04 03:52:37,E8X6iojo46RFyYc5zaAI4n7RYMR6jJXK,MVM783 - The Grandview at Las Vegas,11107A,Evolve M2
10:2b:aa:51:69:6c,2026-08-04 03:52:37,E8X6iojo46RFyYc5zaAI4n7RYMR6jJXK,MVM783 - The Grandview at Las Vegas,3702A,Evolve M2
10:2b:aa:51:66:4e,2026-08-04 03:52:37,E8X6iojo46RFyYc5zaAI4n7RYMR6jJXK,MVM783 - The Grandview at Las Vegas,61005B,Evolve M2
68:ab:a9:fe:98:aa,2026-08-04 03:52:37,E8X6iojo46RFyYc5zaAI4n7RYMR6jJXK,MVM783 - The Grandview at Las Vegas,8906A,Evolve M2
10:2b:aa:51:68:a0,2026-08-04 03:52:37,E8X6iojo46RFyYc5zaAI4n7RYMR6jJXK,MVM783 - The Grandview at Las Vegas,61610B,Evolve M2
68:ab:a9:fe:1b:be,2026-08-04 03:52:37,E8X6iojo46RFyYc5zaAI4n7RYMR6jJXK,MVM783 - The Grandview at Las Vegas,51402B,Evolve M2
68:ab:a9:fc:85:e7,2026-08-04 03:52:37,E8X6iojo46RFyYc5zaAI4n7RYMR6jJXK,MVM783 - The Grandview at Las Vegas,8508B,Evolve M2
64:18:df:74:1d:6c,2026-08-04 03:52:37,E8X6iojo46RFyYc5zaAI4n7RYMR6jJXK,MVM783 - The Grandview at Las Vegas,61403B,Evolve M2
68:ab:a9:fe:a3:39,2026-08-04 03:52:37,E8X6iojo46RFyYc5zaAI4n7RYMR6jJXK,MVM783 - The Grandview at Las Vegas,62105B,Evolve M2
68:ab:a9:fb:dd:fc,2026-08-04 03:52:36,E8X6iojo46RFyYc5zaAI4n7RYMR6jJXK,MVM783 - The Grandview at Las Vegas,9307B,Evolve M2
68:ab:a9:fc:1e:26,2026-08-04 03:52:36,E8X6iojo46RFyYc5zaAI4n7RYMR6jJXK,MVM783 - The Grandview at Las Vegas,9304B,Evolve M2
68:ab:a9:fc:9a:b4,2026-08-04 03:52:36,E8X6iojo46RFyYc5zaAI4n7RYMR6jJXK,MVM783 - The Grandview at Las Vegas,1603B,Evolve M2
10:2b:aa:51:52:c8,2026-08-04 03:52:36,E8X6iojo46RFyYc5zaAI4n7RYMR6jJXK,MVM783 - The Grandview at Las Vegas,41105A,Evolve M2
10:2b:aa:51:fe:3e,2026-08-04 03:52:36,E8X6iojo46RFyYc5zaAI4n7RYMR6jJXK,MVM783 - The Grandview at Las Vegas,2106A,Evolve M2
68:ab:a9:fb:dc:cc,2026-08-04 03:52:36,E8X6iojo46RFyYc5zaAI4n7RYMR6jJXK,MVM783 - The Grandview at Las Vegas,1307A@L,Evolve M2
64:18:df:74:4f:66,2026-08-04 03:52:36,E8X6iojo46RFyYc5zaAI4n7RYMR6jJXK,MVM783 - The Grandview at Las Vegas,62010B,Evolve M2
10:2b:aa:51:58:62,2026-08-04 03:52:35,E8X6iojo46RFyYc5zaAI4n7RYMR6jJXK,MVM783 - The Grandview at Las Vegas,3305A,Evolve M2
10:2b:aa:51:5b:38,2026-08-04 03:52:35,E8X6iojo46RFyYc5zaAI4n7RYMR6jJXK,MVM783 - The Grandview at Las Vegas,41606B,Evolve M2
10:2b:aa:51:6a:44,2026-08-04 03:52:35,E8X6iojo46RFyYc5zaAI4n7RYMR6jJXK,MVM783 - The Grandview at Las Vegas,4802A,Evolve M2
68:ab:a9:fc:94:12,2026-08-04 03:52:35,E8X6iojo46RFyYc5zaAI4n7RYMR6jJXK,MVM783 - The Grandview at Las Vegas,1902B,Evolve M2
10:2b:aa:51:4e:ed,2026-08-04 03:52:35,E8X6iojo46RFyYc5zaAI4n7RYMR6jJXK,MVM783 - The Grandview at Las Vegas,61403B,Evolve M2
10:2b:aa:51:fd:e7,2026-08-04 03:52:35,E8X6iojo46RFyYc5zaAI4n7RYMR6jJXK,MVM783 - The Grandview at Las Vegas,2908B,Evolve M2
64:18:df:74:00:fc,2026-08-04 03:52:34,E8X6iojo46RFyYc5zaAI4n7RYMR6jJXK,MVM783 - The Grandview at Las Vegas,51803A,Evolve M2
68:ab:a9:fb:93:31,2026-08-04 03:52:34,E8X6iojo46RFyYc5zaAI4n7RYMR6jJXK,MVM783 - The Grandview at Las Vegas,21004A,Evolve M2
68:ab:a9:f8:37:47,2026-08-04 03:52:34,E8X6iojo46RFyYc5zaAI4n7RYMR6jJXK,MVM783 - The Grandview at Las Vegas,11108B,Evolve M2
10:2b:aa:51:5d:60,2026-08-04 03:52:34,E8X6iojo46RFyYc5zaAI4n7RYMR6jJXK,MVM783 - The Grandview at Las Vegas,5104B,Evolve M2
10:2b:aa:51:f7:24,2026-08-04 03:52:33,E8X6iojo46RFyYc5zaAI4n7RYMR6jJXK,MVM783 - The Grandview at Las Vegas,8605A,Evolve M2
68:ab:a9:fc:81:bb,2026-08-04 03:52:33,E8X6iojo46RFyYc5zaAI4n7RYMR6jJXK,MVM783 - The Grandview at Las Vegas,3909B,Evolve M2
68:ab:a9:fe:98:22,2026-08-04 03:52:33,E8X6iojo46RFyYc5zaAI4n7RYMR6jJXK,MVM783 - The Grandview at Las Vegas,51703B,Evolve M2
64:18:df:73:ec:56,2026-08-04 03:52:33,E8X6iojo46RFyYc5zaAI4n7RYMR6jJXK,MVM783 - The Grandview at Las Vegas,31201B,Evolve M2
64:18:df:73:e6:4d,2026-08-04 03:52:33,E8X6iojo46RFyYc5zaAI4n7RYMR6jJXK,MVM783 - The Grandview at Las Vegas,5505A,Evolve M2
68:ab:a9:fc:7f:41,2026-08-04 03:52:31,E8X6iojo46RFyYc5zaAI4n7RYMR6jJXK,MVM783 - The Grandview at Las Vegas,8508A,Evolve M2
68:ab:a9:ff:11:ad,2026-08-04 03:52:31,E8X6iojo46RFyYc5zaAI4n7RYMR6jJXK,MVM783 - The Grandview at Las Vegas,6808A,Evolve M2
10:2b:aa:51:6b:5b,2026-08-04 03:52:31,E8X6iojo46RFyYc5zaAI4n7RYMR6jJXK,MVM783 - The Grandview at Las Vegas,4803B,Evolve M2
64:18:df:73:c9:68,2026-08-04 03:52:30,E8X6iojo46RFyYc5zaAI4n7RYMR6jJXK,MVM783 - The Grandview at Las Vegas,31205A,Evolve M2
64:18:df:73:a4:b9,2026-08-04 03:52:30,E8X6iojo46RFyYc5zaAI4n7RYMR6jJXK,MVM783 - The Grandview at Las Vegas,2605A,Evolve M2
68:ab:a9:fe:e9:f9,2026-08-04 03:52:30,E8X6iojo46RFyYc5zaAI4n7RYMR6jJXK,MVM783 - The Grandview at Las Vegas,81105B,Evolve M2
68:ab:a9:fb:c4:16,2026-08-04 03:52:30,E8X6iojo46RFyYc5zaAI4n7RYMR6jJXK,MVM783 - The Grandview at Las Vegas,8201B,Evolve M2
68:ab:a9:f8:8f:55,2026-08-04 03:52:29,E8X6iojo46RFyYc5zaAI4n7RYMR6jJXK,MVM783 - The Grandview at Las Vegas,8404B,Evolve M2
68:ab:a9:f8:a9:6b,2026-08-04 03:52:29,E8X6iojo46RFyYc5zaAI4n7RYMR6jJXK,MVM783 - The Grandview at Las Vegas,3101B,Evolve M2
64:18:df:73:ee:cc,2026-08-04 03:52:28,E8X6iojo46RFyYc5zaAI4n7RYMR6jJXK,MVM783 - The Grandview at Las Vegas,41608A,Evolve M2
68:ab:a9:fe:a4:65,2026-08-04 03:52:28,E8X6iojo46RFyYc5zaAI4n7RYMR6jJXK,MVM783 - The Grandview at Las Vegas,51702B,Evolve M2
10:2b:aa:51:6c:a2,2026-08-04 03:52:28,E8X6iojo46RFyYc5zaAI4n7RYMR6jJXK,MVM783 - The Grandview at Las Vegas,8107B,Evolve M2
10:2b:aa:51:57:3f,2026-08-04 03:52:28,E8X6iojo46RFyYc5zaAI4n7RYMR6jJXK,MVM783 - The Grandview at Las Vegas,5807B,Evolve M2
68:ab:a9:fe:88:42,2026-08-04 03:52:28,E8X6iojo46RFyYc5zaAI4n7RYMR6jJXK,MVM783 - The Grandview at Las Vegas,9609A,Evolve M2
64:18:df:74:29:40,2026-08-04 03:52:28,E8X6iojo46RFyYc5zaAI4n7RYMR6jJXK,MVM783 - The Grandview at Las Vegas,51708A,Evolve M2
68:ab:a9:fc:08:25,2026-08-04 03:52:27,E8X6iojo46RFyYc5zaAI4n7RYMR6jJXK,MVM783 - The Grandview at Las Vegas,3209B,Evolve M2
68:ab:a9:fe:ea:4e,2026-08-04 03:52:27,E8X6iojo46RFyYc5zaAI4n7RYMR6jJXK,MVM783 - The Grandview at Las Vegas,81107B,Evolve M2
68:ab:a9:fe:8b:a6,2026-08-04 03:52:27,E8X6iojo46RFyYc5zaAI4n7RYMR6jJXK,MVM783 - The Grandview at Las Vegas,41604B,Evolve M2
68:ab:a9:ff:03:40,2026-08-04 03:52:27,E8X6iojo46RFyYc5zaAI4n7RYMR6jJXK,MVM783 - The Grandview at Las Vegas,91007A,Evolve M2
10:2b:aa:51:57:f3,2026-08-04 03:52:27,E8X6iojo46RFyYc5zaAI4n7RYMR6jJXK,MVM783 - The Grandview at Las Vegas,51507B,Evolve M2
10:2b:aa:51:fb:5c,2026-08-04 03:52:27,E8X6iojo46RFyYc5zaAI4n7RYMR6jJXK,MVM783 - The Grandview at Las Vegas,2806A,Evolve M2
64:18:df:73:cc:c1,2026-08-04 03:52:27,E8X6iojo46RFyYc5zaAI4n7RYMR6jJXK,MVM783 - The Grandview at Las Vegas,4408B,Evolve M2
10:2b:aa:51:57:78,2026-08-04 03:52:27,E8X6iojo46RFyYc5zaAI4n7RYMR6jJXK,MVM783 - The Grandview at Las Vegas,3303B,Evolve M2
10:2b:aa:51:64:4a,2026-08-04 03:52:27,E8X6iojo46RFyYc5zaAI4n7RYMR6jJXK,MVM783 - The Grandview at Las Vegas,5806B,Evolve M2
68:ab:a9:fe:96:02,2026-08-04 03:52:26,E8X6iojo46RFyYc5zaAI4n7RYMR6jJXK,MVM783 - The Grandview at Las Vegas,8906A,Evolve M2
68:ab:a9:fe:fe:c4,2026-08-04 03:52:26,E8X6iojo46RFyYc5zaAI4n7RYMR6jJXK,MVM783 - The Grandview at Las Vegas,2904A,Evolve M2
64:18:df:73:e1:4f,2026-08-04 03:52:26,E8X6iojo46RFyYc5zaAI4n7RYMR6jJXK,MVM783 - The Grandview at Las Vegas,41102A,Evolve M2
10:2b:aa:51:52:e6,2026-08-04 03:52:26,E8X6iojo46RFyYc5zaAI4n7RYMR6jJXK,MVM783 - The Grandview at Las Vegas,3709B,Evolve M2
10:2b:aa:51:4d:2b,2026-08-04 03:52:25,E8X6iojo46RFyYc5zaAI4n7RYMR6jJXK,MVM783 - The Grandview at Las Vegas,61406B,Evolve M2
68:ab:a9:fc:3a:20,2026-08-04 03:52:25,E8X6iojo46RFyYc5zaAI4n7RYMR6jJXK,MVM783 - The Grandview at Las Vegas,8407A,Evolve M2
10:2b:aa:51:49:d4,2026-08-04 03:52:25,E8X6iojo46RFyYc5zaAI4n7RYMR6jJXK,MVM783 - The Grandview at Las Vegas,61409A,Evolve M2
64:18:df:73:fe:c4,2026-08-04 03:52:25,E8X6iojo46RFyYc5zaAI4n7RYMR6jJXK,MVM783 - The Grandview at Las Vegas,51804B,Evolve M2
10:2b:aa:52:65:3a,2026-08-04 03:52:25,E8X6iojo46RFyYc5zaAI4n7RYMR6jJXK,MVM783 - The Grandview at Las Vegas,2605B,Evolve M2
10:2b:aa:51:4b:d8,2026-08-04 03:52:25,E8X6iojo46RFyYc5zaAI4n7RYMR6jJXK,MVM783 - The Grandview at Las Vegas,3810B,Evolve M2
10:2b:aa:51:fd:33,2026-08-04 03:52:25,E8X6iojo46RFyYc5zaAI4n7RYMR6jJXK,MVM783 - The Grandview at Las Vegas,2506B,Evolve M2
10:2b:aa:51:ff:9d,2026-08-04 03:52:24,E8X6iojo46RFyYc5zaAI4n7RYMR6jJXK,MVM783 - The Grandview at Las Vegas,2803B,Evolve M2
64:18:df:74:0f:ef,2026-08-04 03:52:24,E8X6iojo46RFyYc5zaAI4n7RYMR6jJXK,MVM783 - The Grandview at Las Vegas,6104A,Evolve M2
68:ab:a9:fb:44:6f,2026-08-04 03:52:24,E8X6iojo46RFyYc5zaAI4n7RYMR6jJXK,MVM783 - The Grandview at Las Vegas,52010A,Evolve M2
64:18:df:74:86:58,2026-08-04 03:52:24,E8X6iojo46RFyYc5zaAI4n7RYMR6jJXK,MVM783 - The Grandview at Las Vegas,61809A,Evolve M2
10:2b:aa:51:62:19,2026-08-04 03:52:24,E8X6iojo46RFyYc5zaAI4n7RYMR6jJXK,MVM783 - The Grandview at Las Vegas,51510A,Evolve M2
64:18:df:74:03:60,2026-08-04 03:52:24,E8X6iojo46RFyYc5zaAI4n7RYMR6jJXK,MVM783 - The Grandview at Las Vegas,6105A,Evolve M2
10:2b:aa:51:fb:c5,2026-08-04 03:52:24,E8X6iojo46RFyYc5zaAI4n7RYMR6jJXK,MVM783 - The Grandview at Las Vegas,4103B,Evolve M2
68:ab:a9:fc:01:9a,2026-08-04 03:52:24,E8X6iojo46RFyYc5zaAI4n7RYMR6jJXK,MVM783 - The Grandview at Las Vegas,1603A,Evolve M2
10:2b:aa:51:51:30,2026-08-04 03:52:24,E8X6iojo46RFyYc5zaAI4n7RYMR6jJXK,MVM783 - The Grandview at Las Vegas,91204B,Evolve M2
10:2b:aa:51:fd:cf,2026-08-04 03:52:23,E8X6iojo46RFyYc5zaAI4n7RYMR6jJXK,MVM783 - The Grandview at Las Vegas,2806A,Evolve M2
68:ab:a9:fc:15:36,2026-08-04 03:52:23,E8X6iojo46RFyYc5zaAI4n7RYMR6jJXK,MVM783 - The Grandview at Las Vegas,1505B@L,Evolve M2
68:ab:a9:fe:94:d2,2026-08-04 03:52:23,E8X6iojo46RFyYc5zaAI4n7RYMR6jJXK,MVM783 - The Grandview at Las Vegas,9305B,Evolve M2
10:2b:aa:51:4d:df,2026-08-04 03:52:23,E8X6iojo46RFyYc5zaAI4n7RYMR6jJXK,MVM783 - The Grandview at Las Vegas,6405A,Evolve M2
10:2b:aa:51:52:98,2026-08-04 03:52:23,E8X6iojo46RFyYc5zaAI4n7RYMR6jJXK,MVM783 - The Grandview at Las Vegas,51106B,Evolve M2
64:18:df:74:0c:60,2026-08-04 03:52:23,E8X6iojo46RFyYc5zaAI4n7RYMR6jJXK,MVM783 - The Grandview at Las Vegas,3301B,Evolve M2
10:2b:aa:51:6c:c0,2026-08-04 03:52:22,E8X6iojo46RFyYc5zaAI4n7RYMR6jJXK,MVM783 - The Grandview at Las Vegas,3103A,Evolve M2
68:ab:a9:f8:07:49,2026-08-04 03:52:22,E8X6iojo46RFyYc5zaAI4n7RYMR6jJXK,MVM783 - The Grandview at Las Vegas,9407A,Evolve M2
68:ab:a9:fe:c3:27,2026-08-04 03:52:22,E8X6iojo46RFyYc5zaAI4n7RYMR6jJXK,MVM783 - The Grandview at Las Vegas,1103A,Evolve M2
10:2b:aa:51:5f:ee,2026-08-04 03:52:22,E8X6iojo46RFyYc5zaAI4n7RYMR6jJXK,MVM783 - The Grandview at Las Vegas,4209A,Evolve M2
64:18:df:74:07:5f,2026-08-04 03:52:21,E8X6iojo46RFyYc5zaAI4n7RYMR6jJXK,MVM783 - The Grandview at Las Vegas,3309A,Evolve M2
68:ab:a9:fc:44:66,2026-08-04 03:52:21,E8X6iojo46RFyYc5zaAI4n7RYMR6jJXK,MVM783 - The Grandview at Las Vegas,9205A,Evolve M2
68:ab:a9:fe:ae:2d,2026-08-04 03:52:21,E8X6iojo46RFyYc5zaAI4n7RYMR6jJXK,MVM783 - The Grandview at Las Vegas,41209A,Evolve M2
64:18:df:74:27:e4,2026-08-04 03:52:21,E8X6iojo46RFyYc5zaAI4n7RYMR6jJXK,MVM783 - The Grandview at Las Vegas,6407B,Evolve M2
10:2b:aa:52:66:15,2026-08-04 03:52:21,E8X6iojo46RFyYc5zaAI4n7RYMR6jJXK,MVM783 - The Grandview at Las Vegas,11202A,Evolve M2
10:2b:aa:51:fd:ae,2026-08-04 03:52:21,E8X6iojo46RFyYc5zaAI4n7RYMR6jJXK,MVM783 - The Grandview at Las Vegas,2906B,Evolve M2
64:18:df:74:4f:b0,2026-08-04 03:52:21,E8X6iojo46RFyYc5zaAI4n7RYMR6jJXK,MVM783 - The Grandview at Las Vegas,41910B,Evolve M2
10:2b:aa:51:5c:1c,2026-08-04 03:52:21,E8X6iojo46RFyYc5zaAI4n7RYMR6jJXK,MVM783 - The Grandview at Las Vegas,6104B,Evolve M2
10:2b:aa:51:64:9e,2026-08-04 03:52:20,E8X6iojo46RFyYc5zaAI4n7RYMR6jJXK,MVM783 - The Grandview at Las Vegas,6502A,Evolve M2
10:2b:aa:51:48:ab,2026-08-04 03:52:20,E8X6iojo46RFyYc5zaAI4n7RYMR6jJXK,MVM783 - The Grandview at Las Vegas,91209A,Evolve M2
64:18:df:73:d8:a9,2026-08-04 03:52:20,E8X6iojo46RFyYc5zaAI4n7RYMR6jJXK,MVM783 - The Grandview at Las Vegas,91201B,Evolve M2
10:2b:aa:51:54:54,2026-08-04 03:52:20,E8X6iojo46RFyYc5zaAI4n7RYMR6jJXK,MVM783 - The Grandview at Las Vegas,6507A,Evolve M2
68:ab:a9:fb:88:77,2026-08-04 03:52:20,E8X6iojo46RFyYc5zaAI4n7RYMR6jJXK,MVM783 - The Grandview at Las Vegas,1201B@B,Evolve M2
10:2b:aa:51:5e:74,2026-08-04 03:52:20,E8X6iojo46RFyYc5zaAI4n7RYMR6jJXK,MVM783 - The Grandview at Las Vegas,5703B,Evolve M2
64:18:df:73:c7:37,2026-08-04 03:52:19,E8X6iojo46RFyYc5zaAI4n7RYMR6jJXK,MVM783 - The Grandview at Las Vegas,4705B,Evolve M2
64:18:df:74:14:2f,2026-08-04 03:52:19,E8X6iojo46RFyYc5zaAI4n7RYMR6jJXK,MVM783 - The Grandview at Las Vegas,4403A,Evolve M2
10:2b:aa:52:65:22,2026-08-04 03:52:19,E8X6iojo46RFyYc5zaAI4n7RYMR6jJXK,MVM783 - The Grandview at Las Vegas,2603A,Evolve M2
68:ab:a9:fe:b9:ed,2026-08-04 03:52:19,E8X6iojo46RFyYc5zaAI4n7RYMR6jJXK,MVM783 - The Grandview at Las Vegas,1304A,Evolve M2
68:ab:a9:fc:10:d9,2026-08-04 03:52:19,E8X6iojo46RFyYc5zaAI4n7RYMR6jJXK,MVM783 - The Grandview at Las Vegas,9304A,Evolve M2
68:ab:a9:f8:ec:71,2026-08-04 03:52:18,E8X6iojo46RFyYc5zaAI4n7RYMR6jJXK,MVM783 - The Grandview at Las Vegas,1906B@B,Evolve M2
10:2b:aa:51:f9:58,2026-08-04 03:52:18,E8X6iojo46RFyYc5zaAI4n7RYMR6jJXK,MVM783 - The Grandview at Las Vegas,6804B,Evolve M2
10:2b:aa:51:f6:58,2026-08-04 03:52:18,E8X6iojo46RFyYc5zaAI4n7RYMR6jJXK,MVM783 - The Grandview at Las Vegas,8704B,Evolve M2
64:18:df:74:20:64,2026-08-04 03:52:18,E8X6iojo46RFyYc5zaAI4n7RYMR6jJXK,MVM783 - The Grandview at Las Vegas,62108A,Evolve M2
10:2b:aa:51:ff:5b,2026-08-04 03:52:17,E8X6iojo46RFyYc5zaAI4n7RYMR6jJXK,MVM783 - The Grandview at Las Vegas,3909B,Evolve M2
10:2b:aa:51:62:d0,2026-08-04 03:52:17,E8X6iojo46RFyYc5zaAI4n7RYMR6jJXK,MVM783 - The Grandview at Las Vegas,6507A,Evolve M2
68:ab:a9:fc:2d:f4,2026-08-04 03:52:17,E8X6iojo46RFyYc5zaAI4n7RYMR6jJXK,MVM783 - The Grandview at Las Vegas,8203A,Evolve M2
68:ab:a9:fe:fa:a1,2026-08-04 03:52:17,E8X6iojo46RFyYc5zaAI4n7RYMR6jJXK,MVM783 - The Grandview at Las Vegas,1704B,Evolve M2
68:ab:a9:fe:ce:97,2026-08-04 03:52:17,E8X6iojo46RFyYc5zaAI4n7RYMR6jJXK,MVM783 - The Grandview at Las Vegas,41202A,Evolve M2
10:2b:aa:51:58:ce,2026-08-04 03:52:16,E8X6iojo46RFyYc5zaAI4n7RYMR6jJXK,MVM783 - The Grandview at Las Vegas,91003A,Evolve M2
68:ab:a9:fe:18:f5,2026-08-04 03:52:16,E8X6iojo46RFyYc5zaAI4n7RYMR6jJXK,MVM783 - The Grandview at Las Vegas,9705A,Evolve M2
64:18:df:74:6c:35,2026-08-04 03:52:16,E8X6iojo46RFyYc5zaAI4n7RYMR6jJXK,MVM783 - The Grandview at Las Vegas,6702A,Evolve M2
64:18:df:73:c4:c1,2026-08-04 03:52:16,E8X6iojo46RFyYc5zaAI4n7RYMR6jJXK,MVM783 - The Grandview at Las Vegas,41706A,Evolve M2
68:ab:a9:fe:17:a7,2026-08-04 03:52:16,E8X6iojo46RFyYc5zaAI4n7RYMR6jJXK,MVM783 - The Grandview at Las Vegas,91003B,Evolve M2
64:18:df:74:0f:7d,2026-08-04 03:52:16,E8X6iojo46RFyYc5zaAI4n7RYMR6jJXK,MVM783 - The Grandview at Las Vegas,61004B,Evolve M2
64:18:df:73:d0:a8,2026-08-04 03:52:15,E8X6iojo46RFyYc5zaAI4n7RYMR6jJXK,MVM783 - The Grandview at Las Vegas,42102B,Evolve M2
10:2b:aa:52:65:5b,2026-08-04 03:52:15,E8X6iojo46RFyYc5zaAI4n7RYMR6jJXK,MVM783 - The Grandview at Las Vegas,2601B,Evolve M2
68:ab:a9:fe:dd:9d,2026-08-04 03:52:15,E8X6iojo46RFyYc5zaAI4n7RYMR6jJXK,MVM783 - The Grandview at Las Vegas,41010A,Evolve M2
68:ab:a9:fb:20:7d,2026-08-04 03:52:15,E8X6iojo46RFyYc5zaAI4n7RYMR6jJXK,MVM783 - The Grandview at Las Vegas,91002A,Evolve M2
68:ab:a9:f8:d3:37,2026-08-04 03:52:15,E8X6iojo46RFyYc5zaAI4n7RYMR6jJXK,MVM783 - The Grandview at Las Vegas,1903A,Evolve M2
68:ab:a9:fc:87:6a,2026-08-04 03:52:15,E8X6iojo46RFyYc5zaAI4n7RYMR6jJXK,MVM783 - The Grandview at Las Vegas,81108A,Evolve M2
10:2b:aa:52:65:37,2026-08-04 03:52:15,E8X6iojo46RFyYc5zaAI4n7RYMR6jJXK,MVM783 - The Grandview at Las Vegas,2604A,Evolve M2
64:18:df:74:86:d2,2026-08-04 03:52:14,E8X6iojo46RFyYc5zaAI4n7RYMR6jJXK,MVM783 - The Grandview at Las Vegas,3501A,Evolve M2
68:ab:a9:fc:15:5d,2026-08-04 03:52:14,E8X6iojo46RFyYc5zaAI4n7RYMR6jJXK,MVM783 - The Grandview at Las Vegas,31203A,Evolve M2
68:ab:a9:fc:7f:59,2026-08-04 03:52:14,E8X6iojo46RFyYc5zaAI4n7RYMR6jJXK,MVM783 - The Grandview at Las Vegas,31203B,Evolve M2
64:18:df:73:bc:00,2026-08-04 03:52:14,E8X6iojo46RFyYc5zaAI4n7RYMR6jJXK,MVM783 - The Grandview at Las Vegas,61010A,Evolve M2
10:2b:aa:51:58:50,2026-08-04 03:52:14,E8X6iojo46RFyYc5zaAI4n7RYMR6jJXK,MVM783 - The Grandview at Las Vegas,4301A,Evolve M2
64:18:df:73:cb:41,2026-08-04 03:52:14,E8X6iojo46RFyYc5zaAI4n7RYMR6jJXK,MVM783 - The Grandview at Las Vegas,61106B,Evolve M2
10:2b:aa:51:68:07,2026-08-04 03:52:13,E8X6iojo46RFyYc5zaAI4n7RYMR6jJXK,MVM783 - The Grandview at Las Vegas,3507A,Evolve M2
64:18:df:73:d6:d8,2026-08-04 03:52:13,E8X6iojo46RFyYc5zaAI4n7RYMR6jJXK,MVM783 - The Grandview at Las Vegas,3708B,Evolve M2
68:ab:a9:fe:e3:f0,2026-08-04 03:52:13,E8X6iojo46RFyYc5zaAI4n7RYMR6jJXK,MVM783 - The Grandview at Las Vegas,21103B,Evolve M2
64:18:df:73:bb:20,2026-08-04 03:52:13,E8X6iojo46RFyYc5zaAI4n7RYMR6jJXK,MVM783 - The Grandview at Las Vegas,5902B,Evolve M2
68:ab:a9:fe:80:f6,2026-08-04 03:52:13,E8X6iojo46RFyYc5zaAI4n7RYMR6jJXK,MVM783 - The Grandview at Las Vegas,1102A,Evolve M2
68:ab:a9:f8:cf:2c,2026-08-04 03:52:13,E8X6iojo46RFyYc5zaAI4n7RYMR6jJXK,MVM783 - The Grandview at Las Vegas,4509B,Evolve M2
10:2b:aa:51:56:58,2026-08-04 03:52:12,E8X6iojo46RFyYc5zaAI4n7RYMR6jJXK,MVM783 - The Grandview at Las Vegas,61607A,Evolve M2
68:ab:a9:fc:3c:00,2026-08-04 03:52:12,E8X6iojo46RFyYc5zaAI4n7RYMR6jJXK,MVM783 - The Grandview at Las Vegas,61203A,Evolve M2
68:ab:a9:f8:d8:61,2026-08-04 03:52:12,E8X6iojo46RFyYc5zaAI4n7RYMR6jJXK,MVM783 - The Grandview at Las Vegas,3207B,Evolve M2
68:ab:a9:fe:e4:54,2026-08-04 03:52:12,E8X6iojo46RFyYc5zaAI4n7RYMR6jJXK,MVM783 - The Grandview at Las Vegas,42104A,Evolve M2
68:ab:a9:fc:4e:0d,2026-08-04 03:52:12,E8X6iojo46RFyYc5zaAI4n7RYMR6jJXK,MVM783 - The Grandview at Las Vegas,1203A,Evolve M2
68:ab:a9:f8:31:38,2026-08-04 03:52:12,E8X6iojo46RFyYc5zaAI4n7RYMR6jJXK,MVM783 - The Grandview at Las Vegas,8103B,Evolve M2
68:ab:a9:fe:a4:e0,2026-08-04 03:52:11,E8X6iojo46RFyYc5zaAI4n7RYMR6jJXK,MVM783 - The Grandview at Las Vegas,9501A,Evolve M2
68:ab:a9:ff:0a:7b,2026-08-04 03:52:11,E8X6iojo46RFyYc5zaAI4n7RYMR6jJXK,MVM783 - The Grandview at Las Vegas,21208B,Evolve M2
68:ab:a9:fe:d7:22,2026-08-04 03:52:11,E8X6iojo46RFyYc5zaAI4n7RYMR6jJXK,MVM783 - The Grandview at Las Vegas,1207A@B,Evolve M2
64:18:df:74:91:0a,2026-08-04 03:52:10,E8X6iojo46RFyYc5zaAI4n7RYMR6jJXK,MVM783 - The Grandview at Las Vegas,3403A,Evolve M2
68:ab:a9:f8:81:89,2026-08-04 03:52:10,E8X6iojo46RFyYc5zaAI4n7RYMR6jJXK,MVM783 - The Grandview at Las Vegas,8104B,Evolve M2
68:ab:a9:fc:0f:4f,2026-08-04 03:52:10,E8X6iojo46RFyYc5zaAI4n7RYMR6jJXK,MVM783 - The Grandview at Las Vegas,1201B@L,Evolve M2
68:ab:a9:fe:8d:9a,2026-08-04 03:52:10,E8X6iojo46RFyYc5zaAI4n7RYMR6jJXK,MVM783 - The Grandview at Las Vegas,1703B,Evolve M2
10:2b:aa:51:60:4b,2026-08-04 03:52:10,E8X6iojo46RFyYc5zaAI4n7RYMR6jJXK,MVM783 - The Grandview at Las Vegas,61906A,Evolve M2
68:ab:a9:fc:45:24,2026-08-04 03:52:10,E8X6iojo46RFyYc5zaAI4n7RYMR6jJXK,MVM783 - The Grandview at Las Vegas,31006B,Evolve M2
68:ab:a9:fe:c3:56,2026-08-04 03:52:09,E8X6iojo46RFyYc5zaAI4n7RYMR6jJXK,MVM783 - The Grandview at Las Vegas,81204A,Evolve M2
64:18:df:74:86:a2,2026-08-04 03:52:09,E8X6iojo46RFyYc5zaAI4n7RYMR6jJXK,MVM783 - The Grandview at Las Vegas,6210B,Evolve M2
10:2b:aa:51:59:a9,2026-08-04 03:52:09,E8X6iojo46RFyYc5zaAI4n7RYMR6jJXK,MVM783 - The Grandview at Las Vegas,6902B,Evolve M2
10:2b:aa:51:62:c4,2026-08-04 03:52:09,E8X6iojo46RFyYc5zaAI4n7RYMR6jJXK,MVM783 - The Grandview at Las Vegas,6503A,Evolve M2
64:18:df:73:b1:ae,2026-08-04 03:52:09,E8X6iojo46RFyYc5zaAI4n7RYMR6jJXK,MVM783 - The Grandview at Las Vegas,31106B,Evolve M2
10:2b:aa:51:6b:19,2026-08-04 03:52:09,E8X6iojo46RFyYc5zaAI4n7RYMR6jJXK,MVM783 - The Grandview at Las Vegas,51506B,Evolve M2
68:ab:a9:fc:11:53,2026-08-04 03:52:09,E8X6iojo46RFyYc5zaAI4n7RYMR6jJXK,MVM783 - The Grandview at Las Vegas,9303B,Evolve M2
10:2b:aa:52:68:b8,2026-08-04 03:52:08,E8X6iojo46RFyYc5zaAI4n7RYMR6jJXK,MVM783 - The Grandview at Las Vegas,4601B,Evolve M2
10:2b:aa:50:be:f0,2026-08-04 03:52:08,E8X6iojo46RFyYc5zaAI4n7RYMR6jJXK,MVM783 - The Grandview at Las Vegas,5903B,Evolve M2
68:ab:a9:fb:dc:26,2026-08-04 03:52:08,E8X6iojo46RFyYc5zaAI4n7RYMR6jJXK,MVM783 - The Grandview at Las Vegas,1202A@L,Evolve M2
10:2b:aa:51:62:34,2026-08-04 03:52:08,E8X6iojo46RFyYc5zaAI4n7RYMR6jJXK,MVM783 - The Grandview at Las Vegas,41406A,Evolve M2
68:ab:a9:fe:dc:c5,2026-08-04 03:52:08,E8X6iojo46RFyYc5zaAI4n7RYMR6jJXK,MVM783 - The Grandview at Las Vegas,1207A@L,Evolve M2
68:ab:a9:fe:b2:f6,2026-08-04 03:52:07,E8X6iojo46RFyYc5zaAI4n7RYMR6jJXK,MVM783 - The Grandview at Las Vegas,3607A,Evolve M2
64:18:df:74:5e:56,2026-08-04 03:52:07,E8X6iojo46RFyYc5zaAI4n7RYMR6jJXK,MVM783 - The Grandview at Las Vegas,6307A,Evolve M2
10:2b:aa:51:6c:54,2026-08-04 03:52:07,E8X6iojo46RFyYc5zaAI4n7RYMR6jJXK,MVM783 - The Grandview at Las Vegas,4802B,Evolve M2
64:18:df:74:1c:f8,2026-08-04 03:52:07,E8X6iojo46RFyYc5zaAI4n7RYMR6jJXK,MVM783 - The Grandview at Las Vegas,51708A,Evolve M2
10:2b:aa:52:00:1b,2026-08-04 03:52:06,E8X6iojo46RFyYc5zaAI4n7RYMR6jJXK,MVM783 - The Grandview at Las Vegas,1304B,Evolve M2
10:2b:aa:50:91:51,2026-08-04 03:52:06,E8X6iojo46RFyYc5zaAI4n7RYMR6jJXK,MVM783 - The Grandview at Las Vegas,9505B,Evolve M2
10:2b:aa:51:f6:34,2026-08-04 03:52:06,E8X6iojo46RFyYc5zaAI4n7RYMR6jJXK,MVM783 - The Grandview at Las Vegas,21002A,Evolve M2
68:ab:a9:f8:54:dd,2026-08-04 03:52:06,E8X6iojo46RFyYc5zaAI4n7RYMR6jJXK,MVM783 - The Grandview at Las Vegas,1702B,Evolve M2
10:2b:aa:51:6a:02,2026-08-04 03:52:05,E8X6iojo46RFyYc5zaAI4n7RYMR6jJXK,MVM783 - The Grandview at Las Vegas,3308B,Evolve M2
68:ab:a9:fb:47:bc,2026-08-04 03:52:05,E8X6iojo46RFyYc5zaAI4n7RYMR6jJXK,MVM783 - The Grandview at Las Vegas,1906A@L,Evolve M2
68:ab:a9:ff:01:a1,2026-08-04 03:52:05,E8X6iojo46RFyYc5zaAI4n7RYMR6jJXK,MVM783 - The Grandview at Las Vegas,52106A,Evolve M2
64:18:df:73:f4:40,2026-08-04 03:52:05,E8X6iojo46RFyYc5zaAI4n7RYMR6jJXK,MVM783 - The Grandview at Las Vegas,5401B,Evolve M2
68:ab:a9:fe:5e:d0,2026-08-04 03:52:05,E8X6iojo46RFyYc5zaAI4n7RYMR6jJXK,MVM783 - The Grandview at Las Vegas,8906B,Evolve M2
10:2b:aa:51:4d:19,2026-08-04 03:52:05,E8X6iojo46RFyYc5zaAI4n7RYMR6jJXK,MVM783 - The Grandview at Las Vegas,52104A,Evolve M2
68:ab:a9:fe:94:2e,2026-08-04 03:52:04,E8X6iojo46RFyYc5zaAI4n7RYMR6jJXK,MVM783 - The Grandview at Las Vegas,4601B,Evolve M2
10:2b:aa:51:4e:60,2026-08-04 03:52:04,E8X6iojo46RFyYc5zaAI4n7RYMR6jJXK,MVM783 - The Grandview at Las Vegas,4506B,Evolve M2
68:ab:a9:fe:21:2f,2026-08-04 03:52:04,E8X6iojo46RFyYc5zaAI4n7RYMR6jJXK,MVM783 - The Grandview at Las Vegas,51709B,Evolve M2
68:ab:a9:fe:53:24,2026-08-04 03:52:04,E8X6iojo46RFyYc5zaAI4n7RYMR6jJXK,MVM783 - The Grandview at Las Vegas,3207A,Evolve M2
64:18:df:73:cd:1f,2026-08-04 03:52:04,E8X6iojo46RFyYc5zaAI4n7RYMR6jJXK,MVM783 - The Grandview at Las Vegas,6610A,Evolve M2
10:2b:aa:51:5a:24,2026-08-04 03:52:04,E8X6iojo46RFyYc5zaAI4n7RYMR6jJXK,MVM783 - The Grandview at Las Vegas,91003A,Evolve M2
10:2b:aa:51:61:aa,2026-08-04 03:52:03,E8X6iojo46RFyYc5zaAI4n7RYMR6jJXK,MVM783 - The Grandview at Las Vegas,4208A,Evolve M2
68:ab:a9:f8:58:e5,2026-08-04 03:52:03,E8X6iojo46RFyYc5zaAI4n7RYMR6jJXK,MVM783 - The Grandview at Las Vegas,1702A@L,Evolve M2
68:ab:a9:fc:26:56,2026-08-04 03:52:02,E8X6iojo46RFyYc5zaAI4n7RYMR6jJXK,MVM783 - The Grandview at Las Vegas,31004A,Evolve M2
64:18:df:74:34:3e,2026-08-04 03:52:02,E8X6iojo46RFyYc5zaAI4n7RYMR6jJXK,MVM783 - The Grandview at Las Vegas,4508B,Evolve M2
10:2b:aa:51:f5:b0,2026-08-04 03:52:02,E8X6iojo46RFyYc5zaAI4n7RYMR6jJXK,MVM783 - The Grandview at Las Vegas,21107A,Evolve M2
10:2b:aa:51:5f:f1,2026-08-04 03:52:02,E8X6iojo46RFyYc5zaAI4n7RYMR6jJXK,MVM783 - The Grandview at Las Vegas,61102A,Evolve M2
68:ab:a9:fe:8a:f1,2026-08-04 03:52:02,E8X6iojo46RFyYc5zaAI4n7RYMR6jJXK,MVM783 - The Grandview at Las Vegas,41103A,Evolve M2
64:18:df:74:04:55,2026-08-04 03:52:02,E8X6iojo46RFyYc5zaAI4n7RYMR6jJXK,MVM783 - The Grandview at Las Vegas,6208B,Evolve M2
64:18:df:74:91:79,2026-08-04 03:52:01,E8X6iojo46RFyYc5zaAI4n7RYMR6jJXK,MVM783 - The Grandview at Las Vegas,6309A,Evolve M2
68:ab:a9:fe:82:aa,2026-08-04 03:52:01,E8X6iojo46RFyYc5zaAI4n7RYMR6jJXK,MVM783 - The Grandview at Las Vegas,21102B,Evolve M2
10:2b:aa:51:5e:80,2026-08-04 03:52:01,E8X6iojo46RFyYc5zaAI4n7RYMR6jJXK,MVM783 - The Grandview at Las Vegas,31001B,Evolve M2
64:18:df:73:c9:02,2026-08-04 03:52:00,E8X6iojo46RFyYc5zaAI4n7RYMR6jJXK,MVM783 - The Grandview at Las Vegas,4404A,Evolve M2
10:2b:aa:51:69:24,2026-08-04 03:52:00,E8X6iojo46RFyYc5zaAI4n7RYMR6jJXK,MVM783 - The Grandview at Las Vegas,6503B,Evolve M2
10:2b:aa:51:53:5e,2026-08-04 03:52:00,E8X6iojo46RFyYc5zaAI4n7RYMR6jJXK,MVM783 - The Grandview at Las Vegas,41803A,Evolve M2
68:ab:a9:fc:2c:a7,2026-08-04 03:52:00,E8X6iojo46RFyYc5zaAI4n7RYMR6jJXK,MVM783 - The Grandview at Las Vegas,9705B,Evolve M2
64:18:df:74:28:1a,2026-08-04 03:52:00,E8X6iojo46RFyYc5zaAI4n7RYMR6jJXK,MVM783 - The Grandview at Las Vegas,61510A,Evolve M2
10:2b:aa:51:65:55,2026-08-04 03:52:00,E8X6iojo46RFyYc5zaAI4n7RYMR6jJXK,MVM783 - The Grandview at Las Vegas,3506B,Evolve M2
68:ab:a9:fe:b0:3e,2026-08-04 03:52:00,E8X6iojo46RFyYc5zaAI4n7RYMR6jJXK,MVM783 - The Grandview at Las Vegas,41206A,Evolve M2
68:ab:a9:fe:d6:60,2026-08-04 03:52:00,E8X6iojo46RFyYc5zaAI4n7RYMR6jJXK,MVM783 - The Grandview at Las Vegas,6810B,Evolve M2
10:2b:aa:51:f3:be,2026-08-04 03:52:00,E8X6iojo46RFyYc5zaAI4n7RYMR6jJXK,MVM783 - The Grandview at Las Vegas,8106A,Evolve M2
10:2b:aa:51:50:be,2026-08-04 03:52:00,E8X6iojo46RFyYc5zaAI4n7RYMR6jJXK,MVM783 - The Grandview at Las Vegas,5504B,Evolve M2
10:2b:aa:51:f9:1f,2026-08-04 03:52:00,E8X6iojo46RFyYc5zaAI4n7RYMR6jJXK,MVM783 - The Grandview at Las Vegas,6809A,Evolve M2
68:ab:a9:f7:de:d3,2026-08-04 03:52:00,E8X6iojo46RFyYc5zaAI4n7RYMR6jJXK,MVM783 - The Grandview at Las Vegas,1502A,Evolve M2
68:ab:a9:fd:1a:da,2026-08-04 03:52:00,E8X6iojo46RFyYc5zaAI4n7RYMR6jJXK,MVM783 - The Grandview at Las Vegas,6402B,Evolve M2
10:2b:aa:51:5f:e8,2026-08-04 03:51:59,E8X6iojo46RFyYc5zaAI4n7RYMR6jJXK,MVM783 - The Grandview at Las Vegas,4110A,Evolve M2
10:2b:aa:51:69:de,2026-08-04 03:51:59,E8X6iojo46RFyYc5zaAI4n7RYMR6jJXK,MVM783 - The Grandview at Las Vegas,51608A,Evolve M2
68:ab:a9:fe:95:5d,2026-08-04 03:51:59,E8X6iojo46RFyYc5zaAI4n7RYMR6jJXK,MVM783 - The Grandview at Las Vegas,4604B,Evolve M2
10:2b:aa:51:67:77,2026-08-04 03:51:59,E8X6iojo46RFyYc5zaAI4n7RYMR6jJXK,MVM783 - The Grandview at Las Vegas,41807A,Evolve M2
10:2b:aa:51:fe:a7,2026-08-04 03:51:58,E8X6iojo46RFyYc5zaAI4n7RYMR6jJXK,MVM783 - The Grandview at Las Vegas,4903A,Evolve M2
10:2b:aa:51:fe:53,2026-08-04 03:51:58,E8X6iojo46RFyYc5zaAI4n7RYMR6jJXK,MVM783 - The Grandview at Las Vegas,1904A@B,Evolve M2
10:2b:aa:51:fe:d7,2026-08-04 03:51:58,E8X6iojo46RFyYc5zaAI4n7RYMR6jJXK,MVM783 - The Grandview at Las Vegas,8604A,Evolve M2
10:2b:aa:51:f7:69,2026-08-04 03:51:57,E8X6iojo46RFyYc5zaAI4n7RYMR6jJXK,MVM783 - The Grandview at Las Vegas,2401B,Evolve M2
10:2b:aa:51:61:92,2026-08-04 03:51:57,E8X6iojo46RFyYc5zaAI4n7RYMR6jJXK,MVM783 - The Grandview at Las Vegas,4205A,Evolve M2
10:2b:aa:52:65:7c,2026-08-04 03:51:57,E8X6iojo46RFyYc5zaAI4n7RYMR6jJXK,MVM783 - The Grandview at Las Vegas,2504B,Evolve M2
68:ab:a9:fc:8b:7e,2026-08-04 03:51:57,E8X6iojo46RFyYc5zaAI4n7RYMR6jJXK,MVM783 - The Grandview at Las Vegas,8707A,Evolve M2
68:ab:a9:fe:d5:be,2026-08-04 03:51:57,E8X6iojo46RFyYc5zaAI4n7RYMR6jJXK,MVM783 - The Grandview at Las Vegas,4107B,Evolve M2
68:ab:a9:fc:85:5c,2026-08-04 03:51:57,E8X6iojo46RFyYc5zaAI4n7RYMR6jJXK,MVM783 - The Grandview at Las Vegas,1502B,Evolve M2
68:ab:a9:fd:bc:41,2026-08-04 03:51:57,E8X6iojo46RFyYc5zaAI4n7RYMR6jJXK,MVM783 - The Grandview at Las Vegas,62001B,Evolve M2
64:18:df:74:4f:84,2026-08-04 03:51:56,E8X6iojo46RFyYc5zaAI4n7RYMR6jJXK,MVM783 - The Grandview at Las Vegas,51901A,Evolve M2
64:18:df:74:85:85,2026-08-04 03:51:56,E8X6iojo46RFyYc5zaAI4n7RYMR6jJXK,MVM783 - The Grandview at Las Vegas,62004B,Evolve M2
68:ab:a9:fe:39:23,2026-08-04 03:51:56,E8X6iojo46RFyYc5zaAI4n7RYMR6jJXK,MVM783 - The Grandview at Las Vegas,6102A,Evolve M2
68:ab:a9:fe:74:fc,2026-08-04 03:51:56,E8X6iojo46RFyYc5zaAI4n7RYMR6jJXK,MVM783 - The Grandview at Las Vegas,4902A,Evolve M2
10:2b:aa:51:49:fe,2026-08-04 03:51:56,E8X6iojo46RFyYc5zaAI4n7RYMR6jJXK,MVM783 - The Grandview at Las Vegas,61609A,Evolve M2
68:ab:a9:fc:92:9b,2026-08-04 03:51:55,E8X6iojo46RFyYc5zaAI4n7RYMR6jJXK,MVM783 - The Grandview at Las Vegas,2404A,Evolve M2
10:2b:aa:51:52:f8,2026-08-04 03:51:55,E8X6iojo46RFyYc5zaAI4n7RYMR6jJXK,MVM783 - The Grandview at Las Vegas,3709B,Evolve M2
10:2b:aa:51:6c:00,2026-08-04 03:51:55,E8X6iojo46RFyYc5zaAI4n7RYMR6jJXK,MVM783 - The Grandview at Las Vegas,91110A,Evolve M2
10:2b:aa:51:61:74,2026-08-04 03:51:55,E8X6iojo46RFyYc5zaAI4n7RYMR6jJXK,MVM783 - The Grandview at Las Vegas,4201B,Evolve M2
10:2b:aa:51:67:35,2026-08-04 03:51:55,E8X6iojo46RFyYc5zaAI4n7RYMR6jJXK,MVM783 - The Grandview at Las Vegas,42001A,Evolve M2
64:18:df:74:15:1e,2026-08-04 03:51:55,E8X6iojo46RFyYc5zaAI4n7RYMR6jJXK,MVM783 - The Grandview at Las Vegas,51806B,Evolve M2
10:2b:aa:51:ff:3a,2026-08-04 03:51:55,E8X6iojo46RFyYc5zaAI4n7RYMR6jJXK,MVM783 - The Grandview at Las Vegas,81004A,Evolve M2
64:18:df:73:a9:94,2026-08-04 03:51:55,E8X6iojo46RFyYc5zaAI4n7RYMR6jJXK,MVM783 - The Grandview at Las Vegas,9806B,Evolve M2
64:18:df:74:5c:9a,2026-08-04 03:51:55,E8X6iojo46RFyYc5zaAI4n7RYMR6jJXK,MVM783 - The Grandview at Las Vegas,6210A,Evolve M2
64:18:df:74:94:48,2026-08-04 03:51:55,E8X6iojo46RFyYc5zaAI4n7RYMR6jJXK,MVM783 - The Grandview at Las Vegas,31009A,Evolve M2
68:ab:a9:ff:0d:1c,2026-08-04 03:51:55,E8X6iojo46RFyYc5zaAI4n7RYMR6jJXK,MVM783 - The Grandview at Las Vegas,42007B,Evolve M2
68:ab:a9:fe:70:5e,2026-08-04 03:51:54,E8X6iojo46RFyYc5zaAI4n7RYMR6jJXK,MVM783 - The Grandview at Las Vegas,8903B,Evolve M2
10:2b:aa:51:68:0a,2026-08-04 03:51:54,E8X6iojo46RFyYc5zaAI4n7RYMR6jJXK,MVM783 - The Grandview at Las Vegas,91105B,Evolve M2
10:2b:aa:51:f6:61,2026-08-04 03:51:54,E8X6iojo46RFyYc5zaAI4n7RYMR6jJXK,MVM783 - The Grandview at Las Vegas,21107A,Evolve M2
68:ab:a9:fb:83:ca,2026-08-04 03:51:53,E8X6iojo46RFyYc5zaAI4n7RYMR6jJXK,MVM783 - The Grandview at Las Vegas,8105A,Evolve M2
68:ab:a9:fe:7d:1b,2026-08-04 03:51:53,E8X6iojo46RFyYc5zaAI4n7RYMR6jJXK,MVM783 - The Grandview at Las Vegas,51601B,Evolve M2
68:ab:a9:f7:fc:78,2026-08-04 03:51:53,E8X6iojo46RFyYc5zaAI4n7RYMR6jJXK,MVM783 - The Grandview at Las Vegas,8602A,Evolve M2
10:2b:aa:51:6a:77,2026-08-04 03:51:53,E8X6iojo46RFyYc5zaAI4n7RYMR6jJXK,MVM783 - The Grandview at Las Vegas,41507A,Evolve M2
64:18:df:73:d9:5a,2026-08-04 03:51:53,E8X6iojo46RFyYc5zaAI4n7RYMR6jJXK,MVM783 - The Grandview at Las Vegas,51601B,Evolve M2
68:ab:a9:fc:dc:51,2026-08-04 03:51:52,E8X6iojo46RFyYc5zaAI4n7RYMR6jJXK,MVM783 - The Grandview at Las Vegas,61803B,Evolve M2
64:18:df:74:19:64,2026-08-04 03:51:52,E8X6iojo46RFyYc5zaAI4n7RYMR6jJXK,MVM783 - The Grandview at Las Vegas,61007A,Evolve M2
10:2b:aa:51:4e:ae,2026-08-04 03:51:52,E8X6iojo46RFyYc5zaAI4n7RYMR6jJXK,MVM783 - The Grandview at Las Vegas,8407B,Evolve M2
68:ab:a9:fc:9c:34,2026-08-04 03:51:52,E8X6iojo46RFyYc5zaAI4n7RYMR6jJXK,MVM783 - The Grandview at Las Vegas,61001B,Evolve M2
64:18:df:74:1b:15,2026-08-04 03:51:52,E8X6iojo46RFyYc5zaAI4n7RYMR6jJXK,MVM783 - The Grandview at Las Vegas,6304A,Evolve M2
68:ab:a9:ff:11:4e,2026-08-04 03:51:52,E8X6iojo46RFyYc5zaAI4n7RYMR6jJXK,MVM783 - The Grandview at Las Vegas,81108A,Evolve M2
68:ab:a9:fb:77:ab,2026-08-04 03:51:52,E8X6iojo46RFyYc5zaAI4n7RYMR6jJXK,MVM783 - The Grandview at Las Vegas,31006B,Evolve M2
10:2b:aa:51:4d:f1,2026-08-04 03:51:52,E8X6iojo46RFyYc5zaAI4n7RYMR6jJXK,MVM783 - The Grandview at Las Vegas,41103B,Evolve M2
10:2b:aa:51:4a:b5,2026-08-04 03:51:51,E8X6iojo46RFyYc5zaAI4n7RYMR6jJXK,MVM783 - The Grandview at Las Vegas,5607B,Evolve M2
68:ab:a9:fc:37:fe,2026-08-04 03:51:51,E8X6iojo46RFyYc5zaAI4n7RYMR6jJXK,MVM783 - The Grandview at Las Vegas,61609A,Evolve M2
64:18:df:74:3a:c3,2026-08-04 03:51:51,E8X6iojo46RFyYc5zaAI4n7RYMR6jJXK,MVM783 - The Grandview at Las Vegas,41401A,Evolve M2
64:18:df:73:ce:4e,2026-08-04 03:51:50,E8X6iojo46RFyYc5zaAI4n7RYMR6jJXK,MVM783 - The Grandview at Las Vegas,61004B,Evolve M2
10:2b:aa:51:ff:37,2026-08-04 03:51:50,E8X6iojo46RFyYc5zaAI4n7RYMR6jJXK,MVM783 - The Grandview at Las Vegas,81005A,Evolve M2
64:18:df:74:92:51,2026-08-04 03:51:50,E8X6iojo46RFyYc5zaAI4n7RYMR6jJXK,MVM783 - The Grandview at Las Vegas,3404B,Evolve M2
10:2b:aa:51:ff:d9,2026-08-04 03:51:50,E8X6iojo46RFyYc5zaAI4n7RYMR6jJXK,MVM783 - The Grandview at Las Vegas,1307B@L,Evolve M2
68:ab:a9:fc:3b:bc,2026-08-04 03:51:50,E8X6iojo46RFyYc5zaAI4n7RYMR6jJXK,MVM783 - The Grandview at Las Vegas,61401B,Evolve M2
68:ab:a9:f8:59:4e,2026-08-04 03:51:50,E8X6iojo46RFyYc5zaAI4n7RYMR6jJXK,MVM783 - The Grandview at Las Vegas,3409B,Evolve M2
10:2b:aa:51:f5:ad,2026-08-04 03:51:49,E8X6iojo46RFyYc5zaAI4n7RYMR6jJXK,MVM783 - The Grandview at Las Vegas,21101B,Evolve M2
10:2b:aa:51:62:0d,2026-08-04 03:51:49,E8X6iojo46RFyYc5zaAI4n7RYMR6jJXK,MVM783 - The Grandview at Las Vegas,4101B,Evolve M2
10:2b:aa:51:f4:7b,2026-08-04 03:51:49,E8X6iojo46RFyYc5zaAI4n7RYMR6jJXK,MVM783 - The Grandview at Las Vegas,0000A,Evolve M2
10:2b:aa:51:4b:15,2026-08-04 03:51:49,E8X6iojo46RFyYc5zaAI4n7RYMR6jJXK,MVM783 - The Grandview at Las Vegas,61709B,Evolve M2
64:18:df:74:11:fd,2026-08-04 03:51:49,E8X6iojo46RFyYc5zaAI4n7RYMR6jJXK,MVM783 - The Grandview at Las Vegas,62003A,Evolve M2
10:2b:aa:51:4d:a6,2026-08-04 03:51:49,E8X6iojo46RFyYc5zaAI4n7RYMR6jJXK,MVM783 - The Grandview at Las Vegas,61902A,Evolve M2
68:ab:a9:fb:7c:d2,2026-08-04 03:51:48,E8X6iojo46RFyYc5zaAI4n7RYMR6jJXK,MVM783 - The Grandview at Las Vegas,2306A,Evolve M2
10:2b:aa:50:94:03,2026-08-04 03:51:48,E8X6iojo46RFyYc5zaAI4n7RYMR6jJXK,MVM783 - The Grandview at Las Vegas,9201A,Evolve M2
68:ab:a9:fe:95:a7,2026-08-04 03:51:48,E8X6iojo46RFyYc5zaAI4n7RYMR6jJXK,MVM783 - The Grandview at Las Vegas,8904A,Evolve M2
64:18:df:73:e1:f4,2026-08-04 03:51:48,E8X6iojo46RFyYc5zaAI4n7RYMR6jJXK,MVM783 - The Grandview at Las Vegas,41509A,Evolve M2
68:ab:a9:f8:6c:a7,2026-08-04 03:51:48,E8X6iojo46RFyYc5zaAI4n7RYMR6jJXK,MVM783 - The Grandview at Las Vegas,8308A,Evolve M2
68:ab:a9:fc:4b:1a,2026-08-04 03:51:48,E8X6iojo46RFyYc5zaAI4n7RYMR6jJXK,MVM783 - The Grandview at Las Vegas,31007B,Evolve M2
64:18:df:74:06:7d,2026-08-04 03:51:47,E8X6iojo46RFyYc5zaAI4n7RYMR6jJXK,MVM783 - The Grandview at Las Vegas,4309A,Evolve M2
10:2b:aa:51:6b:0d,2026-08-04 03:51:47,E8X6iojo46RFyYc5zaAI4n7RYMR6jJXK,MVM783 - The Grandview at Las Vegas,41404A,Evolve M2
68:ab:a9:fc:94:73,2026-08-04 03:51:47,E8X6iojo46RFyYc5zaAI4n7RYMR6jJXK,MVM783 - The Grandview at Las Vegas,2502B,Evolve M2
10:2b:aa:50:be:39,2026-08-04 03:51:47,E8X6iojo46RFyYc5zaAI4n7RYMR6jJXK,MVM783 - The Grandview at Las Vegas,4710A,Evolve M2
68:ab:a9:ff:04:72,2026-08-04 03:51:46,E8X6iojo46RFyYc5zaAI4n7RYMR6jJXK,MVM783 - The Grandview at Las Vegas,51706A,Evolve M2
10:2b:aa:51:58:bc,2026-08-04 03:51:46,E8X6iojo46RFyYc5zaAI4n7RYMR6jJXK,MVM783 - The Grandview at Las Vegas,61202A,Evolve M2
68:ab:a9:fc:2c:43,2026-08-04 03:51:46,E8X6iojo46RFyYc5zaAI4n7RYMR6jJXK,MVM783 - The Grandview at Las Vegas,8104A,Evolve M2
10:2b:aa:51:4d:f7,2026-08-04 03:51:46,E8X6iojo46RFyYc5zaAI4n7RYMR6jJXK,MVM783 - The Grandview at Las Vegas,52104B,Evolve M2
10:2b:aa:51:f5:98,2026-08-04 03:51:46,E8X6iojo46RFyYc5zaAI4n7RYMR6jJXK,MVM783 - The Grandview at Las Vegas,9207B,Evolve M2
68:ab:a9:fe:7c:d0,2026-08-04 03:51:46,E8X6iojo46RFyYc5zaAI4n7RYMR6jJXK,MVM783 - The Grandview at Las Vegas,41005A,Evolve M2
64:18:df:73:ab:63,2026-08-04 03:51:46,E8X6iojo46RFyYc5zaAI4n7RYMR6jJXK,MVM783 - The Grandview at Las Vegas,9805A,Evolve M2
10:2b:aa:51:55:29,2026-08-04 03:51:46,E8X6iojo46RFyYc5zaAI4n7RYMR6jJXK,MVM783 - The Grandview at Las Vegas,5706B,Evolve M2
68:ab:a9:fe:a3:54,2026-08-04 03:51:46,E8X6iojo46RFyYc5zaAI4n7RYMR6jJXK,MVM783 - The Grandview at Las Vegas,8906B,Evolve M2
68:ab:a9:ff:0f:62,2026-08-04 03:51:46,E8X6iojo46RFyYc5zaAI4n7RYMR6jJXK,MVM783 - The Grandview at Las Vegas,51602B,Evolve M2
10:2b:aa:51:fa:72,2026-08-04 03:51:45,E8X6iojo46RFyYc5zaAI4n7RYMR6jJXK,MVM783 - The Grandview at Las Vegas,9409B,Evolve M2
68:ab:a9:fe:d1:72,2026-08-04 03:51:45,E8X6iojo46RFyYc5zaAI4n7RYMR6jJXK,MVM783 - The Grandview at Las Vegas,3602A,Evolve M2
10:2b:aa:51:f3:a6,2026-08-04 03:51:45,E8X6iojo46RFyYc5zaAI4n7RYMR6jJXK,MVM783 - The Grandview at Las Vegas,8503B,Evolve M2
10:2b:aa:51:4c:c2,2026-08-04 03:51:45,E8X6iojo46RFyYc5zaAI4n7RYMR6jJXK,MVM783 - The Grandview at Las Vegas,5710A,Evolve M2
64:18:df:74:15:08,2026-08-04 03:51:44,E8X6iojo46RFyYc5zaAI4n7RYMR6jJXK,MVM783 - The Grandview at Las Vegas,51808B,Evolve M2
68:ab:a9:fe:ec:04,2026-08-04 03:51:44,E8X6iojo46RFyYc5zaAI4n7RYMR6jJXK,MVM783 - The Grandview at Las Vegas,41008A,Evolve M2
68:ab:a9:fe:a5:46,2026-08-04 03:51:44,E8X6iojo46RFyYc5zaAI4n7RYMR6jJXK,MVM783 - The Grandview at Las Vegas,0000A,Evolve M2
10:2b:aa:52:65:31,2026-08-04 03:51:44,E8X6iojo46RFyYc5zaAI4n7RYMR6jJXK,MVM783 - The Grandview at Las Vegas,2603A,Evolve M2
68:ab:a9:f8:57:b0,2026-08-04 03:51:43,E8X6iojo46RFyYc5zaAI4n7RYMR6jJXK,MVM783 - The Grandview at Las Vegas,11004B,Evolve M2
64:18:df:73:c0:09,2026-08-04 03:51:43,E8X6iojo46RFyYc5zaAI4n7RYMR6jJXK,MVM783 - The Grandview at Las Vegas,3808A,Evolve M2
68:ab:a9:fb:19:50,2026-08-04 03:51:43,E8X6iojo46RFyYc5zaAI4n7RYMR6jJXK,MVM783 - The Grandview at Las Vegas,91005A,Evolve M2
10:2b:aa:51:4a:c7,2026-08-04 03:51:43,E8X6iojo46RFyYc5zaAI4n7RYMR6jJXK,MVM783 - The Grandview at Las Vegas,3801B,Evolve M2
68:ab:a9:fc:31:36,2026-08-04 03:51:43,E8X6iojo46RFyYc5zaAI4n7RYMR6jJXK,MVM783 - The Grandview at Las Vegas,9304A,Evolve M2
10:2b:aa:51:6c:15,2026-08-04 03:51:43,E8X6iojo46RFyYc5zaAI4n7RYMR6jJXK,MVM783 - The Grandview at Las Vegas,6906A,Evolve M2
68:ab:a9:fc:91:e8,2026-08-04 03:51:43,E8X6iojo46RFyYc5zaAI4n7RYMR6jJXK,MVM783 - The Grandview at Las Vegas,1606A@B,Evolve M2
10:2b:aa:51:54:36,2026-08-04 03:51:43,E8X6iojo46RFyYc5zaAI4n7RYMR6jJXK,MVM783 - The Grandview at Las Vegas,6706A,Evolve M2
64:18:df:73:ea:8e,2026-08-04 03:51:43,E8X6iojo46RFyYc5zaAI4n7RYMR6jJXK,MVM783 - The Grandview at Las Vegas,4409A,Evolve M2
68:ab:a9:fe:4b:c2,2026-08-04 03:51:42,E8X6iojo46RFyYc5zaAI4n7RYMR6jJXK,MVM783 - The Grandview at Las Vegas,9306A,Evolve M2
10:2b:aa:51:60:bd,2026-08-04 03:51:42,E8X6iojo46RFyYc5zaAI4n7RYMR6jJXK,MVM783 - The Grandview at Las Vegas,81103A,Evolve M2
10:2b:aa:51:51:15,2026-08-04 03:51:42,E8X6iojo46RFyYc5zaAI4n7RYMR6jJXK,MVM783 - The Grandview at Las Vegas,6401A,Evolve M2
68:ab:a9:fd:1c:3b,2026-08-04 03:51:41,E8X6iojo46RFyYc5zaAI4n7RYMR6jJXK,MVM783 - The Grandview at Las Vegas,4409B,Evolve M2
10:2b:aa:51:4e:cf,2026-08-04 03:51:41,E8X6iojo46RFyYc5zaAI4n7RYMR6jJXK,MVM783 - The Grandview at Las Vegas,61703A,Evolve M2
68:ab:a9:fe:b8:46,2026-08-04 03:51:40,E8X6iojo46RFyYc5zaAI4n7RYMR6jJXK,MVM783 - The Grandview at Las Vegas,9806A,Evolve M2
10:2b:aa:51:4a:28,2026-08-04 03:51:40,E8X6iojo46RFyYc5zaAI4n7RYMR6jJXK,MVM783 - The Grandview at Las Vegas,8807A,Evolve M2
10:2b:aa:50:93:c7,2026-08-04 03:51:40,E8X6iojo46RFyYc5zaAI4n7RYMR6jJXK,MVM783 - The Grandview at Las Vegas,9207A,Evolve M2
68:ab:a9:fe:70:77,2026-08-04 03:51:40,E8X6iojo46RFyYc5zaAI4n7RYMR6jJXK,MVM783 - The Grandview at Las Vegas,6807A,Evolve M2
10:2b:aa:51:55:1d,2026-08-04 03:51:40,E8X6iojo46RFyYc5zaAI4n7RYMR6jJXK,MVM783 - The Grandview at Las Vegas,3808B,Evolve M2
68:ab:a9:fc:2b:10,2026-08-04 03:51:40,E8X6iojo46RFyYc5zaAI4n7RYMR6jJXK,MVM783 - The Grandview at Las Vegas,2205A,Evolve M2
68:ab:a9:fe:83:8a,2026-08-04 03:51:40,E8X6iojo46RFyYc5zaAI4n7RYMR6jJXK,MVM783 - The Grandview at Las Vegas,9102B,Evolve M2
68:ab:a9:fc:02:f9,2026-08-04 03:51:40,E8X6iojo46RFyYc5zaAI4n7RYMR6jJXK,MVM783 - The Grandview at Las Vegas,1607A,Evolve M2
10:2b:aa:51:65:f1,2026-08-04 03:51:40,E8X6iojo46RFyYc5zaAI4n7RYMR6jJXK,MVM783 - The Grandview at Las Vegas,3401A,Evolve M2
10:2b:aa:51:6c:ab,2026-08-04 03:51:40,E8X6iojo46RFyYc5zaAI4n7RYMR6jJXK,MVM783 - The Grandview at Las Vegas,8107B,Evolve M2
68:ab:a9:fc:16:a3,2026-08-04 03:51:39,E8X6iojo46RFyYc5zaAI4n7RYMR6jJXK,MVM783 - The Grandview at Las Vegas,2103A,Evolve M2
10:2b:aa:50:c2:86,2026-08-04 03:51:39,E8X6iojo46RFyYc5zaAI4n7RYMR6jJXK,MVM783 - The Grandview at Las Vegas,51105A,Evolve M2
64:18:df:73:ed:a0,2026-08-04 03:51:39,E8X6iojo46RFyYc5zaAI4n7RYMR6jJXK,MVM783 - The Grandview at Las Vegas,91210A,Evolve M2
64:18:df:74:59:a7,2026-08-04 03:51:39,E8X6iojo46RFyYc5zaAI4n7RYMR6jJXK,MVM783 - The Grandview at Las Vegas,62102B,Evolve M2
68:ab:a9:fc:7d:83,2026-08-04 03:51:38,E8X6iojo46RFyYc5zaAI4n7RYMR6jJXK,MVM783 - The Grandview at Las Vegas,3209A,Evolve M2
68:ab:a9:fc:94:3e,2026-08-04 03:51:38,E8X6iojo46RFyYc5zaAI4n7RYMR6jJXK,MVM783 - The Grandview at Las Vegas,21106B,Evolve M2
10:2b:aa:51:68:5e,2026-08-04 03:51:38,E8X6iojo46RFyYc5zaAI4n7RYMR6jJXK,MVM783 - The Grandview at Las Vegas,41807A,Evolve M2
10:2b:aa:51:51:72,2026-08-04 03:51:38,E8X6iojo46RFyYc5zaAI4n7RYMR6jJXK,MVM783 - The Grandview at Las Vegas,6109A,Evolve M2
68:ab:a9:fe:a9:54,2026-08-04 03:51:38,E8X6iojo46RFyYc5zaAI4n7RYMR6jJXK,MVM783 - The Grandview at Las Vegas,21005A,Evolve M2
68:ab:a9:fc:ff:e5,2026-08-04 03:51:37,E8X6iojo46RFyYc5zaAI4n7RYMR6jJXK,MVM783 - The Grandview at Las Vegas,52103A,Evolve M2
68:ab:a9:f8:5d:d2,2026-08-04 03:51:37,E8X6iojo46RFyYc5zaAI4n7RYMR6jJXK,MVM783 - The Grandview at Las Vegas,11001A,Evolve M2
68:ab:a9:fe:60:a7,2026-08-04 03:51:37,E8X6iojo46RFyYc5zaAI4n7RYMR6jJXK,MVM783 - The Grandview at Las Vegas,9701B,Evolve M2
68:ab:a9:fe:36:d7,2026-08-04 03:51:37,E8X6iojo46RFyYc5zaAI4n7RYMR6jJXK,MVM783 - The Grandview at Las Vegas,2105A,Evolve M2
64:18:df:74:60:02,2026-08-04 03:51:37,E8X6iojo46RFyYc5zaAI4n7RYMR6jJXK,MVM783 - The Grandview at Las Vegas,62008A,Evolve M2
68:ab:a9:f7:df:eb,2026-08-04 03:51:37,E8X6iojo46RFyYc5zaAI4n7RYMR6jJXK,MVM783 - The Grandview at Las Vegas,3203A,Evolve M2
68:ab:a9:f7:c4:f9,2026-08-04 03:51:36,E8X6iojo46RFyYc5zaAI4n7RYMR6jJXK,MVM783 - The Grandview at Las Vegas,1405B@B,Evolve M2
10:2b:aa:51:55:17,2026-08-04 03:51:36,E8X6iojo46RFyYc5zaAI4n7RYMR6jJXK,MVM783 - The Grandview at Las Vegas,4309A,Evolve M2
68:ab:a9:fe:ef:3d,2026-08-04 03:51:36,E8X6iojo46RFyYc5zaAI4n7RYMR6jJXK,MVM783 - The Grandview at Las Vegas,21207A,Evolve M2
10:2b:aa:51:60:81,2026-08-04 03:51:36,E8X6iojo46RFyYc5zaAI4n7RYMR6jJXK,MVM783 - The Grandview at Las Vegas,61102A,Evolve M2
10:2b:aa:52:65:6a,2026-08-04 03:51:36,E8X6iojo46RFyYc5zaAI4n7RYMR6jJXK,MVM783 - The Grandview at Las Vegas,2507B,Evolve M2
10:2b:aa:51:58:38,2026-08-04 03:51:36,E8X6iojo46RFyYc5zaAI4n7RYMR6jJXK,MVM783 - The Grandview at Las Vegas,61904A,Evolve M2
10:2b:aa:51:50:85,2026-08-04 03:51:36,E8X6iojo46RFyYc5zaAI4n7RYMR6jJXK,MVM783 - The Grandview at Las Vegas,4403B,Evolve M2
68:ab:a9:fc:42:31,2026-08-04 03:51:36,E8X6iojo46RFyYc5zaAI4n7RYMR6jJXK,MVM783 - The Grandview at Las Vegas,9403B,Evolve M2
68:ab:a9:fb:bc:8b,2026-08-04 03:51:35,E8X6iojo46RFyYc5zaAI4n7RYMR6jJXK,MVM783 - The Grandview at Las Vegas,1607B,Evolve M2
10:2b:aa:51:6b:cd,2026-08-04 03:51:35,E8X6iojo46RFyYc5zaAI4n7RYMR6jJXK,MVM783 - The Grandview at Las Vegas,6503B,Evolve M2
68:ab:a9:fb:e8:44,2026-08-04 03:51:34,E8X6iojo46RFyYc5zaAI4n7RYMR6jJXK,MVM783 - The Grandview at Las Vegas,1306A,Evolve M2
68:ab:a9:fe:c9:b5,2026-08-04 03:51:34,E8X6iojo46RFyYc5zaAI4n7RYMR6jJXK,MVM783 - The Grandview at Las Vegas,21205A,Evolve M2
64:18:df:74:0e:85,2026-08-04 03:51:34,E8X6iojo46RFyYc5zaAI4n7RYMR6jJXK,MVM783 - The Grandview at Las Vegas,5604B,Evolve M2
10:2b:aa:51:49:41,2026-08-04 03:51:34,E8X6iojo46RFyYc5zaAI4n7RYMR6jJXK,MVM783 - The Grandview at Las Vegas,41808A,Evolve M2
68:ab:a9:ff:00:fb,2026-08-04 03:51:34,E8X6iojo46RFyYc5zaAI4n7RYMR6jJXK,MVM783 - The Grandview at Las Vegas,1805B,Evolve M2
10:2b:aa:51:f4:8d,2026-08-04 03:51:34,E8X6iojo46RFyYc5zaAI4n7RYMR6jJXK,MVM783 - The Grandview at Las Vegas,8507A,Evolve M2
68:ab:a9:fe:ad:30,2026-08-04 03:51:34,E8X6iojo46RFyYc5zaAI4n7RYMR6jJXK,MVM783 - The Grandview at Las Vegas,2105B,Evolve M2
68:ab:a9:fe:a5:31,2026-08-04 03:51:34,E8X6iojo46RFyYc5zaAI4n7RYMR6jJXK,MVM783 - The Grandview at Las Vegas,9801B,Evolve M2
64:18:df:74:3c:ec,2026-08-04 03:51:33,E8X6iojo46RFyYc5zaAI4n7RYMR6jJXK,MVM783 - The Grandview at Las Vegas,41403A,Evolve M2
64:18:df:74:10:55,2026-08-04 03:51:33,E8X6iojo46RFyYc5zaAI4n7RYMR6jJXK,MVM783 - The Grandview at Las Vegas,52102A,Evolve M2
68:ab:a9:fe:d4:b7,2026-08-04 03:51:33,E8X6iojo46RFyYc5zaAI4n7RYMR6jJXK,MVM783 - The Grandview at Las Vegas,9706B,Evolve M2
10:2b:aa:51:5f:c7,2026-08-04 03:51:33,E8X6iojo46RFyYc5zaAI4n7RYMR6jJXK,MVM783 - The Grandview at Las Vegas,4206B,Evolve M2
68:ab:a9:fb:1d:2e,2026-08-04 03:51:32,E8X6iojo46RFyYc5zaAI4n7RYMR6jJXK,MVM783 - The Grandview at Las Vegas,42002A,Evolve M2
10:2b:aa:51:5c:94,2026-08-04 03:51:32,E8X6iojo46RFyYc5zaAI4n7RYMR6jJXK,MVM783 - The Grandview at Las Vegas,4702A,Evolve M2
10:2b:aa:51:58:e6,2026-08-04 03:51:32,E8X6iojo46RFyYc5zaAI4n7RYMR6jJXK,MVM783 - The Grandview at Las Vegas,9106A,Evolve M2
64:18:df:73:ed:13,2026-08-04 03:51:32,E8X6iojo46RFyYc5zaAI4n7RYMR6jJXK,MVM783 - The Grandview at Las Vegas,61210A,Evolve M2
10:2b:aa:51:60:ae,2026-08-04 03:51:32,E8X6iojo46RFyYc5zaAI4n7RYMR6jJXK,MVM783 - The Grandview at Las Vegas,61405B,Evolve M2
10:2b:aa:51:58:b3,2026-08-04 03:51:32,E8X6iojo46RFyYc5zaAI4n7RYMR6jJXK,MVM783 - The Grandview at Las Vegas,3310B,Evolve M2
10:2b:aa:51:ff:22,2026-08-04 03:51:32,E8X6iojo46RFyYc5zaAI4n7RYMR6jJXK,MVM783 - The Grandview at Las Vegas,81001B,Evolve M2
68:ab:a9:fe:ff:b6,2026-08-04 03:51:32,E8X6iojo46RFyYc5zaAI4n7RYMR6jJXK,MVM783 - The Grandview at Las Vegas,8204B,Evolve M2
68:ab:a9:fe:ae:8a,2026-08-04 03:51:31,E8X6iojo46RFyYc5zaAI4n7RYMR6jJXK,MVM783 - The Grandview at Las Vegas,4908B,Evolve M2
10:2b:aa:51:5d:8a,2026-08-04 03:51:31,E8X6iojo46RFyYc5zaAI4n7RYMR6jJXK,MVM783 - The Grandview at Las Vegas,4704B,Evolve M2
68:ab:a9:fc:86:60,2026-08-04 03:51:31,E8X6iojo46RFyYc5zaAI4n7RYMR6jJXK,MVM783 - The Grandview at Las Vegas,3203B,Evolve M2
68:ab:a9:fc:55:6c,2026-08-04 03:51:31,E8X6iojo46RFyYc5zaAI4n7RYMR6jJXK,MVM783 - The Grandview at Las Vegas,9702B,Evolve M2
64:18:df:74:5c:f3,2026-08-04 03:51:31,E8X6iojo46RFyYc5zaAI4n7RYMR6jJXK,MVM783 - The Grandview at Las Vegas,6208B,Evolve M2
10:2b:aa:51:63:09,2026-08-04 03:51:30,E8X6iojo46RFyYc5zaAI4n7RYMR6jJXK,MVM783 - The Grandview at Las Vegas,4801A,Evolve M2
64:18:df:74:37:03,2026-08-04 03:51:30,E8X6iojo46RFyYc5zaAI4n7RYMR6jJXK,MVM783 - The Grandview at Las Vegas,41909A,Evolve M2
10:2b:aa:51:6c:81,2026-08-04 03:51:30,E8X6iojo46RFyYc5zaAI4n7RYMR6jJXK,MVM783 - The Grandview at Las Vegas,3607A,Evolve M2
68:ab:a9:f7:cc:f2,2026-08-04 03:51:29,E8X6iojo46RFyYc5zaAI4n7RYMR6jJXK,MVM783 - The Grandview at Las Vegas,11108A,Evolve M2
68:ab:a9:fe:de:f6,2026-08-04 03:51:29,E8X6iojo46RFyYc5zaAI4n7RYMR6jJXK,MVM783 - The Grandview at Las Vegas,41207B,Evolve M2
10:2b:aa:51:fb:23,2026-08-04 03:51:29,E8X6iojo46RFyYc5zaAI4n7RYMR6jJXK,MVM783 - The Grandview at Las Vegas,2506B,Evolve M2
64:18:df:73:c1:e0,2026-08-04 03:51:29,E8X6iojo46RFyYc5zaAI4n7RYMR6jJXK,MVM783 - The Grandview at Las Vegas,6305A,Evolve M2
10:2b:aa:51:6c:96,2026-08-04 03:51:29,E8X6iojo46RFyYc5zaAI4n7RYMR6jJXK,MVM783 - The Grandview at Las Vegas,8708A,Evolve M2
10:2b:aa:51:50:df,2026-08-04 03:51:28,E8X6iojo46RFyYc5zaAI4n7RYMR6jJXK,MVM783 - The Grandview at Las Vegas,61807A,Evolve M2
68:ab:a9:fc:1d:0b,2026-08-04 03:51:28,E8X6iojo46RFyYc5zaAI4n7RYMR6jJXK,MVM783 - The Grandview at Las Vegas,8103A,Evolve M2
64:18:df:73:e3:56,2026-08-04 03:51:28,E8X6iojo46RFyYc5zaAI4n7RYMR6jJXK,MVM783 - The Grandview at Las Vegas,6303B,Evolve M2
10:2b:aa:51:63:e7,2026-08-04 03:51:28,E8X6iojo46RFyYc5zaAI4n7RYMR6jJXK,MVM783 - The Grandview at Las Vegas,3704B,Evolve M2
10:2b:aa:51:63:87,2026-08-04 03:51:27,E8X6iojo46RFyYc5zaAI4n7RYMR6jJXK,MVM783 - The Grandview at Las Vegas,3704B,Evolve M2
10:2b:aa:51:66:81,2026-08-04 03:51:27,E8X6iojo46RFyYc5zaAI4n7RYMR6jJXK,MVM783 - The Grandview at Las Vegas,8803A,Evolve M2
68:ab:a9:fe:7b:96,2026-08-04 03:51:27,E8X6iojo46RFyYc5zaAI4n7RYMR6jJXK,MVM783 - The Grandview at Las Vegas,9610B,Evolve M2
68:ab:a9:f8:cf:14,2026-08-04 03:51:26,E8X6iojo46RFyYc5zaAI4n7RYMR6jJXK,MVM783 - The Grandview at Las Vegas,8308A,Evolve M2
10:2b:aa:50:be:9f,2026-08-04 03:51:26,E8X6iojo46RFyYc5zaAI4n7RYMR6jJXK,MVM783 - The Grandview at Las Vegas,51008A,Evolve M2
64:18:df:73:f3:7b,2026-08-04 03:51:26,E8X6iojo46RFyYc5zaAI4n7RYMR6jJXK,MVM783 - The Grandview at Las Vegas,5101A,Evolve M2
68:ab:a9:fe:80:5e,2026-08-04 03:51:26,E8X6iojo46RFyYc5zaAI4n7RYMR6jJXK,MVM783 - The Grandview at Las Vegas,81006A,Evolve M2
68:ab:a9:fd:6a:63,2026-08-04 03:51:26,E8X6iojo46RFyYc5zaAI4n7RYMR6jJXK,MVM783 - The Grandview at Las Vegas,41405B,Evolve M2
10:2b:aa:51:52:3e,2026-08-04 03:51:26,E8X6iojo46RFyYc5zaAI4n7RYMR6jJXK,MVM783 - The Grandview at Las Vegas,51204A,Evolve M2
10:2b:aa:51:f3:c7,2026-08-04 03:51:26,E8X6iojo46RFyYc5zaAI4n7RYMR6jJXK,MVM783 - The Grandview at Las Vegas,11206B,Evolve M2
64:18:df:74:66:ce,2026-08-04 03:51:26,E8X6iojo46RFyYc5zaAI4n7RYMR6jJXK,MVM783 - The Grandview at Las Vegas,91002A,Evolve M2
64:18:df:74:18:89,2026-08-04 03:51:26,E8X6iojo46RFyYc5zaAI4n7RYMR6jJXK,MVM783 - The Grandview at Las Vegas,41602B,Evolve M2
10:2b:aa:51:6a:50,2026-08-04 03:51:25,E8X6iojo46RFyYc5zaAI4n7RYMR6jJXK,MVM783 - The Grandview at Las Vegas,9803B,Evolve M2
64:18:df:74:31:0d,2026-08-04 03:51:25,E8X6iojo46RFyYc5zaAI4n7RYMR6jJXK,MVM783 - The Grandview at Las Vegas,4804A,Evolve M2
10:2b:aa:51:53:a6,2026-08-04 03:51:25,E8X6iojo46RFyYc5zaAI4n7RYMR6jJXK,MVM783 - The Grandview at Las Vegas,41804A,Evolve M2
68:ab:a9:fc:a3:5a,2026-08-04 03:51:25,E8X6iojo46RFyYc5zaAI4n7RYMR6jJXK,MVM783 - The Grandview at Las Vegas,2108A,Evolve M2
64:18:df:74:1b:77,2026-08-04 03:51:25,E8X6iojo46RFyYc5zaAI4n7RYMR6jJXK,MVM783 - The Grandview at Las Vegas,51904A,Evolve M2
68:ab:a9:f9:85:29,2026-08-04 03:51:25,E8X6iojo46RFyYc5zaAI4n7RYMR6jJXK,MVM783 - The Grandview at Las Vegas,6708A,Evolve M2
64:18:df:73:bf:af,2026-08-04 03:51:25,E8X6iojo46RFyYc5zaAI4n7RYMR6jJXK,MVM783 - The Grandview at Las Vegas,3309A,Evolve M2
10:2b:aa:51:48:c3,2026-08-04 03:51:24,E8X6iojo46RFyYc5zaAI4n7RYMR6jJXK,MVM783 - The Grandview at Las Vegas,91005B,Evolve M2
68:ab:a9:fe:84:56,2026-08-04 03:51:24,E8X6iojo46RFyYc5zaAI4n7RYMR6jJXK,MVM783 - The Grandview at Las Vegas,81205A,Evolve M2
64:18:df:73:e1:d6,2026-08-04 03:51:24,E8X6iojo46RFyYc5zaAI4n7RYMR6jJXK,MVM783 - The Grandview at Las Vegas,4408A,Evolve M2
68:ab:a9:fc:93:70,2026-08-04 03:51:24,E8X6iojo46RFyYc5zaAI4n7RYMR6jJXK,MVM783 - The Grandview at Las Vegas,2908A,Evolve M2
68:ab:a9:ff:09:d0,2026-08-04 03:51:24,E8X6iojo46RFyYc5zaAI4n7RYMR6jJXK,MVM783 - The Grandview at Las Vegas,2907A,Evolve M2
68:ab:a9:f7:e3:77,2026-08-04 03:51:24,E8X6iojo46RFyYc5zaAI4n7RYMR6jJXK,MVM783 - The Grandview at Las Vegas,3203A,Evolve M2
68:ab:a9:fe:b8:65,2026-08-04 03:51:24,E8X6iojo46RFyYc5zaAI4n7RYMR6jJXK,MVM783 - The Grandview at Las Vegas,41206A,Evolve M2
68:ab:a9:fe:6a:ec,2026-08-04 03:51:23,E8X6iojo46RFyYc5zaAI4n7RYMR6jJXK,MVM783 - The Grandview at Las Vegas,8207B,Evolve M2
10:2b:aa:50:c3:13,2026-08-04 03:51:23,E8X6iojo46RFyYc5zaAI4n7RYMR6jJXK,MVM783 - The Grandview at Las Vegas,51104A,Evolve M2
64:18:df:73:f2:8c,2026-08-04 03:51:23,E8X6iojo46RFyYc5zaAI4n7RYMR6jJXK,MVM783 - The Grandview at Las Vegas,6704B,Evolve M2
10:2b:aa:51:65:be,2026-08-04 03:51:23,E8X6iojo46RFyYc5zaAI4n7RYMR6jJXK,MVM783 - The Grandview at Las Vegas,4805B,Evolve M2
64:18:df:74:69:e3,2026-08-04 03:51:23,E8X6iojo46RFyYc5zaAI4n7RYMR6jJXK,MVM783 - The Grandview at Las Vegas,4610A,Evolve M2
68:ab:a9:fc:16:40,2026-08-04 03:51:22,E8X6iojo46RFyYc5zaAI4n7RYMR6jJXK,MVM783 - The Grandview at Las Vegas,3102B,Evolve M2
10:2b:aa:51:59:ac,2026-08-04 03:51:22,E8X6iojo46RFyYc5zaAI4n7RYMR6jJXK,MVM783 - The Grandview at Las Vegas,6906A,Evolve M2
10:2b:aa:51:f7:ea,2026-08-04 03:51:22,E8X6iojo46RFyYc5zaAI4n7RYMR6jJXK,MVM783 - The Grandview at Las Vegas,91004B,Evolve M2
64:18:df:74:19:07,2026-08-04 03:51:22,E8X6iojo46RFyYc5zaAI4n7RYMR6jJXK,MVM783 - The Grandview at Las Vegas,51905B,Evolve M2
68:ab:a9:fe:49:9d,2026-08-04 03:51:22,E8X6iojo46RFyYc5zaAI4n7RYMR6jJXK,MVM783 - The Grandview at Las Vegas,61002A,Evolve M2
64:18:df:74:67:85,2026-08-04 03:51:22,E8X6iojo46RFyYc5zaAI4n7RYMR6jJXK,MVM783 - The Grandview at Las Vegas,62109B,Evolve M2
10:2b:aa:51:48:de,2026-08-04 03:51:21,E8X6iojo46RFyYc5zaAI4n7RYMR6jJXK,MVM783 - The Grandview at Las Vegas,61408B,Evolve M2
64:18:df:74:1a:cb,2026-08-04 03:51:21,E8X6iojo46RFyYc5zaAI4n7RYMR6jJXK,MVM783 - The Grandview at Las Vegas,61009B,Evolve M2
68:ab:a9:fe:df:6d,2026-08-04 03:51:21,E8X6iojo46RFyYc5zaAI4n7RYMR6jJXK,MVM783 - The Grandview at Las Vegas,41703A,Evolve M2
68:ab:a9:fe:91:af,2026-08-04 03:51:21,E8X6iojo46RFyYc5zaAI4n7RYMR6jJXK,MVM783 - The Grandview at Las Vegas,9305B,Evolve M2
68:ab:a9:fe:a3:45,2026-08-04 03:51:21,E8X6iojo46RFyYc5zaAI4n7RYMR6jJXK,MVM783 - The Grandview at Las Vegas,1708A,Evolve M2
10:2b:aa:51:67:2c,2026-08-04 03:51:21,E8X6iojo46RFyYc5zaAI4n7RYMR6jJXK,MVM783 - The Grandview at Las Vegas,42004B,Evolve M2
10:2b:aa:51:63:15,2026-08-04 03:51:21,E8X6iojo46RFyYc5zaAI4n7RYMR6jJXK,MVM783 - The Grandview at Las Vegas,4302B,Evolve M2
68:ab:a9:fe:9e:36,2026-08-04 03:51:20,E8X6iojo46RFyYc5zaAI4n7RYMR6jJXK,MVM783 - The Grandview at Las Vegas,1302A@L,Evolve M2
10:2b:aa:51:fc:91,2026-08-04 03:51:20,E8X6iojo46RFyYc5zaAI4n7RYMR6jJXK,MVM783 - The Grandview at Las Vegas,21202A,Evolve M2
68:ab:a9:f8:ab:d8,2026-08-04 03:51:20,E8X6iojo46RFyYc5zaAI4n7RYMR6jJXK,MVM783 - The Grandview at Las Vegas,9704B,Evolve M2
68:ab:a9:fe:39:e0,2026-08-04 03:51:19,E8X6iojo46RFyYc5zaAI4n7RYMR6jJXK,MVM783 - The Grandview at Las Vegas,51204B,Evolve M2
10:2b:aa:51:f3:58,2026-08-04 03:51:19,E8X6iojo46RFyYc5zaAI4n7RYMR6jJXK,MVM783 - The Grandview at Las Vegas,9107B,Evolve M2
68:ab:a9:f8:5b:ff,2026-08-04 03:51:19,E8X6iojo46RFyYc5zaAI4n7RYMR6jJXK,MVM783 - The Grandview at Las Vegas,62110A,Evolve M2
10:2b:aa:51:61:4a,2026-08-04 03:51:19,E8X6iojo46RFyYc5zaAI4n7RYMR6jJXK,MVM783 - The Grandview at Las Vegas,62102A,Evolve M2
68:ab:a9:fb:d6:9a,2026-08-04 03:51:19,E8X6iojo46RFyYc5zaAI4n7RYMR6jJXK,MVM783 - The Grandview at Las Vegas,3907A,Evolve M2
68:ab:a9:fb:f6:f3,2026-08-04 03:51:19,E8X6iojo46RFyYc5zaAI4n7RYMR6jJXK,MVM783 - The Grandview at Las Vegas,2208A,Evolve M2
68:ab:a9:fe:d1:12,2026-08-04 03:51:19,E8X6iojo46RFyYc5zaAI4n7RYMR6jJXK,MVM783 - The Grandview at Las Vegas,9404A,Evolve M2
68:ab:a9:fc:16:91,2026-08-04 03:51:19,E8X6iojo46RFyYc5zaAI4n7RYMR6jJXK,MVM783 - The Grandview at Las Vegas,9807A,Evolve M2
10:2b:aa:51:48:84,2026-08-04 03:51:19,E8X6iojo46RFyYc5zaAI4n7RYMR6jJXK,MVM783 - The Grandview at Las Vegas,41801B,Evolve M2
68:ab:a9:fe:cf:60,2026-08-04 03:51:19,E8X6iojo46RFyYc5zaAI4n7RYMR6jJXK,MVM783 - The Grandview at Las Vegas,1801A,Evolve M2
10:2b:aa:51:5a:6c,2026-08-04 03:51:19,E8X6iojo46RFyYc5zaAI4n7RYMR6jJXK,MVM783 - The Grandview at Las Vegas,3502A,Evolve M2
64:18:df:73:f6:17,2026-08-04 03:51:19,E8X6iojo46RFyYc5zaAI4n7RYMR6jJXK,MVM783 - The Grandview at Las Vegas,52004A,Evolve M2
68:ab:a9:fc:23:70,2026-08-04 03:51:18,E8X6iojo46RFyYc5zaAI4n7RYMR6jJXK,MVM783 - The Grandview at Las Vegas,61805B,Evolve M2
68:ab:a9:ff:0d:8e,2026-08-04 03:51:17,E8X6iojo46RFyYc5zaAI4n7RYMR6jJXK,MVM783 - The Grandview at Las Vegas,31010B,Evolve M2
10:2b:aa:51:ff:df,2026-08-04 03:51:17,E8X6iojo46RFyYc5zaAI4n7RYMR6jJXK,MVM783 - The Grandview at Las Vegas,2607A,Evolve M2
10:2b:aa:51:59:76,2026-08-04 03:51:17,E8X6iojo46RFyYc5zaAI4n7RYMR6jJXK,MVM783 - The Grandview at Las Vegas,6907B,Evolve M2
68:ab:a9:f8:55:85,2026-08-04 03:51:17,E8X6iojo46RFyYc5zaAI4n7RYMR6jJXK,MVM783 - The Grandview at Las Vegas,3201B,Evolve M2
68:ab:a9:fb:d6:59,2026-08-04 03:51:17,E8X6iojo46RFyYc5zaAI4n7RYMR6jJXK,MVM783 - The Grandview at Las Vegas,1404A@L,Evolve M2
64:18:df:73:f8:92,2026-08-04 03:51:17,E8X6iojo46RFyYc5zaAI4n7RYMR6jJXK,MVM783 - The Grandview at Las Vegas,61008B,Evolve M2
68:ab:a9:fe:d9:30,2026-08-04 03:51:16,E8X6iojo46RFyYc5zaAI4n7RYMR6jJXK,MVM783 - The Grandview at Las Vegas,21207B,Evolve M2
64:18:df:74:58:61,2026-08-04 03:51:16,E8X6iojo46RFyYc5zaAI4n7RYMR6jJXK,MVM783 - The Grandview at Las Vegas,51810A,Evolve M2
68:ab:a9:f7:ca:c4,2026-08-04 03:51:16,E8X6iojo46RFyYc5zaAI4n7RYMR6jJXK,MVM783 - The Grandview at Las Vegas,11108A,Evolve M2
64:18:df:73:ac:ee,2026-08-04 03:51:16,E8X6iojo46RFyYc5zaAI4n7RYMR6jJXK,MVM783 - The Grandview at Las Vegas,62101B,Evolve M2
68:ab:a9:fc:03:d4,2026-08-04 03:51:15,E8X6iojo46RFyYc5zaAI4n7RYMR6jJXK,MVM783 - The Grandview at Las Vegas,8202A,Evolve M2
10:2b:aa:51:67:1a,2026-08-04 03:51:15,E8X6iojo46RFyYc5zaAI4n7RYMR6jJXK,MVM783 - The Grandview at Las Vegas,4303B,Evolve M2
68:ab:a9:fe:93:03,2026-08-04 03:51:15,E8X6iojo46RFyYc5zaAI4n7RYMR6jJXK,MVM783 - The Grandview at Las Vegas,81003A,Evolve M2
10:2b:aa:51:69:72,2026-08-04 03:51:15,E8X6iojo46RFyYc5zaAI4n7RYMR6jJXK,MVM783 - The Grandview at Las Vegas,5404B,Evolve M2
68:ab:a9:ff:12:23,2026-08-04 03:51:15,E8X6iojo46RFyYc5zaAI4n7RYMR6jJXK,MVM783 - The Grandview at Las Vegas,61508B,Evolve M2
68:ab:a9:f9:48:f3,2026-08-04 03:51:14,E8X6iojo46RFyYc5zaAI4n7RYMR6jJXK,MVM783 - The Grandview at Las Vegas,2702B,Evolve M2
10:2b:aa:51:64:95,2026-08-04 03:51:14,E8X6iojo46RFyYc5zaAI4n7RYMR6jJXK,MVM783 - The Grandview at Las Vegas,61206B,Evolve M2
68:ab:a9:fe:c2:a9,2026-08-04 03:51:14,E8X6iojo46RFyYc5zaAI4n7RYMR6jJXK,MVM783 - The Grandview at Las Vegas,21006A,Evolve M2
10:2b:aa:51:50:1f,2026-08-04 03:51:14,E8X6iojo46RFyYc5zaAI4n7RYMR6jJXK,MVM783 - The Grandview at Las Vegas,61910A,Evolve M2
64:18:df:74:38:cc,2026-08-04 03:51:14,E8X6iojo46RFyYc5zaAI4n7RYMR6jJXK,MVM783 - The Grandview at Las Vegas,42004B,Evolve M2
68:ab:a9:fc:88:73,2026-08-04 03:51:14,E8X6iojo46RFyYc5zaAI4n7RYMR6jJXK,MVM783 - The Grandview at Las Vegas,8508B,Evolve M2
10:2b:aa:51:fa:48,2026-08-04 03:51:14,E8X6iojo46RFyYc5zaAI4n7RYMR6jJXK,MVM783 - The Grandview at Las Vegas,2407B,Evolve M2
10:2b:aa:51:fb:35,2026-08-04 03:51:14,E8X6iojo46RFyYc5zaAI4n7RYMR6jJXK,MVM783 - The Grandview at Las Vegas,2207B,Evolve M2
10:2b:aa:51:50:fd,2026-08-04 03:51:14,E8X6iojo46RFyYc5zaAI4n7RYMR6jJXK,MVM783 - The Grandview at Las Vegas,51907A,Evolve M2
64:18:df:74:87:5f,2026-08-04 03:51:14,E8X6iojo46RFyYc5zaAI4n7RYMR6jJXK,MVM783 - The Grandview at Las Vegas,3405B,Evolve M2
10:2b:aa:51:4a:d0,2026-08-04 03:51:14,E8X6iojo46RFyYc5zaAI4n7RYMR6jJXK,MVM783 - The Grandview at Las Vegas,5707B,Evolve M2
64:18:df:74:4f:5d,2026-08-04 03:51:13,E8X6iojo46RFyYc5zaAI4n7RYMR6jJXK,MVM783 - The Grandview at Las Vegas,51810A,Evolve M2
68:ab:a9:fe:e2:c3,2026-08-04 03:51:13,E8X6iojo46RFyYc5zaAI4n7RYMR6jJXK,MVM783 - The Grandview at Las Vegas,51509A,Evolve M2
68:ab:a9:f8:9d:31,2026-08-04 03:51:13,E8X6iojo46RFyYc5zaAI4n7RYMR6jJXK,MVM783 - The Grandview at Las Vegas,1902B,Evolve M2
10:2b:aa:51:49:5f,2026-08-04 03:51:13,E8X6iojo46RFyYc5zaAI4n7RYMR6jJXK,MVM783 - The Grandview at Las Vegas,61507B,Evolve M2
64:18:df:73:b3:6d,2026-08-04 03:51:13,E8X6iojo46RFyYc5zaAI4n7RYMR6jJXK,MVM783 - The Grandview at Las Vegas,61502B,Evolve M2
68:ab:a9:f8:cf:4a,2026-08-04 03:51:13,E8X6iojo46RFyYc5zaAI4n7RYMR6jJXK,MVM783 - The Grandview at Las Vegas,9703A,Evolve M2
68:ab:a9:fe:e9:24,2026-08-04 03:51:13,E8X6iojo46RFyYc5zaAI4n7RYMR6jJXK,MVM783 - The Grandview at Las Vegas,1805B,Evolve M2
10:2b:aa:51:5e:86,2026-08-04 03:51:12,E8X6iojo46RFyYc5zaAI4n7RYMR6jJXK,MVM783 - The Grandview at Las Vegas,52109B,Evolve M2
10:2b:aa:51:59:9a,2026-08-04 03:51:12,E8X6iojo46RFyYc5zaAI4n7RYMR6jJXK,MVM783 - The Grandview at Las Vegas,6908B,Evolve M2
64:18:df:74:33:d5,2026-08-04 03:51:12,E8X6iojo46RFyYc5zaAI4n7RYMR6jJXK,MVM783 - The Grandview at Las Vegas,41905B,Evolve M2
68:ab:a9:fc:a4:44,2026-08-04 03:51:12,E8X6iojo46RFyYc5zaAI4n7RYMR6jJXK,MVM783 - The Grandview at Las Vegas,21108B,Evolve M2
68:ab:a9:fc:1f:08,2026-08-04 03:51:12,E8X6iojo46RFyYc5zaAI4n7RYMR6jJXK,MVM783 - The Grandview at Las Vegas,8101B,Evolve M2
68:ab:a9:fb:f2:10,2026-08-04 03:51:12,E8X6iojo46RFyYc5zaAI4n7RYMR6jJXK,MVM783 - The Grandview at Las Vegas,9203B,Evolve M2
68:ab:a9:fc:39:41,2026-08-04 03:51:11,E8X6iojo46RFyYc5zaAI4n7RYMR6jJXK,MVM783 - The Grandview at Las Vegas,9903B,Evolve M2
64:18:df:74:5f:2a,2026-08-04 03:51:11,E8X6iojo46RFyYc5zaAI4n7RYMR6jJXK,MVM783 - The Grandview at Las Vegas,4309B,Evolve M2
10:2b:aa:51:5b:5f,2026-08-04 03:51:11,E8X6iojo46RFyYc5zaAI4n7RYMR6jJXK,MVM783 - The Grandview at Las Vegas,3501B,Evolve M2
10:2b:aa:50:91:48,2026-08-04 03:51:11,E8X6iojo46RFyYc5zaAI4n7RYMR6jJXK,MVM783 - The Grandview at Las Vegas,91209B,Evolve M2
10:2b:aa:51:f5:2f,2026-08-04 03:51:11,E8X6iojo46RFyYc5zaAI4n7RYMR6jJXK,MVM783 - The Grandview at Las Vegas,11201A,Evolve M2
10:2b:aa:51:fe:da,2026-08-04 03:51:11,E8X6iojo46RFyYc5zaAI4n7RYMR6jJXK,MVM783 - The Grandview at Las Vegas,8604B,Evolve M2
64:18:df:73:f0:5e,2026-08-04 03:51:11,E8X6iojo46RFyYc5zaAI4n7RYMR6jJXK,MVM783 - The Grandview at Las Vegas,41502B,Evolve M2
68:ab:a9:f7:fc:d8,2026-08-04 03:51:10,E8X6iojo46RFyYc5zaAI4n7RYMR6jJXK,MVM783 - The Grandview at Las Vegas,2502A,Evolve M2
68:ab:a9:fe:7f:32,2026-08-04 03:51:10,E8X6iojo46RFyYc5zaAI4n7RYMR6jJXK,MVM783 - The Grandview at Las Vegas,91208B,Evolve M2
64:18:df:73:e6:5c,2026-08-04 03:51:10,E8X6iojo46RFyYc5zaAI4n7RYMR6jJXK,MVM783 - The Grandview at Las Vegas,61604A,Evolve M2
10:2b:aa:51:f6:4c,2026-08-04 03:51:10,E8X6iojo46RFyYc5zaAI4n7RYMR6jJXK,MVM783 - The Grandview at Las Vegas,31101A,Evolve M2
10:2b:aa:52:65:10,2026-08-04 03:51:10,E8X6iojo46RFyYc5zaAI4n7RYMR6jJXK,MVM783 - The Grandview at Las Vegas,2507A,Evolve M2
64:18:df:74:39:d7,2026-08-04 03:51:10,E8X6iojo46RFyYc5zaAI4n7RYMR6jJXK,MVM783 - The Grandview at Las Vegas,6103A,Evolve M2
10:2b:aa:51:69:cf,2026-08-04 03:51:10,E8X6iojo46RFyYc5zaAI4n7RYMR6jJXK,MVM783 - The Grandview at Las Vegas,51905A,Evolve M2
68:ab:a9:fc:82:79,2026-08-04 03:51:09,E8X6iojo46RFyYc5zaAI4n7RYMR6jJXK,MVM783 - The Grandview at Las Vegas,9705B,Evolve M2
68:ab:a9:fe:ca:8f,2026-08-04 03:51:09,E8X6iojo46RFyYc5zaAI4n7RYMR6jJXK,MVM783 - The Grandview at Las Vegas,8207B,Evolve M2
10:2b:aa:51:67:05,2026-08-04 03:51:09,E8X6iojo46RFyYc5zaAI4n7RYMR6jJXK,MVM783 - The Grandview at Las Vegas,51903B,Evolve M2
10:2b:aa:51:6d:14,2026-08-04 03:51:09,E8X6iojo46RFyYc5zaAI4n7RYMR6jJXK,MVM783 - The Grandview at Las Vegas,9401B,Evolve M2
10:2b:aa:51:5a:2a,2026-08-04 03:51:08,E8X6iojo46RFyYc5zaAI4n7RYMR6jJXK,MVM783 - The Grandview at Las Vegas,9709A,Evolve M2
68:ab:a9:fe:f4:bb,2026-08-04 03:51:08,E8X6iojo46RFyYc5zaAI4n7RYMR6jJXK,MVM783 - The Grandview at Las Vegas,9104A,Evolve M2
68:ab:a9:f8:f4:30,2026-08-04 03:51:08,E8X6iojo46RFyYc5zaAI4n7RYMR6jJXK,MVM783 - The Grandview at Las Vegas,11004A,Evolve M2
10:2b:aa:51:57:c3,2026-08-04 03:51:08,E8X6iojo46RFyYc5zaAI4n7RYMR6jJXK,MVM783 - The Grandview at Las Vegas,61408B,Evolve M2
64:18:df:73:e0:26,2026-08-04 03:51:08,E8X6iojo46RFyYc5zaAI4n7RYMR6jJXK,MVM783 - The Grandview at Las Vegas,51907B,Evolve M2
68:ab:a9:fc:3c:15,2026-08-04 03:51:07,E8X6iojo46RFyYc5zaAI4n7RYMR6jJXK,MVM783 - The Grandview at Las Vegas,5510B,Evolve M2
64:18:df:73:af:13,2026-08-04 03:51:07,E8X6iojo46RFyYc5zaAI4n7RYMR6jJXK,MVM783 - The Grandview at Las Vegas,4601A,Evolve M2
10:2b:aa:51:60:12,2026-08-04 03:51:07,E8X6iojo46RFyYc5zaAI4n7RYMR6jJXK,MVM783 - The Grandview at Las Vegas,61603A,Evolve M2
68:ab:a9:fc:39:a9,2026-08-04 03:51:06,E8X6iojo46RFyYc5zaAI4n7RYMR6jJXK,MVM783 - The Grandview at Las Vegas,1508B,Evolve M2
68:ab:a9:fe:58:dc,2026-08-04 03:51:06,E8X6iojo46RFyYc5zaAI4n7RYMR6jJXK,MVM783 - The Grandview at Las Vegas,52008A,Evolve M2
10:2b:aa:51:68:a3,2026-08-04 03:51:06,E8X6iojo46RFyYc5zaAI4n7RYMR6jJXK,MVM783 - The Grandview at Las Vegas,5601A,Evolve M2
10:2b:aa:51:66:27,2026-08-04 03:51:06,E8X6iojo46RFyYc5zaAI4n7RYMR6jJXK,MVM783 - The Grandview at Las Vegas,61108B,Evolve M2
10:2b:aa:51:56:8e,2026-08-04 03:51:06,E8X6iojo46RFyYc5zaAI4n7RYMR6jJXK,MVM783 - The Grandview at Las Vegas,51409B,Evolve M2
64:18:df:74:34:4b,2026-08-04 03:51:06,E8X6iojo46RFyYc5zaAI4n7RYMR6jJXK,MVM783 - The Grandview at Las Vegas,4801B,Evolve M2
68:ab:a9:fe:a3:27,2026-08-04 03:51:06,E8X6iojo46RFyYc5zaAI4n7RYMR6jJXK,MVM783 - The Grandview at Las Vegas,3608A,Evolve M2
68:ab:a9:fe:12:40,2026-08-04 03:51:05,E8X6iojo46RFyYc5zaAI4n7RYMR6jJXK,MVM783 - The Grandview at Las Vegas,5801A,Evolve M2
10:2b:aa:51:65:c4,2026-08-04 03:51:05,E8X6iojo46RFyYc5zaAI4n7RYMR6jJXK,MVM783 - The Grandview at Las Vegas,5906A,Evolve M2
68:ab:a9:f8:c7:c7,2026-08-04 03:51:05,E8X6iojo46RFyYc5zaAI4n7RYMR6jJXK,MVM783 - The Grandview at Las Vegas,2708B,Evolve M2
68:ab:a9:ff:0c:bb,2026-08-04 03:51:05,E8X6iojo46RFyYc5zaAI4n7RYMR6jJXK,MVM783 - The Grandview at Las Vegas,61002B,Evolve M2
10:2b:aa:51:54:30,2026-08-04 03:51:04,E8X6iojo46RFyYc5zaAI4n7RYMR6jJXK,MVM783 - The Grandview at Las Vegas,6705B,Evolve M2
68:ab:a9:fe:61:e3,2026-08-04 03:51:04,E8X6iojo46RFyYc5zaAI4n7RYMR6jJXK,MVM783 - The Grandview at Las Vegas,8904B,Evolve M2
10:2b:aa:51:6c:75,2026-08-04 03:51:04,E8X6iojo46RFyYc5zaAI4n7RYMR6jJXK,MVM783 - The Grandview at Las Vegas,5904A,Evolve M2
10:2b:aa:51:f8:4a,2026-08-04 03:51:04,E8X6iojo46RFyYc5zaAI4n7RYMR6jJXK,MVM783 - The Grandview at Las Vegas,2505A,Evolve M2
10:2b:aa:51:ff:70,2026-08-04 03:51:04,E8X6iojo46RFyYc5zaAI4n7RYMR6jJXK,MVM783 - The Grandview at Las Vegas,8803B,Evolve M2
64:18:df:74:1d:a2,2026-08-04 03:51:04,E8X6iojo46RFyYc5zaAI4n7RYMR6jJXK,MVM783 - The Grandview at Las Vegas,41410B,Evolve M2
68:ab:a9:fc:24:75,2026-08-04 03:51:04,E8X6iojo46RFyYc5zaAI4n7RYMR6jJXK,MVM783 - The Grandview at Las Vegas,31002B,Evolve M2
68:ab:a9:fe:f8:23,2026-08-04 03:51:03,E8X6iojo46RFyYc5zaAI4n7RYMR6jJXK,MVM783 - The Grandview at Las Vegas,4606A,Evolve M2
64:18:df:73:ea:5b,2026-08-04 03:51:03,E8X6iojo46RFyYc5zaAI4n7RYMR6jJXK,MVM783 - The Grandview at Las Vegas,3410A,Evolve M2
68:ab:a9:fc:80:0a,2026-08-04 03:51:03,E8X6iojo46RFyYc5zaAI4n7RYMR6jJXK,MVM783 - The Grandview at Las Vegas,9703B,Evolve M2
68:ab:a9:fe:3c:59,2026-08-04 03:51:03,E8X6iojo46RFyYc5zaAI4n7RYMR6jJXK,MVM783 - The Grandview at Las Vegas,51602B,Evolve M2
10:2b:aa:51:52:b0,2026-08-04 03:51:03,E8X6iojo46RFyYc5zaAI4n7RYMR6jJXK,MVM783 - The Grandview at Las Vegas,41104A,Evolve M2
64:18:df:74:0d:f6,2026-08-04 03:51:03,E8X6iojo46RFyYc5zaAI4n7RYMR6jJXK,MVM783 - The Grandview at Las Vegas,6103B,Evolve M2
68:ab:a9:fe:a3:2a,2026-08-04 03:51:03,E8X6iojo46RFyYc5zaAI4n7RYMR6jJXK,MVM783 - The Grandview at Las Vegas,52105B,Evolve M2
64:18:df:73:d8:d3,2026-08-04 03:51:02,E8X6iojo46RFyYc5zaAI4n7RYMR6jJXK,MVM783 - The Grandview at Las Vegas,62101A,Evolve M2
68:ab:a9:fd:75:f3,2026-08-04 03:51:02,E8X6iojo46RFyYc5zaAI4n7RYMR6jJXK,MVM783 - The Grandview at Las Vegas,8305A,Evolve M2
10:2b:aa:51:4f:bc,2026-08-04 03:51:02,E8X6iojo46RFyYc5zaAI4n7RYMR6jJXK,MVM783 - The Grandview at Las Vegas,61602A,Evolve M2
64:18:df:73:c2:df,2026-08-04 03:51:02,E8X6iojo46RFyYc5zaAI4n7RYMR6jJXK,MVM783 - The Grandview at Las Vegas,6307B,Evolve M2
68:ab:a9:fe:a4:3e,2026-08-04 03:51:02,E8X6iojo46RFyYc5zaAI4n7RYMR6jJXK,MVM783 - The Grandview at Las Vegas,4305B,Evolve M2
68:ab:a9:f8:57:17,2026-08-04 03:51:02,E8X6iojo46RFyYc5zaAI4n7RYMR6jJXK,MVM783 - The Grandview at Las Vegas,11204B,Evolve M2
10:2b:aa:51:50:eb,2026-08-04 03:51:01,E8X6iojo46RFyYc5zaAI4n7RYMR6jJXK,MVM783 - The Grandview at Las Vegas,41105A,Evolve M2
68:ab:a9:fe:d8:ab,2026-08-04 03:51:01,E8X6iojo46RFyYc5zaAI4n7RYMR6jJXK,MVM783 - The Grandview at Las Vegas,41701B,Evolve M2
68:ab:a9:f8:a7:d3,2026-08-04 03:51:01,E8X6iojo46RFyYc5zaAI4n7RYMR6jJXK,MVM783 - The Grandview at Las Vegas,3106B,Evolve M2
68:ab:a9:f8:d4:7a,2026-08-04 03:51:01,E8X6iojo46RFyYc5zaAI4n7RYMR6jJXK,MVM783 - The Grandview at Las Vegas,8405B,Evolve M2
68:ab:a9:f8:83:ae,2026-08-04 03:51:01,E8X6iojo46RFyYc5zaAI4n7RYMR6jJXK,MVM783 - The Grandview at Las Vegas,2202A,Evolve M2
68:ab:a9:f8:59:21,2026-08-04 03:51:01,E8X6iojo46RFyYc5zaAI4n7RYMR6jJXK,MVM783 - The Grandview at Las Vegas,11204B,Evolve M2
64:18:df:74:4f:9f,2026-08-04 03:51:01,E8X6iojo46RFyYc5zaAI4n7RYMR6jJXK,MVM783 - The Grandview at Las Vegas,51909B,Evolve M2
64:18:df:73:df:a2,2026-08-04 03:51:00,E8X6iojo46RFyYc5zaAI4n7RYMR6jJXK,MVM783 - The Grandview at Las Vegas,3302B,Evolve M2
64:18:df:73:d1:a3,2026-08-04 03:51:00,E8X6iojo46RFyYc5zaAI4n7RYMR6jJXK,MVM783 - The Grandview at Las Vegas,61210B,Evolve M2
64:18:df:73:a3:15,2026-08-04 03:51:00,E8X6iojo46RFyYc5zaAI4n7RYMR6jJXK,MVM783 - The Grandview at Las Vegas,42108A,Evolve M2
10:2b:aa:51:5d:b1,2026-08-04 03:51:00,E8X6iojo46RFyYc5zaAI4n7RYMR6jJXK,MVM783 - The Grandview at Las Vegas,3501A,Evolve M2
10:2b:aa:51:f6:31,2026-08-04 03:51:00,E8X6iojo46RFyYc5zaAI4n7RYMR6jJXK,MVM783 - The Grandview at Las Vegas,2706B,Evolve M2
10:2b:aa:51:fd:8d,2026-08-04 03:51:00,E8X6iojo46RFyYc5zaAI4n7RYMR6jJXK,MVM783 - The Grandview at Las Vegas,3306A,Evolve M2
68:ab:a9:ff:16:f3,2026-08-04 03:51:00,E8X6iojo46RFyYc5zaAI4n7RYMR6jJXK,MVM783 - The Grandview at Las Vegas,4908B,Evolve M2
68:ab:a9:fa:3f:b2,2026-08-04 03:50:59,E8X6iojo46RFyYc5zaAI4n7RYMR6jJXK,MVM783 - The Grandview at Las Vegas,6204A,Evolve M2
68:ab:a9:f9:81:08,2026-08-04 03:50:59,E8X6iojo46RFyYc5zaAI4n7RYMR6jJXK,MVM783 - The Grandview at Las Vegas,42010A,Evolve M2
68:ab:a9:f8:22:9f,2026-08-04 03:50:59,E8X6iojo46RFyYc5zaAI4n7RYMR6jJXK,MVM783 - The Grandview at Las Vegas,1401B@B,Evolve M2
64:18:df:74:0f:17,2026-08-04 03:50:59,E8X6iojo46RFyYc5zaAI4n7RYMR6jJXK,MVM783 - The Grandview at Las Vegas,51806A,Evolve M2
68:ab:a9:ff:15:28,2026-08-04 03:50:59,E8X6iojo46RFyYc5zaAI4n7RYMR6jJXK,MVM783 - The Grandview at Las Vegas,6805B,Evolve M2
10:2b:aa:51:56:16,2026-08-04 03:50:59,E8X6iojo46RFyYc5zaAI4n7RYMR6jJXK,MVM783 - The Grandview at Las Vegas,61004A,Evolve M2
10:2b:aa:51:49:68,2026-08-04 03:50:59,E8X6iojo46RFyYc5zaAI4n7RYMR6jJXK,MVM783 - The Grandview at Las Vegas,61206B,Evolve M2
10:2b:aa:51:4c:32,2026-08-04 03:50:58,E8X6iojo46RFyYc5zaAI4n7RYMR6jJXK,MVM783 - The Grandview at Las Vegas,3804B,Evolve M2
68:ab:a9:f8:b6:d7,2026-08-04 03:50:58,E8X6iojo46RFyYc5zaAI4n7RYMR6jJXK,MVM783 - The Grandview at Las Vegas,9303A,Evolve M2
10:2b:aa:51:f3:d9,2026-08-04 03:50:58,E8X6iojo46RFyYc5zaAI4n7RYMR6jJXK,MVM783 - The Grandview at Las Vegas,31104B,Evolve M2
64:18:df:74:5d:f2,2026-08-04 03:50:58,E8X6iojo46RFyYc5zaAI4n7RYMR6jJXK,MVM783 - The Grandview at Las Vegas,6203A,Evolve M2
10:2b:aa:51:4b:8d,2026-08-04 03:50:57,E8X6iojo46RFyYc5zaAI4n7RYMR6jJXK,MVM783 - The Grandview at Las Vegas,5506A,Evolve M2
68:ab:a9:fc:7e:74,2026-08-04 03:50:57,E8X6iojo46RFyYc5zaAI4n7RYMR6jJXK,MVM783 - The Grandview at Las Vegas,3208B,Evolve M2
10:2b:aa:51:f4:39,2026-08-04 03:50:57,E8X6iojo46RFyYc5zaAI4n7RYMR6jJXK,MVM783 - The Grandview at Las Vegas,8603A,Evolve M2
64:18:df:74:88:1f,2026-08-04 03:50:57,E8X6iojo46RFyYc5zaAI4n7RYMR6jJXK,MVM783 - The Grandview at Las Vegas,3604B,Evolve M2
10:2b:aa:51:5e:8c,2026-08-04 03:50:57,E8X6iojo46RFyYc5zaAI4n7RYMR6jJXK,MVM783 - The Grandview at Las Vegas,31003A,Evolve M2
68:ab:a9:ff:0a:b1,2026-08-04 03:50:57,E8X6iojo46RFyYc5zaAI4n7RYMR6jJXK,MVM783 - The Grandview at Las Vegas,21208A,Evolve M2
68:ab:a9:fe:f7:47,2026-08-04 03:50:56,E8X6iojo46RFyYc5zaAI4n7RYMR6jJXK,MVM783 - The Grandview at Las Vegas,9404B,Evolve M2
64:18:df:73:d1:07,2026-08-04 03:50:56,E8X6iojo46RFyYc5zaAI4n7RYMR6jJXK,MVM783 - The Grandview at Las Vegas,5808A,Evolve M2
68:ab:a9:fe:97:5e,2026-08-04 03:50:56,E8X6iojo46RFyYc5zaAI4n7RYMR6jJXK,MVM783 - The Grandview at Las Vegas,41209B,Evolve M2
68:ab:a9:fe:74:51,2026-08-04 03:50:56,E8X6iojo46RFyYc5zaAI4n7RYMR6jJXK,MVM783 - The Grandview at Las Vegas,81202A,Evolve M2
64:18:df:73:e6:c2,2026-08-04 03:50:56,E8X6iojo46RFyYc5zaAI4n7RYMR6jJXK,MVM783 - The Grandview at Las Vegas,61801A,Evolve M2
64:18:df:73:fe:2a,2026-08-04 03:50:56,E8X6iojo46RFyYc5zaAI4n7RYMR6jJXK,MVM783 - The Grandview at Las Vegas,1,Evolve M2
68:ab:a9:fb:ed:fe,2026-08-04 03:50:56,E8X6iojo46RFyYc5zaAI4n7RYMR6jJXK,MVM783 - The Grandview at Las Vegas,4310A,Evolve M2
10:2b:aa:51:5d:ae,2026-08-04 03:50:56,E8X6iojo46RFyYc5zaAI4n7RYMR6jJXK,MVM783 - The Grandview at Las Vegas,61608B,Evolve M2
68:ab:a9:fe:7f:d3,2026-08-04 03:50:55,E8X6iojo46RFyYc5zaAI4n7RYMR6jJXK,MVM783 - The Grandview at Las Vegas,81006A,Evolve M2
68:ab:a9:f8:88:40,2026-08-04 03:50:54,E8X6iojo46RFyYc5zaAI4n7RYMR6jJXK,MVM783 - The Grandview at Las Vegas,9302B,Evolve M2
68:ab:a9:fb:46:54,2026-08-04 03:50:54,E8X6iojo46RFyYc5zaAI4n7RYMR6jJXK,MVM783 - The Grandview at Las Vegas,5704B,Evolve M2
68:ab:a9:fe:a3:18,2026-08-04 03:50:54,E8X6iojo46RFyYc5zaAI4n7RYMR6jJXK,MVM783 - The Grandview at Las Vegas,1206B,Evolve M2
10:2b:aa:51:53:cd,2026-08-04 03:50:54,E8X6iojo46RFyYc5zaAI4n7RYMR6jJXK,MVM783 - The Grandview at Las Vegas,4302B,Evolve M2
10:2b:aa:51:f7:d2,2026-08-04 03:50:53,E8X6iojo46RFyYc5zaAI4n7RYMR6jJXK,MVM783 - The Grandview at Las Vegas,9307A,Evolve M2
68:ab:a9:fd:5d:62,2026-08-04 03:50:53,E8X6iojo46RFyYc5zaAI4n7RYMR6jJXK,MVM783 - The Grandview at Las Vegas,62003A,Evolve M2
64:18:df:73:ce:80,2026-08-04 03:50:53,E8X6iojo46RFyYc5zaAI4n7RYMR6jJXK,MVM783 - The Grandview at Las Vegas,91109B,Evolve M2
64:18:df:74:2f:5d,2026-08-04 03:50:53,E8X6iojo46RFyYc5zaAI4n7RYMR6jJXK,MVM783 - The Grandview at Las Vegas,41903B,Evolve M2
68:ab:a9:f8:eb:f1,2026-08-04 03:50:53,E8X6iojo46RFyYc5zaAI4n7RYMR6jJXK,MVM783 - The Grandview at Las Vegas,11204A,Evolve M2
68:ab:a9:f8:46:b4,2026-08-04 03:50:53,E8X6iojo46RFyYc5zaAI4n7RYMR6jJXK,MVM783 - The Grandview at Las Vegas,1307B@B,Evolve M2
68:ab:a9:fb:16:87,2026-08-04 03:50:53,E8X6iojo46RFyYc5zaAI4n7RYMR6jJXK,MVM783 - The Grandview at Las Vegas,42009B,Evolve M2
10:2b:aa:52:68:58,2026-08-04 03:50:53,E8X6iojo46RFyYc5zaAI4n7RYMR6jJXK,MVM783 - The Grandview at Las Vegas,9808B,Evolve M2
64:18:df:74:4f:8a,2026-08-04 03:50:53,E8X6iojo46RFyYc5zaAI4n7RYMR6jJXK,MVM783 - The Grandview at Las Vegas,4610B,Evolve M2
10:2b:aa:51:68:a6,2026-08-04 03:50:52,E8X6iojo46RFyYc5zaAI4n7RYMR6jJXK,MVM783 - The Grandview at Las Vegas,61807B,Evolve M2
10:2b:aa:51:69:5a,2026-08-04 03:50:52,E8X6iojo46RFyYc5zaAI4n7RYMR6jJXK,MVM783 - The Grandview at Las Vegas,52101A,Evolve M2
68:ab:a9:fe:de:37,2026-08-04 03:50:52,E8X6iojo46RFyYc5zaAI4n7RYMR6jJXK,MVM783 - The Grandview at Las Vegas,81104A,Evolve M2
10:2b:aa:51:ff:16,2026-08-04 03:50:52,E8X6iojo46RFyYc5zaAI4n7RYMR6jJXK,MVM783 - The Grandview at Las Vegas,3909A,Evolve M2
68:ab:a9:fe:e1:79,2026-08-04 03:50:51,E8X6iojo46RFyYc5zaAI4n7RYMR6jJXK,MVM783 - The Grandview at Las Vegas,1706B,Evolve M2
68:ab:a9:f8:b8:5f,2026-08-04 03:50:51,E8X6iojo46RFyYc5zaAI4n7RYMR6jJXK,MVM783 - The Grandview at Las Vegas,2802B,Evolve M2
10:2b:aa:51:6a:20,2026-08-04 03:50:51,E8X6iojo46RFyYc5zaAI4n7RYMR6jJXK,MVM783 - The Grandview at Las Vegas,9401A,Evolve M2
10:2b:aa:51:6b:a9,2026-08-04 03:50:51,E8X6iojo46RFyYc5zaAI4n7RYMR6jJXK,MVM783 - The Grandview at Las Vegas,61503B,Evolve M2
10:2b:aa:51:5f:eb,2026-08-04 03:50:51,E8X6iojo46RFyYc5zaAI4n7RYMR6jJXK,MVM783 - The Grandview at Las Vegas,4210B,Evolve M2
68:ab:a9:fc:20:25,2026-08-04 03:50:51,E8X6iojo46RFyYc5zaAI4n7RYMR6jJXK,MVM783 - The Grandview at Las Vegas,1408B,Evolve M2
10:2b:aa:51:63:48,2026-08-04 03:50:50,E8X6iojo46RFyYc5zaAI4n7RYMR6jJXK,MVM783 - The Grandview at Las Vegas,42109A,Evolve M2
64:18:df:73:c1:b0,2026-08-04 03:50:50,E8X6iojo46RFyYc5zaAI4n7RYMR6jJXK,MVM783 - The Grandview at Las Vegas,61803A,Evolve M2
10:2b:aa:51:f5:ce,2026-08-04 03:50:50,E8X6iojo46RFyYc5zaAI4n7RYMR6jJXK,MVM783 - The Grandview at Las Vegas,9308B,Evolve M2
10:2b:aa:51:5c:70,2026-08-04 03:50:50,E8X6iojo46RFyYc5zaAI4n7RYMR6jJXK,MVM783 - The Grandview at Las Vegas,4710B,Evolve M2
64:18:df:74:1a:0a,2026-08-04 03:50:50,E8X6iojo46RFyYc5zaAI4n7RYMR6jJXK,MVM783 - The Grandview at Las Vegas,6308A,Evolve M2
64:18:df:74:83:0a,2026-08-04 03:50:50,E8X6iojo46RFyYc5zaAI4n7RYMR6jJXK,MVM783 - The Grandview at Las Vegas,62005A,Evolve M2
10:2b:aa:51:67:56,2026-08-04 03:50:50,E8X6iojo46RFyYc5zaAI4n7RYMR6jJXK,MVM783 - The Grandview at Las Vegas,4303B,Evolve M2
68:ab:a9:fc:26:9c,2026-08-04 03:50:49,E8X6iojo46RFyYc5zaAI4n7RYMR6jJXK,MVM783 - The Grandview at Las Vegas,3408B,Evolve M2
68:ab:a9:fe:55:ee,2026-08-04 03:50:49,E8X6iojo46RFyYc5zaAI4n7RYMR6jJXK,MVM783 - The Grandview at Las Vegas,61003A,Evolve M2
10:2b:aa:51:58:fe,2026-08-04 03:50:49,E8X6iojo46RFyYc5zaAI4n7RYMR6jJXK,MVM783 - The Grandview at Las Vegas,5602A,Evolve M2
10:2b:aa:51:61:38,2026-08-04 03:50:49,E8X6iojo46RFyYc5zaAI4n7RYMR6jJXK,MVM783 - The Grandview at Las Vegas,4105B,Evolve M2
68:ab:a9:fb:1c:5a,2026-08-04 03:50:49,E8X6iojo46RFyYc5zaAI4n7RYMR6jJXK,MVM783 - The Grandview at Las Vegas,51909A,Evolve M2
68:ab:a9:fc:2a:11,2026-08-04 03:50:49,E8X6iojo46RFyYc5zaAI4n7RYMR6jJXK,MVM783 - The Grandview at Las Vegas,2202A,Evolve M2
64:18:df:74:56:e0,2026-08-04 03:50:48,E8X6iojo46RFyYc5zaAI4n7RYMR6jJXK,MVM783 - The Grandview at Las Vegas,6210A,Evolve M2
10:2b:aa:50:c3:6d,2026-08-04 03:50:48,E8X6iojo46RFyYc5zaAI4n7RYMR6jJXK,MVM783 - The Grandview at Las Vegas,8806A,Evolve M2
10:2b:aa:51:66:f9,2026-08-04 03:50:48,E8X6iojo46RFyYc5zaAI4n7RYMR6jJXK,MVM783 - The Grandview at Las Vegas,6610B,Evolve M2
68:ab:a9:fe:e0:8e,2026-08-04 03:50:48,E8X6iojo46RFyYc5zaAI4n7RYMR6jJXK,MVM783 - The Grandview at Las Vegas,62101B,Evolve M2
68:ab:a9:fe:83:ed,2026-08-04 03:50:48,E8X6iojo46RFyYc5zaAI4n7RYMR6jJXK,MVM783 - The Grandview at Las Vegas,81205A,Evolve M2
64:18:df:73:c0:ed,2026-08-04 03:50:48,E8X6iojo46RFyYc5zaAI4n7RYMR6jJXK,MVM783 - The Grandview at Las Vegas,9901B,Evolve M2
68:ab:a9:fe:e0:f4,2026-08-04 03:50:47,E8X6iojo46RFyYc5zaAI4n7RYMR6jJXK,MVM783 - The Grandview at Las Vegas,3406A,Evolve M2
10:2b:aa:51:52:41,2026-08-04 03:50:47,E8X6iojo46RFyYc5zaAI4n7RYMR6jJXK,MVM783 - The Grandview at Las Vegas,51205B,Evolve M2
10:2b:aa:51:50:bb,2026-08-04 03:50:47,E8X6iojo46RFyYc5zaAI4n7RYMR6jJXK,MVM783 - The Grandview at Las Vegas,51202B,Evolve M2
68:ab:a9:f8:28:41,2026-08-04 03:50:47,E8X6iojo46RFyYc5zaAI4n7RYMR6jJXK,MVM783 - The Grandview at Las Vegas,8403B,Evolve M2
68:ab:a9:fd:32:eb,2026-08-04 03:50:47,E8X6iojo46RFyYc5zaAI4n7RYMR6jJXK,MVM783 - The Grandview at Las Vegas,9405B,Evolve M2
68:ab:a9:fe:14:87,2026-08-04 03:50:46,E8X6iojo46RFyYc5zaAI4n7RYMR6jJXK,MVM783 - The Grandview at Las Vegas,9607A,Evolve M2
64:18:df:74:51:35,2026-08-04 03:50:46,E8X6iojo46RFyYc5zaAI4n7RYMR6jJXK,MVM783 - The Grandview at Las Vegas,3604B,Evolve M2
68:ab:a9:fa:e4:17,2026-08-04 03:50:46,E8X6iojo46RFyYc5zaAI4n7RYMR6jJXK,MVM783 - The Grandview at Las Vegas,6203B,Evolve M2
64:18:df:74:50:0d,2026-08-04 03:50:46,E8X6iojo46RFyYc5zaAI4n7RYMR6jJXK,MVM783 - The Grandview at Las Vegas,4509A,Evolve M2
68:ab:a9:ff:0f:ba,2026-08-04 03:50:46,E8X6iojo46RFyYc5zaAI4n7RYMR6jJXK,MVM783 - The Grandview at Las Vegas,51510B,Evolve M2
64:18:df:73:ea:e8,2026-08-04 03:50:46,E8X6iojo46RFyYc5zaAI4n7RYMR6jJXK,MVM783 - The Grandview at Las Vegas,91101A,Evolve M2
68:ab:a9:fe:aa:d9,2026-08-04 03:50:46,E8X6iojo46RFyYc5zaAI4n7RYMR6jJXK,MVM783 - The Grandview at Las Vegas,41006B,Evolve M2
10:2b:aa:51:63:f0,2026-08-04 03:50:46,E8X6iojo46RFyYc5zaAI4n7RYMR6jJXK,MVM783 - The Grandview at Las Vegas,3706A,Evolve M2
10:2b:aa:51:f8:11,2026-08-04 03:50:45,E8X6iojo46RFyYc5zaAI4n7RYMR6jJXK,MVM783 - The Grandview at Las Vegas,1104B@B,Evolve M2
68:ab:a9:fc:e5:25,2026-08-04 03:50:45,E8X6iojo46RFyYc5zaAI4n7RYMR6jJXK,MVM783 - The Grandview at Las Vegas,9608B,Evolve M2
10:2b:aa:51:5c:2e,2026-08-04 03:50:45,E8X6iojo46RFyYc5zaAI4n7RYMR6jJXK,MVM783 - The Grandview at Las Vegas,5103A,Evolve M2
10:2b:aa:51:66:ff,2026-08-04 03:50:45,E8X6iojo46RFyYc5zaAI4n7RYMR6jJXK,MVM783 - The Grandview at Las Vegas,51901B,Evolve M2
68:ab:a9:fe:76:5b,2026-08-04 03:50:44,E8X6iojo46RFyYc5zaAI4n7RYMR6jJXK,MVM783 - The Grandview at Las Vegas,9405A,Evolve M2
10:2b:aa:51:5b:17,2026-08-04 03:50:44,E8X6iojo46RFyYc5zaAI4n7RYMR6jJXK,MVM783 - The Grandview at Las Vegas,41608B,Evolve M2
68:ab:a9:fe:b9:87,2026-08-04 03:50:44,E8X6iojo46RFyYc5zaAI4n7RYMR6jJXK,MVM783 - The Grandview at Las Vegas,1206A,Evolve M2
68:ab:a9:fc:35:58,2026-08-04 03:50:44,E8X6iojo46RFyYc5zaAI4n7RYMR6jJXK,MVM783 - The Grandview at Las Vegas,1103B,Evolve M2
68:ab:a9:fe:ee:e9,2026-08-04 03:50:44,E8X6iojo46RFyYc5zaAI4n7RYMR6jJXK,MVM783 - The Grandview at Las Vegas,41705B,Evolve M2
68:ab:a9:f8:52:53,2026-08-04 03:50:44,E8X6iojo46RFyYc5zaAI4n7RYMR6jJXK,MVM783 - The Grandview at Las Vegas,31207B,Evolve M2
10:2b:aa:51:53:94,2026-08-04 03:50:43,E8X6iojo46RFyYc5zaAI4n7RYMR6jJXK,MVM783 - The Grandview at Las Vegas,61709A,Evolve M2
10:2b:aa:51:55:47,2026-08-04 03:50:43,E8X6iojo46RFyYc5zaAI4n7RYMR6jJXK,MVM783 - The Grandview at Las Vegas,6104B,Evolve M2
64:18:df:74:0d:4b,2026-08-04 03:50:43,E8X6iojo46RFyYc5zaAI4n7RYMR6jJXK,MVM783 - The Grandview at Las Vegas,91008B,Evolve M2
68:ab:a9:fc:a6:3b,2026-08-04 03:50:43,E8X6iojo46RFyYc5zaAI4n7RYMR6jJXK,MVM783 - The Grandview at Las Vegas,31105A,Evolve M2
10:2b:aa:51:f7:4e,2026-08-04 03:50:42,E8X6iojo46RFyYc5zaAI4n7RYMR6jJXK,MVM783 - The Grandview at Las Vegas,8608A,Evolve M2
10:2b:aa:51:5d:ea,2026-08-04 03:50:42,E8X6iojo46RFyYc5zaAI4n7RYMR6jJXK,MVM783 - The Grandview at Las Vegas,91110B,Evolve M2
10:2b:aa:51:60:72,2026-08-04 03:50:42,E8X6iojo46RFyYc5zaAI4n7RYMR6jJXK,MVM783 - The Grandview at Las Vegas,61103B,Evolve M2
10:2b:aa:50:c3:3a,2026-08-04 03:50:42,E8X6iojo46RFyYc5zaAI4n7RYMR6jJXK,MVM783 - The Grandview at Las Vegas,51002B,Evolve M2
10:2b:aa:51:50:f7,2026-08-04 03:50:42,E8X6iojo46RFyYc5zaAI4n7RYMR6jJXK,MVM783 - The Grandview at Las Vegas,5804A,Evolve M2
68:ab:a9:fc:8c:e1,2026-08-04 03:50:41,E8X6iojo46RFyYc5zaAI4n7RYMR6jJXK,MVM783 - The Grandview at Las Vegas,1504B,Evolve M2
10:2b:aa:51:62:af,2026-08-04 03:50:41,E8X6iojo46RFyYc5zaAI4n7RYMR6jJXK,MVM783 - The Grandview at Las Vegas,51605A,Evolve M2
10:2b:aa:51:53:73,2026-08-04 03:50:41,E8X6iojo46RFyYc5zaAI4n7RYMR6jJXK,MVM783 - The Grandview at Las Vegas,41102A,Evolve M2
10:2b:aa:51:58:2f,2026-08-04 03:50:41,E8X6iojo46RFyYc5zaAI4n7RYMR6jJXK,MVM783 - The Grandview at Las Vegas,3309B,Evolve M2
10:2b:aa:51:64:29,2026-08-04 03:50:40,E8X6iojo46RFyYc5zaAI4n7RYMR6jJXK,MVM783 - The Grandview at Las Vegas,5802B,Evolve M2
68:ab:a9:f8:5d:6f,2026-08-04 03:50:40,E8X6iojo46RFyYc5zaAI4n7RYMR6jJXK,MVM783 - The Grandview at Las Vegas,1306B,Evolve M2
10:2b:aa:51:5c:58,2026-08-04 03:50:40,E8X6iojo46RFyYc5zaAI4n7RYMR6jJXK,MVM783 - The Grandview at Las Vegas,51104B,Evolve M2
10:2b:aa:51:6b:bb,2026-08-04 03:50:40,E8X6iojo46RFyYc5zaAI4n7RYMR6jJXK,MVM783 - The Grandview at Las Vegas,51609B,Evolve M2
68:ab:a9:fc:2f:5b,2026-08-04 03:50:40,E8X6iojo46RFyYc5zaAI4n7RYMR6jJXK,MVM783 - The Grandview at Las Vegas,2908B,Evolve M2
68:ab:a9:f8:ef:46,2026-08-04 03:50:39,E8X6iojo46RFyYc5zaAI4n7RYMR6jJXK,MVM783 - The Grandview at Las Vegas,8708A,Evolve M2
68:ab:a9:fc:49:26,2026-08-04 03:50:39,E8X6iojo46RFyYc5zaAI4n7RYMR6jJXK,MVM783 - The Grandview at Las Vegas,2203B@B,Evolve M2
68:ab:a9:fc:48:e4,2026-08-04 03:50:39,E8X6iojo46RFyYc5zaAI4n7RYMR6jJXK,MVM783 - The Grandview at Las Vegas,11102A,Evolve M2
10:2b:aa:51:53:79,2026-08-04 03:50:39,E8X6iojo46RFyYc5zaAI4n7RYMR6jJXK,MVM783 - The Grandview at Las Vegas,41104A,Evolve M2
68:ab:a9:fd:9d:83,2026-08-04 03:50:39,E8X6iojo46RFyYc5zaAI4n7RYMR6jJXK,MVM783 - The Grandview at Las Vegas,62004B,Evolve M2
64:18:df:74:2b:db,2026-08-04 03:50:39,E8X6iojo46RFyYc5zaAI4n7RYMR6jJXK,MVM783 - The Grandview at Las Vegas,52004B,Evolve M2
68:ab:a9:f8:56:d5,2026-08-04 03:50:38,E8X6iojo46RFyYc5zaAI4n7RYMR6jJXK,MVM783 - The Grandview at Las Vegas,11103B,Evolve M2
10:2b:aa:51:67:29,2026-08-04 03:50:38,E8X6iojo46RFyYc5zaAI4n7RYMR6jJXK,MVM783 - The Grandview at Las Vegas,41904A,Evolve M2
10:2b:aa:51:58:68,2026-08-04 03:50:38,E8X6iojo46RFyYc5zaAI4n7RYMR6jJXK,MVM783 - The Grandview at Las Vegas,3307A,Evolve M2
10:2b:aa:51:61:e0,2026-08-04 03:50:37,E8X6iojo46RFyYc5zaAI4n7RYMR6jJXK,MVM783 - The Grandview at Las Vegas,5804B,Evolve M2
68:ab:a9:fc:30:35,2026-08-04 03:50:37,E8X6iojo46RFyYc5zaAI4n7RYMR6jJXK,MVM783 - The Grandview at Las Vegas,1202B@B,Evolve M2
10:2b:aa:51:65:37,2026-08-04 03:50:37,E8X6iojo46RFyYc5zaAI4n7RYMR6jJXK,MVM783 - The Grandview at Las Vegas,42110B,Evolve M2
10:2b:aa:51:48:d2,2026-08-04 03:50:37,E8X6iojo46RFyYc5zaAI4n7RYMR6jJXK,MVM783 - The Grandview at Las Vegas,61507B,Evolve M2
10:2b:aa:51:4f:3b,2026-08-04 03:50:37,E8X6iojo46RFyYc5zaAI4n7RYMR6jJXK,MVM783 - The Grandview at Las Vegas,61706B,Evolve M2
10:2b:aa:51:f8:08,2026-08-04 03:50:37,E8X6iojo46RFyYc5zaAI4n7RYMR6jJXK,MVM783 - The Grandview at Las Vegas,1403B@L,Evolve M2
68:ab:a9:fc:4e:92,2026-08-04 03:50:36,E8X6iojo46RFyYc5zaAI4n7RYMR6jJXK,MVM783 - The Grandview at Las Vegas,1907A@B,Evolve M2
64:18:df:73:f0:0a,2026-08-04 03:50:36,E8X6iojo46RFyYc5zaAI4n7RYMR6jJXK,MVM783 - The Grandview at Las Vegas,61104B,Evolve M2
10:2b:aa:51:4d:b2,2026-08-04 03:50:36,E8X6iojo46RFyYc5zaAI4n7RYMR6jJXK,MVM783 - The Grandview at Las Vegas,41110A,Evolve M2
10:2b:aa:51:4a:eb,2026-08-04 03:50:36,E8X6iojo46RFyYc5zaAI4n7RYMR6jJXK,MVM783 - The Grandview at Las Vegas,61710B,Evolve M2
64:18:df:74:4d:4f,2026-08-04 03:50:36,E8X6iojo46RFyYc5zaAI4n7RYMR6jJXK,MVM783 - The Grandview at Las Vegas,41901B,Evolve M2
10:2b:aa:51:fb:83,2026-08-04 03:50:36,E8X6iojo46RFyYc5zaAI4n7RYMR6jJXK,MVM783 - The Grandview at Las Vegas,9608B,Evolve M2
68:ab:a9:fc:55:22,2026-08-04 03:50:36,E8X6iojo46RFyYc5zaAI4n7RYMR6jJXK,MVM783 - The Grandview at Las Vegas,1106B,Evolve M2
10:2b:aa:51:4c:c8,2026-08-04 03:50:36,E8X6iojo46RFyYc5zaAI4n7RYMR6jJXK,MVM783 - The Grandview at Las Vegas,61705A,Evolve M2
68:ab:a9:f8:58:f7,2026-08-04 03:50:35,E8X6iojo46RFyYc5zaAI4n7RYMR6jJXK,MVM783 - The Grandview at Las Vegas,8202A,Evolve M2
68:ab:a9:fe:d2:9a,2026-08-04 03:50:34,E8X6iojo46RFyYc5zaAI4n7RYMR6jJXK,MVM783 - The Grandview at Las Vegas,3909A,Evolve M2
68:ab:a9:fc:a5:e4,2026-08-04 03:50:34,E8X6iojo46RFyYc5zaAI4n7RYMR6jJXK,MVM783 - The Grandview at Las Vegas,31108A,Evolve M2
64:18:df:73:c7:c4,2026-08-04 03:50:34,E8X6iojo46RFyYc5zaAI4n7RYMR6jJXK,MVM783 - The Grandview at Las Vegas,6105B,Evolve M2
68:ab:a9:fe:27:dd,2026-08-04 03:50:34,E8X6iojo46RFyYc5zaAI4n7RYMR6jJXK,MVM783 - The Grandview at Las Vegas,42005B,Evolve M2
68:ab:a9:f8:da:be,2026-08-04 03:50:34,E8X6iojo46RFyYc5zaAI4n7RYMR6jJXK,MVM783 - The Grandview at Las Vegas,2703B,Evolve M2
10:2b:aa:51:f9:dc,2026-08-04 03:50:33,E8X6iojo46RFyYc5zaAI4n7RYMR6jJXK,MVM783 - The Grandview at Las Vegas,2606A,Evolve M2
10:2b:aa:51:53:85,2026-08-04 03:50:33,E8X6iojo46RFyYc5zaAI4n7RYMR6jJXK,MVM783 - The Grandview at Las Vegas,3304B,Evolve M2
68:ab:a9:fe:9a:e2,2026-08-04 03:50:33,E8X6iojo46RFyYc5zaAI4n7RYMR6jJXK,MVM783 - The Grandview at Las Vegas,8305A,Evolve M2
68:ab:a9:fe:b9:71,2026-08-04 03:50:33,E8X6iojo46RFyYc5zaAI4n7RYMR6jJXK,MVM783 - The Grandview at Las Vegas,3609B,Evolve M2
10:2b:aa:51:48:9f,2026-08-04 03:50:32,E8X6iojo46RFyYc5zaAI4n7RYMR6jJXK,MVM783 - The Grandview at Las Vegas,91209A,Evolve M2
10:2b:aa:51:4d:cd,2026-08-04 03:50:32,E8X6iojo46RFyYc5zaAI4n7RYMR6jJXK,MVM783 - The Grandview at Las Vegas,61707A,Evolve M2
64:18:df:74:16:d3,2026-08-04 03:50:32,E8X6iojo46RFyYc5zaAI4n7RYMR6jJXK,MVM783 - The Grandview at Las Vegas,51801B,Evolve M2
64:18:df:74:3c:93,2026-08-04 03:50:32,E8X6iojo46RFyYc5zaAI4n7RYMR6jJXK,MVM783 - The Grandview at Las Vegas,62109A,Evolve M2
10:2b:aa:51:4c:98,2026-08-04 03:50:32,E8X6iojo46RFyYc5zaAI4n7RYMR6jJXK,MVM783 - The Grandview at Las Vegas,5708B,Evolve M2
68:ab:a9:fb:91:f7,2026-08-04 03:50:32,E8X6iojo46RFyYc5zaAI4n7RYMR6jJXK,MVM783 - The Grandview at Las Vegas,41501A,Evolve M2
68:ab:a9:fe:f4:55,2026-08-04 03:50:32,E8X6iojo46RFyYc5zaAI4n7RYMR6jJXK,MVM783 - The Grandview at Las Vegas,41201B,Evolve M2
68:ab:a9:fc:1b:fc,2026-08-04 03:50:31,E8X6iojo46RFyYc5zaAI4n7RYMR6jJXK,MVM783 - The Grandview at Las Vegas,8106B,Evolve M2
68:ab:a9:fe:a4:11,2026-08-04 03:50:31,E8X6iojo46RFyYc5zaAI4n7RYMR6jJXK,MVM783 - The Grandview at Las Vegas,4906A,Evolve M2
10:2b:aa:51:62:e8,2026-08-04 03:50:31,E8X6iojo46RFyYc5zaAI4n7RYMR6jJXK,MVM783 - The Grandview at Las Vegas,4805A,Evolve M2
10:2b:aa:51:f9:19,2026-08-04 03:50:30,E8X6iojo46RFyYc5zaAI4n7RYMR6jJXK,MVM783 - The Grandview at Las Vegas,6805A,Evolve M2
10:2b:aa:51:67:aa,2026-08-04 03:50:30,E8X6iojo46RFyYc5zaAI4n7RYMR6jJXK,MVM783 - The Grandview at Las Vegas,3401B,Evolve M2
68:ab:a9:fc:1d:92,2026-08-04 03:50:30,E8X6iojo46RFyYc5zaAI4n7RYMR6jJXK,MVM783 - The Grandview at Las Vegas,31206B,Evolve M2
10:2b:aa:51:57:c6,2026-08-04 03:50:30,E8X6iojo46RFyYc5zaAI4n7RYMR6jJXK,MVM783 - The Grandview at Las Vegas,3809B,Evolve M2
64:18:df:74:2e:a2,2026-08-04 03:50:30,E8X6iojo46RFyYc5zaAI4n7RYMR6jJXK,MVM783 - The Grandview at Las Vegas,62107B,Evolve M2
10:2b:aa:51:49:f5,2026-08-04 03:50:30,E8X6iojo46RFyYc5zaAI4n7RYMR6jJXK,MVM783 - The Grandview at Las Vegas,8801A,Evolve M2
10:2b:aa:51:51:8a,2026-08-04 03:50:30,E8X6iojo46RFyYc5zaAI4n7RYMR6jJXK,MVM783 - The Grandview at Las Vegas,6107B,Evolve M2
10:2b:aa:51:4b:69,2026-08-04 03:50:30,E8X6iojo46RFyYc5zaAI4n7RYMR6jJXK,MVM783 - The Grandview at Las Vegas,41210B,Evolve M2
64:18:df:73:b6:5d,2026-08-04 03:50:30,E8X6iojo46RFyYc5zaAI4n7RYMR6jJXK,MVM783 - The Grandview at Las Vegas,4702B,Evolve M2
68:ab:a9:fe:a4:86,2026-08-04 03:50:30,E8X6iojo46RFyYc5zaAI4n7RYMR6jJXK,MVM783 - The Grandview at Las Vegas,9102A,Evolve M2
68:ab:a9:f8:06:f7,2026-08-04 03:50:29,E8X6iojo46RFyYc5zaAI4n7RYMR6jJXK,MVM783 - The Grandview at Las Vegas,1701A@B,Evolve M2
10:2b:aa:51:fc:0a,2026-08-04 03:50:29,E8X6iojo46RFyYc5zaAI4n7RYMR6jJXK,MVM783 - The Grandview at Las Vegas,1801B,Evolve M2
64:18:df:74:11:68,2026-08-04 03:50:29,E8X6iojo46RFyYc5zaAI4n7RYMR6jJXK,MVM783 - The Grandview at Las Vegas,51904B,Evolve M2
64:18:df:74:4c:be,2026-08-04 03:50:29,E8X6iojo46RFyYc5zaAI4n7RYMR6jJXK,MVM783 - The Grandview at Las Vegas,6302B,Evolve M2
68:ab:a9:f8:33:8d,2026-08-04 03:50:29,E8X6iojo46RFyYc5zaAI4n7RYMR6jJXK,MVM783 - The Grandview at Las Vegas,1604B@L,Evolve M2
68:ab:a9:fe:57:e0,2026-08-04 03:50:28,E8X6iojo46RFyYc5zaAI4n7RYMR6jJXK,MVM783 - The Grandview at Las Vegas,9607B,Evolve M2
64:18:df:74:67:be,2026-08-04 03:50:28,E8X6iojo46RFyYc5zaAI4n7RYMR6jJXK,MVM783 - The Grandview at Las Vegas,62007A,Evolve M2
68:ab:a9:ff:1d:78,2026-08-04 03:50:28,E8X6iojo46RFyYc5zaAI4n7RYMR6jJXK,MVM783 - The Grandview at Las Vegas,6406B,Evolve M2
68:ab:a9:fc:8a:78,2026-08-04 03:50:28,E8X6iojo46RFyYc5zaAI4n7RYMR6jJXK,MVM783 - The Grandview at Las Vegas,1501A@L,Evolve M2
68:ab:a9:f8:59:a5,2026-08-04 03:50:28,E8X6iojo46RFyYc5zaAI4n7RYMR6jJXK,MVM783 - The Grandview at Las Vegas,8306A,Evolve M2
68:ab:a9:fe:3d:4f,2026-08-04 03:50:27,E8X6iojo46RFyYc5zaAI4n7RYMR6jJXK,MVM783 - The Grandview at Las Vegas,81203A,Evolve M2
10:2b:aa:51:fe:c5,2026-08-04 03:50:27,E8X6iojo46RFyYc5zaAI4n7RYMR6jJXK,MVM783 - The Grandview at Las Vegas,9409B,Evolve M2
64:18:df:73:a6:30,2026-08-04 03:50:27,E8X6iojo46RFyYc5zaAI4n7RYMR6jJXK,MVM783 - The Grandview at Las Vegas,42102B,Evolve M2
10:2b:aa:51:5c:55,2026-08-04 03:50:27,E8X6iojo46RFyYc5zaAI4n7RYMR6jJXK,MVM783 - The Grandview at Las Vegas,4204A,Evolve M2
10:2b:aa:51:6d:2c,2026-08-04 03:50:26,E8X6iojo46RFyYc5zaAI4n7RYMR6jJXK,MVM783 - The Grandview at Las Vegas,3504B,Evolve M2
68:ab:a9:ff:01:fc,2026-08-04 03:50:26,E8X6iojo46RFyYc5zaAI4n7RYMR6jJXK,MVM783 - The Grandview at Las Vegas,1708B,Evolve M2
10:2b:aa:51:f9:70,2026-08-04 03:50:25,E8X6iojo46RFyYc5zaAI4n7RYMR6jJXK,MVM783 - The Grandview at Las Vegas,81208A,Evolve M2
68:ab:a9:fc:1f:a5,2026-08-04 03:50:25,E8X6iojo46RFyYc5zaAI4n7RYMR6jJXK,MVM783 - The Grandview at Las Vegas,2606B,Evolve M2
64:18:df:74:0d:f9,2026-08-04 03:50:25,E8X6iojo46RFyYc5zaAI4n7RYMR6jJXK,MVM783 - The Grandview at Las Vegas,61007B,Evolve M2
10:2b:aa:51:f4:e4,2026-08-04 03:50:24,E8X6iojo46RFyYc5zaAI4n7RYMR6jJXK,MVM783 - The Grandview at Las Vegas,41506A,Evolve M2
10:2b:aa:51:4c:e3,2026-08-04 03:50:24,E8X6iojo46RFyYc5zaAI4n7RYMR6jJXK,MVM783 - The Grandview at Las Vegas,61410B,Evolve M2
64:18:df:74:01:bb,2026-08-04 03:50:24,E8X6iojo46RFyYc5zaAI4n7RYMR6jJXK,MVM783 - The Grandview at Las Vegas,5910A,Evolve M2
68:ab:a9:ff:17:55,2026-08-04 03:50:24,E8X6iojo46RFyYc5zaAI4n7RYMR6jJXK,MVM783 - The Grandview at Las Vegas,81106A,Evolve M2
10:2b:aa:51:fe:9e,2026-08-04 03:50:24,E8X6iojo46RFyYc5zaAI4n7RYMR6jJXK,MVM783 - The Grandview at Las Vegas,81002A,Evolve M2
64:18:df:74:4f:16,2026-08-04 03:50:24,E8X6iojo46RFyYc5zaAI4n7RYMR6jJXK,MVM783 - The Grandview at Las Vegas,6402A,Evolve M2
68:ab:a9:ff:0a:90,2026-08-04 03:50:23,E8X6iojo46RFyYc5zaAI4n7RYMR6jJXK,MVM783 - The Grandview at Las Vegas,1705B,Evolve M2
68:ab:a9:fe:18:38,2026-08-04 03:50:23,E8X6iojo46RFyYc5zaAI4n7RYMR6jJXK,MVM783 - The Grandview at Las Vegas,5809B,Evolve M2
10:2b:aa:51:54:7e,2026-08-04 03:50:23,E8X6iojo46RFyYc5zaAI4n7RYMR6jJXK,MVM783 - The Grandview at Las Vegas,51804A,Evolve M2
10:2b:aa:51:52:cb,2026-08-04 03:50:23,E8X6iojo46RFyYc5zaAI4n7RYMR6jJXK,MVM783 - The Grandview at Las Vegas,51108B,Evolve M2
64:18:df:74:16:e9,2026-08-04 03:50:23,E8X6iojo46RFyYc5zaAI4n7RYMR6jJXK,MVM783 - The Grandview at Las Vegas,51807A,Evolve M2
68:ab:a9:fe:1c:60,2026-08-04 03:50:23,E8X6iojo46RFyYc5zaAI4n7RYMR6jJXK,MVM783 - The Grandview at Las Vegas,9609B,Evolve M2
10:2b:aa:51:60:d5,2026-08-04 03:50:23,E8X6iojo46RFyYc5zaAI4n7RYMR6jJXK,MVM783 - The Grandview at Las Vegas,51605A,Evolve M2
10:2b:aa:51:69:f9,2026-08-04 03:50:23,E8X6iojo46RFyYc5zaAI4n7RYMR6jJXK,MVM783 - The Grandview at Las Vegas,3810B,Evolve M2
68:ab:a9:fc:14:28,2026-08-04 03:50:22,E8X6iojo46RFyYc5zaAI4n7RYMR6jJXK,MVM783 - The Grandview at Las Vegas,7908B,Evolve M2
68:ab:a9:fb:82:5b,2026-08-04 03:50:21,E8X6iojo46RFyYc5zaAI4n7RYMR6jJXK,MVM783 - The Grandview at Las Vegas,3510B,Evolve M2
68:ab:a9:fc:fe:f6,2026-08-04 03:50:21,E8X6iojo46RFyYc5zaAI4n7RYMR6jJXK,MVM783 - The Grandview at Las Vegas,51707B,Evolve M2
68:ab:a9:f8:85:fc,2026-08-04 03:50:21,E8X6iojo46RFyYc5zaAI4n7RYMR6jJXK,MVM783 - The Grandview at Las Vegas,8203A,Evolve M2
10:2b:aa:51:66:5d,2026-08-04 03:50:20,E8X6iojo46RFyYc5zaAI4n7RYMR6jJXK,MVM783 - The Grandview at Las Vegas,5605B,Evolve M2
10:2b:aa:51:fc:6a,2026-08-04 03:50:20,E8X6iojo46RFyYc5zaAI4n7RYMR6jJXK,MVM783 - The Grandview at Las Vegas,2905A,Evolve M2
68:ab:a9:fe:9f:7b,2026-08-04 03:50:19,E8X6iojo46RFyYc5zaAI4n7RYMR6jJXK,MVM783 - The Grandview at Las Vegas,21103B,Evolve M2
68:ab:a9:f8:e9:9a,2026-08-04 03:50:19,E8X6iojo46RFyYc5zaAI4n7RYMR6jJXK,MVM783 - The Grandview at Las Vegas,62001B,Evolve M2
68:ab:a9:f8:ce:b1,2026-08-04 03:50:19,E8X6iojo46RFyYc5zaAI4n7RYMR6jJXK,MVM783 - The Grandview at Las Vegas,8406B,Evolve M2
10:2b:aa:51:4d:7c,2026-08-04 03:50:18,E8X6iojo46RFyYc5zaAI4n7RYMR6jJXK,MVM783 - The Grandview at Las Vegas,61705B,Evolve M2
68:ab:a9:fc:3c:52,2026-08-04 03:50:18,E8X6iojo46RFyYc5zaAI4n7RYMR6jJXK,MVM783 - The Grandview at Las Vegas,31005A,Evolve M2
10:2b:aa:51:4f:02,2026-08-04 03:50:17,E8X6iojo46RFyYc5zaAI4n7RYMR6jJXK,MVM783 - The Grandview at Las Vegas,6107B,Evolve M2
68:ab:a9:fc:36:90,2026-08-04 03:50:16,E8X6iojo46RFyYc5zaAI4n7RYMR6jJXK,MVM783 - The Grandview at Las Vegas,1907B@B,Evolve M2
64:18:df:74:2d:ea,2026-08-04 03:50:16,E8X6iojo46RFyYc5zaAI4n7RYMR6jJXK,MVM783 - The Grandview at Las Vegas,41907A,Evolve M2
10:2b:aa:51:65:dc,2026-08-04 03:50:16,E8X6iojo46RFyYc5zaAI4n7RYMR6jJXK,MVM783 - The Grandview at Las Vegas,4304A,Evolve M2
10:2b:aa:51:f9:37,2026-08-04 03:50:16,E8X6iojo46RFyYc5zaAI4n7RYMR6jJXK,MVM783 - The Grandview at Las Vegas,81201A,Evolve M2
64:18:df:73:d7:9b,2026-08-04 03:50:16,E8X6iojo46RFyYc5zaAI4n7RYMR6jJXK,MVM783 - The Grandview at Las Vegas,61607B,Evolve M2
68:ab:a9:fe:9c:8d,2026-08-04 03:50:15,E8X6iojo46RFyYc5zaAI4n7RYMR6jJXK,MVM783 - The Grandview at Las Vegas,41407A,Evolve M2
10:2b:aa:51:fb:08,2026-08-04 03:50:15,E8X6iojo46RFyYc5zaAI4n7RYMR6jJXK,MVM783 - The Grandview at Las Vegas,2403B,Evolve M2
10:2b:aa:51:4f:11,2026-08-04 03:50:15,E8X6iojo46RFyYc5zaAI4n7RYMR6jJXK,MVM783 - The Grandview at Las Vegas,61706B,Evolve M2
64:18:df:74:57:ff,2026-08-04 03:50:15,E8X6iojo46RFyYc5zaAI4n7RYMR6jJXK,MVM783 - The Grandview at Las Vegas,51801A,Evolve M2
10:2b:aa:51:f7:cc,2026-08-04 03:50:15,E8X6iojo46RFyYc5zaAI4n7RYMR6jJXK,MVM783 - The Grandview at Las Vegas,2601A,Evolve M2
10:2b:aa:51:f7:6c,2026-08-04 03:50:15,E8X6iojo46RFyYc5zaAI4n7RYMR6jJXK,MVM783 - The Grandview at Las Vegas,2304A,Evolve M2
64:18:df:74:55:db,2026-08-04 03:50:15,E8X6iojo46RFyYc5zaAI4n7RYMR6jJXK,MVM783 - The Grandview at Las Vegas,62007B,Evolve M2
68:ab:a9:fc:09:0b,2026-08-04 03:50:15,E8X6iojo46RFyYc5zaAI4n7RYMR6jJXK,MVM783 - The Grandview at Las Vegas,3907A,Evolve M2
68:ab:a9:fe:d5:61,2026-08-04 03:50:14,E8X6iojo46RFyYc5zaAI4n7RYMR6jJXK,MVM783 - The Grandview at Las Vegas,9807B,Evolve M2
68:ab:a9:fe:ba:77,2026-08-04 03:50:13,E8X6iojo46RFyYc5zaAI4n7RYMR6jJXK,MVM783 - The Grandview at Las Vegas,2204A,Evolve M2
64:18:df:73:d3:80,2026-08-04 03:50:13,E8X6iojo46RFyYc5zaAI4n7RYMR6jJXK,MVM783 - The Grandview at Las Vegas,91102B,Evolve M2
10:2b:aa:51:61:50,2026-08-04 03:50:12,E8X6iojo46RFyYc5zaAI4n7RYMR6jJXK,MVM783 - The Grandview at Las Vegas,6907A,Evolve M2
68:ab:a9:fc:2f:f2,2026-08-04 03:50:12,E8X6iojo46RFyYc5zaAI4n7RYMR6jJXK,MVM783 - The Grandview at Las Vegas,31203A,Evolve M2
10:2b:aa:51:f9:4f,2026-08-04 03:50:12,E8X6iojo46RFyYc5zaAI4n7RYMR6jJXK,MVM783 - The Grandview at Las Vegas,6809B,Evolve M2
64:18:df:74:37:c4,2026-08-04 03:50:12,E8X6iojo46RFyYc5zaAI4n7RYMR6jJXK,MVM783 - The Grandview at Las Vegas,5902A,Evolve M2
68:ab:a9:f8:60:ce,2026-08-04 03:50:12,E8X6iojo46RFyYc5zaAI4n7RYMR6jJXK,MVM783 - The Grandview at Las Vegas,2707A,Evolve M2
64:18:df:74:29:0d,2026-08-04 03:50:12,E8X6iojo46RFyYc5zaAI4n7RYMR6jJXK,MVM783 - The Grandview at Las Vegas,41407B,Evolve M2
64:18:df:74:21:1f,2026-08-04 03:50:12,E8X6iojo46RFyYc5zaAI4n7RYMR6jJXK,MVM783 - The Grandview at Las Vegas,42005A,Evolve M2
68:ab:a9:fe:88:00,2026-08-04 03:50:11,E8X6iojo46RFyYc5zaAI4n7RYMR6jJXK,MVM783 - The Grandview at Las Vegas,9506A,Evolve M2
64:18:df:74:20:bf,2026-08-04 03:50:11,E8X6iojo46RFyYc5zaAI4n7RYMR6jJXK,MVM783 - The Grandview at Las Vegas,41408B,Evolve M2
64:18:df:74:69:ae,2026-08-04 03:50:11,E8X6iojo46RFyYc5zaAI4n7RYMR6jJXK,MVM783 - The Grandview at Las Vegas,52003B,Evolve M2
68:ab:a9:fc:21:b5,2026-08-04 03:50:11,E8X6iojo46RFyYc5zaAI4n7RYMR6jJXK,MVM783 - The Grandview at Las Vegas,1108B,Evolve M2
68:ab:a9:fe:ac:bd,2026-08-04 03:50:11,E8X6iojo46RFyYc5zaAI4n7RYMR6jJXK,MVM783 - The Grandview at Las Vegas,41006B,Evolve M2
68:ab:a9:f9:e6:5f,2026-08-04 03:50:10,E8X6iojo46RFyYc5zaAI4n7RYMR6jJXK,MVM783 - The Grandview at Las Vegas,52001A,Evolve M2
68:ab:a9:fc:7d:25,2026-08-04 03:50:10,E8X6iojo46RFyYc5zaAI4n7RYMR6jJXK,MVM783 - The Grandview at Las Vegas,3901B,Evolve M2
64:18:df:73:c5:e3,2026-08-04 03:50:10,E8X6iojo46RFyYc5zaAI4n7RYMR6jJXK,MVM783 - The Grandview at Las Vegas,61404B,Evolve M2
10:2b:aa:51:61:8c,2026-08-04 03:50:10,E8X6iojo46RFyYc5zaAI4n7RYMR6jJXK,MVM783 - The Grandview at Las Vegas,4102B,Evolve M2
10:2b:aa:51:6a:80,2026-08-04 03:50:10,E8X6iojo46RFyYc5zaAI4n7RYMR6jJXK,MVM783 - The Grandview at Las Vegas,6506B,Evolve M2
64:18:df:74:3b:57,2026-08-04 03:50:09,E8X6iojo46RFyYc5zaAI4n7RYMR6jJXK,MVM783 - The Grandview at Las Vegas,61907B,Evolve M2
68:ab:a9:fe:e6:e3,2026-08-04 03:50:09,E8X6iojo46RFyYc5zaAI4n7RYMR6jJXK,MVM783 - The Grandview at Las Vegas,1803B@L,Evolve M2
64:18:df:73:fe:69,2026-08-04 03:50:09,E8X6iojo46RFyYc5zaAI4n7RYMR6jJXK,MVM783 - The Grandview at Las Vegas,51905B,Evolve M2
64:18:df:73:ff:94,2026-08-04 03:50:09,E8X6iojo46RFyYc5zaAI4n7RYMR6jJXK,MVM783 - The Grandview at Las Vegas,62104B,Evolve M2
68:ab:a9:f8:f2:9e,2026-08-04 03:50:09,E8X6iojo46RFyYc5zaAI4n7RYMR6jJXK,MVM783 - The Grandview at Las Vegas,11004A,Evolve M2
10:2b:aa:51:f7:f6,2026-08-04 03:50:09,E8X6iojo46RFyYc5zaAI4n7RYMR6jJXK,MVM783 - The Grandview at Las Vegas,9902B,Evolve M2
68:ab:a9:fe:f0:91,2026-08-04 03:50:09,E8X6iojo46RFyYc5zaAI4n7RYMR6jJXK,MVM783 - The Grandview at Las Vegas,6604B,Evolve M2
10:2b:aa:51:56:76,2026-08-04 03:50:09,E8X6iojo46RFyYc5zaAI4n7RYMR6jJXK,MVM783 - The Grandview at Las Vegas,61804B,Evolve M2
10:2b:aa:51:50:43,2026-08-04 03:50:08,E8X6iojo46RFyYc5zaAI4n7RYMR6jJXK,MVM783 - The Grandview at Las Vegas,5803A,Evolve M2
10:2b:aa:51:fd:f3,2026-08-04 03:50:08,E8X6iojo46RFyYc5zaAI4n7RYMR6jJXK,MVM783 - The Grandview at Las Vegas,2104B,Evolve M2
68:ab:a9:fe:be:c9,2026-08-04 03:50:08,E8X6iojo46RFyYc5zaAI4n7RYMR6jJXK,MVM783 - The Grandview at Las Vegas,81203A,Evolve M2
10:2b:aa:51:59:97,2026-08-04 03:50:08,E8X6iojo46RFyYc5zaAI4n7RYMR6jJXK,MVM783 - The Grandview at Las Vegas,61202A,Evolve M2
68:ab:a9:fe:6b:ee,2026-08-04 03:50:08,E8X6iojo46RFyYc5zaAI4n7RYMR6jJXK,MVM783 - The Grandview at Las Vegas,8904A,Evolve M2
68:ab:a9:fc:53:80,2026-08-04 03:50:08,E8X6iojo46RFyYc5zaAI4n7RYMR6jJXK,MVM783 - The Grandview at Las Vegas,2306A,Evolve M2
64:18:df:74:2f:02,2026-08-04 03:50:08,E8X6iojo46RFyYc5zaAI4n7RYMR6jJXK,MVM783 - The Grandview at Las Vegas,52003A,Evolve M2
68:ab:a9:ff:14:fd,2026-08-04 03:50:07,E8X6iojo46RFyYc5zaAI4n7RYMR6jJXK,MVM783 - The Grandview at Las Vegas,21203B,Evolve M2
10:2b:aa:51:f6:2b,2026-08-04 03:50:07,E8X6iojo46RFyYc5zaAI4n7RYMR6jJXK,MVM783 - The Grandview at Las Vegas,9208A,Evolve M2
10:2b:aa:51:4d:82,2026-08-04 03:50:07,E8X6iojo46RFyYc5zaAI4n7RYMR6jJXK,MVM783 - The Grandview at Las Vegas,4905B,Evolve M2
68:ab:a9:ff:10:9c,2026-08-04 03:50:07,E8X6iojo46RFyYc5zaAI4n7RYMR6jJXK,MVM783 - The Grandview at Las Vegas,11005A,Evolve M2
68:ab:a9:f8:22:f8,2026-08-04 03:50:07,E8X6iojo46RFyYc5zaAI4n7RYMR6jJXK,MVM783 - The Grandview at Las Vegas,42005A,Evolve M2
68:ab:a9:fe:73:12,2026-08-04 03:50:06,E8X6iojo46RFyYc5zaAI4n7RYMR6jJXK,MVM783 - The Grandview at Las Vegas,9504A,Evolve M2
10:2b:aa:51:59:16,2026-08-04 03:50:06,E8X6iojo46RFyYc5zaAI4n7RYMR6jJXK,MVM783 - The Grandview at Las Vegas,5103B,Evolve M2
68:ab:a9:f8:5e:80,2026-08-04 03:50:06,E8X6iojo46RFyYc5zaAI4n7RYMR6jJXK,MVM783 - The Grandview at Las Vegas,11005B,Evolve M2
64:18:df:74:19:d3,2026-08-04 03:50:06,E8X6iojo46RFyYc5zaAI4n7RYMR6jJXK,MVM783 - The Grandview at Las Vegas,41609A,Evolve M2
68:ab:a9:fc:37:46,2026-08-04 03:50:06,E8X6iojo46RFyYc5zaAI4n7RYMR6jJXK,MVM783 - The Grandview at Las Vegas,3910A,Evolve M2
68:ab:a9:f8:3f:ad,2026-08-04 03:50:05,E8X6iojo46RFyYc5zaAI4n7RYMR6jJXK,MVM783 - The Grandview at Las Vegas,31207A,Evolve M2
68:ab:a9:fe:a3:c6,2026-08-04 03:50:05,E8X6iojo46RFyYc5zaAI4n7RYMR6jJXK,MVM783 - The Grandview at Las Vegas,61001B,Evolve M2
10:2b:aa:51:61:83,2026-08-04 03:50:05,E8X6iojo46RFyYc5zaAI4n7RYMR6jJXK,MVM783 - The Grandview at Las Vegas,51406B,Evolve M2
10:2b:aa:51:fe:83,2026-08-04 03:50:05,E8X6iojo46RFyYc5zaAI4n7RYMR6jJXK,MVM783 - The Grandview at Las Vegas,2405B,Evolve M2
64:18:df:73:e1:f1,2026-08-04 03:50:05,E8X6iojo46RFyYc5zaAI4n7RYMR6jJXK,MVM783 - The Grandview at Las Vegas,31210B,Evolve M2
68:ab:a9:fe:68:a7,2026-08-04 03:50:04,E8X6iojo46RFyYc5zaAI4n7RYMR6jJXK,MVM783 - The Grandview at Las Vegas,51706A,Evolve M2
10:2b:aa:51:f6:7f,2026-08-04 03:50:04,E8X6iojo46RFyYc5zaAI4n7RYMR6jJXK,MVM783 - The Grandview at Las Vegas,21101A,Evolve M2
64:18:df:73:fb:78,2026-08-04 03:50:04,E8X6iojo46RFyYc5zaAI4n7RYMR6jJXK,MVM783 - The Grandview at Las Vegas,91207A,Evolve M2
10:2b:aa:51:49:86,2026-08-04 03:50:04,E8X6iojo46RFyYc5zaAI4n7RYMR6jJXK,MVM783 - The Grandview at Las Vegas,61401B,Evolve M2
64:18:df:73:fa:a5,2026-08-04 03:50:04,E8X6iojo46RFyYc5zaAI4n7RYMR6jJXK,MVM783 - The Grandview at Las Vegas,52005A,Evolve M2
68:ab:a9:ff:1b:ce,2026-08-04 03:50:03,E8X6iojo46RFyYc5zaAI4n7RYMR6jJXK,MVM783 - The Grandview at Las Vegas,61506B,Evolve M2
64:18:df:74:87:9b,2026-08-04 03:50:03,E8X6iojo46RFyYc5zaAI4n7RYMR6jJXK,MVM783 - The Grandview at Las Vegas,5809B,Evolve M2
68:ab:a9:fe:7c:2a,2026-08-04 03:50:03,E8X6iojo46RFyYc5zaAI4n7RYMR6jJXK,MVM783 - The Grandview at Las Vegas,41405A,Evolve M2
10:2b:aa:51:fd:f9,2026-08-04 03:50:03,E8X6iojo46RFyYc5zaAI4n7RYMR6jJXK,MVM783 - The Grandview at Las Vegas,9304B,Evolve M2
10:2b:aa:51:51:42,2026-08-04 03:50:03,E8X6iojo46RFyYc5zaAI4n7RYMR6jJXK,MVM783 - The Grandview at Las Vegas,61509A,Evolve M2
68:ab:a9:fe:f8:6a,2026-08-04 03:50:03,E8X6iojo46RFyYc5zaAI4n7RYMR6jJXK,MVM783 - The Grandview at Las Vegas,1804A,Evolve M2
64:18:df:74:1d:50,2026-08-04 03:50:03,E8X6iojo46RFyYc5zaAI4n7RYMR6jJXK,MVM783 - The Grandview at Las Vegas,61906B,Evolve M2
10:2b:aa:51:6a:68,2026-08-04 03:50:03,E8X6iojo46RFyYc5zaAI4n7RYMR6jJXK,MVM783 - The Grandview at Las Vegas,3701A,Evolve M2
10:2b:aa:51:49:cb,2026-08-04 03:50:03,E8X6iojo46RFyYc5zaAI4n7RYMR6jJXK,MVM783 - The Grandview at Las Vegas,61208A,Evolve M2
68:ab:a9:f8:24:fb,2026-08-04 03:50:03,E8X6iojo46RFyYc5zaAI4n7RYMR6jJXK,MVM783 - The Grandview at Las Vegas,91103B,Evolve M2
64:18:df:74:4c:f8,2026-08-04 03:50:03,E8X6iojo46RFyYc5zaAI4n7RYMR6jJXK,MVM783 - The Grandview at Las Vegas,6204B,Evolve M2
68:ab:a9:fe:db:56,2026-08-04 03:50:03,E8X6iojo46RFyYc5zaAI4n7RYMR6jJXK,MVM783 - The Grandview at Las Vegas,62108A,Evolve M2
68:ab:a9:f9:5b:f2,2026-08-04 03:50:02,E8X6iojo46RFyYc5zaAI4n7RYMR6jJXK,MVM783 - The Grandview at Las Vegas,11008A,Evolve M2
68:ab:a9:fe:06:d2,2026-08-04 03:50:02,E8X6iojo46RFyYc5zaAI4n7RYMR6jJXK,MVM783 - The Grandview at Las Vegas,9505A,Evolve M2
68:ab:a9:ff:06:dd,2026-08-04 03:50:02,E8X6iojo46RFyYc5zaAI4n7RYMR6jJXK,MVM783 - The Grandview at Las Vegas,41204B,Evolve M2
68:ab:a9:fe:5f:c4,2026-08-04 03:50:01,E8X6iojo46RFyYc5zaAI4n7RYMR6jJXK,MVM783 - The Grandview at Las Vegas,9809A,Evolve M2
64:18:df:73:ef:11,2026-08-04 03:50:01,E8X6iojo46RFyYc5zaAI4n7RYMR6jJXK,MVM783 - The Grandview at Las Vegas,61104B,Evolve M2
68:ab:a9:fe:a3:6f,2026-08-04 03:50:01,E8X6iojo46RFyYc5zaAI4n7RYMR6jJXK,MVM783 - The Grandview at Las Vegas,41003B,Evolve M2
10:2b:aa:51:50:5e,2026-08-04 03:50:01,E8X6iojo46RFyYc5zaAI4n7RYMR6jJXK,MVM783 - The Grandview at Las Vegas,6305A,Evolve M2
68:ab:a9:f8:27:42,2026-08-04 03:50:00,E8X6iojo46RFyYc5zaAI4n7RYMR6jJXK,MVM783 - The Grandview at Las Vegas,1407A@L,Evolve M2
10:2b:aa:51:65:7c,2026-08-04 03:50:00,E8X6iojo46RFyYc5zaAI4n7RYMR6jJXK,MVM783 - The Grandview at Las Vegas,91105A,Evolve M2
10:2b:aa:51:4a:94,2026-08-04 03:49:59,E8X6iojo46RFyYc5zaAI4n7RYMR6jJXK,MVM783 - The Grandview at Las Vegas,3802B,Evolve M2
64:18:df:73:b3:25,2026-08-04 03:49:59,E8X6iojo46RFyYc5zaAI4n7RYMR6jJXK,MVM783 - The Grandview at Las Vegas,6306B,Evolve M2
64:18:df:74:08:24,2026-08-04 03:49:59,E8X6iojo46RFyYc5zaAI4n7RYMR6jJXK,MVM783 - The Grandview at Las Vegas,5701B,Evolve M2
10:2b:aa:51:67:e3,2026-08-04 03:49:59,E8X6iojo46RFyYc5zaAI4n7RYMR6jJXK,MVM783 - The Grandview at Las Vegas,31009B,Evolve M2
68:ab:a9:fe:21:e3,2026-08-04 03:49:59,E8X6iojo46RFyYc5zaAI4n7RYMR6jJXK,MVM783 - The Grandview at Las Vegas,61008A,Evolve M2
68:ab:a9:fd:7b:9a,2026-08-04 03:49:58,E8X6iojo46RFyYc5zaAI4n7RYMR6jJXK,MVM783 - The Grandview at Las Vegas,3908A,Evolve M2
64:18:df:73:f3:87,2026-08-04 03:49:58,E8X6iojo46RFyYc5zaAI4n7RYMR6jJXK,MVM783 - The Grandview at Las Vegas,5304B,Evolve M2
68:ab:a9:f8:d5:96,2026-08-04 03:49:58,E8X6iojo46RFyYc5zaAI4n7RYMR6jJXK,MVM783 - The Grandview at Las Vegas,8602B,Evolve M2
68:ab:a9:fe:af:ef,2026-08-04 03:49:58,E8X6iojo46RFyYc5zaAI4n7RYMR6jJXK,MVM783 - The Grandview at Las Vegas,4910B,Evolve M2
68:ab:a9:f7:bf:82,2026-08-04 03:49:58,E8X6iojo46RFyYc5zaAI4n7RYMR6jJXK,MVM783 - The Grandview at Las Vegas,8401A,Evolve M2
10:2b:aa:51:54:99,2026-08-04 03:49:57,E8X6iojo46RFyYc5zaAI4n7RYMR6jJXK,MVM783 - The Grandview at Las Vegas,4901A,Evolve M2
10:2b:aa:51:5d:6f,2026-08-04 03:49:57,E8X6iojo46RFyYc5zaAI4n7RYMR6jJXK,MVM783 - The Grandview at Las Vegas,51703A,Evolve M2
68:ab:a9:fe:35:2d,2026-08-04 03:49:57,E8X6iojo46RFyYc5zaAI4n7RYMR6jJXK,MVM783 - The Grandview at Las Vegas,42001B,Evolve M2
68:ab:a9:fe:a9:12,2026-08-04 03:49:56,E8X6iojo46RFyYc5zaAI4n7RYMR6jJXK,MVM783 - The Grandview at Las Vegas,41202B,Evolve M2
10:2b:aa:51:ff:bb,2026-08-04 03:49:56,E8X6iojo46RFyYc5zaAI4n7RYMR6jJXK,MVM783 - The Grandview at Las Vegas,2803A,Evolve M2
10:2b:aa:51:67:50,2026-08-04 03:49:55,E8X6iojo46RFyYc5zaAI4n7RYMR6jJXK,MVM783 - The Grandview at Las Vegas,3606A,Evolve M2
10:2b:aa:51:5e:b9,2026-08-04 03:49:55,E8X6iojo46RFyYc5zaAI4n7RYMR6jJXK,MVM783 - The Grandview at Las Vegas,5607A,Evolve M2
10:2b:aa:51:63:90,2026-08-04 03:49:55,E8X6iojo46RFyYc5zaAI4n7RYMR6jJXK,MVM783 - The Grandview at Las Vegas,3407A,Evolve M2
68:ab:a9:ff:03:a2,2026-08-04 03:49:55,E8X6iojo46RFyYc5zaAI4n7RYMR6jJXK,MVM783 - The Grandview at Las Vegas,3703A,Evolve M2
64:18:df:74:0b:7a,2026-08-04 03:49:55,E8X6iojo46RFyYc5zaAI4n7RYMR6jJXK,MVM783 - The Grandview at Las Vegas,51809A,Evolve M2
68:ab:a9:fe:e4:d5,2026-08-04 03:49:54,E8X6iojo46RFyYc5zaAI4n7RYMR6jJXK,MVM783 - The Grandview at Las Vegas,1704B,Evolve M2
68:ab:a9:fb:e5:75,2026-08-04 03:49:53,E8X6iojo46RFyYc5zaAI4n7RYMR6jJXK,MVM783 - The Grandview at Las Vegas,1402B@L,Evolve M2
68:ab:a9:f8:65:a0,2026-08-04 03:49:53,E8X6iojo46RFyYc5zaAI4n7RYMR6jJXK,MVM783 - The Grandview at Las Vegas,2101B,Evolve M2
10:2b:aa:51:65:d6,2026-08-04 03:49:53,E8X6iojo46RFyYc5zaAI4n7RYMR6jJXK,MVM783 - The Grandview at Las Vegas,4808A,Evolve M2
10:2b:aa:51:67:0b,2026-08-04 03:49:53,E8X6iojo46RFyYc5zaAI4n7RYMR6jJXK,MVM783 - The Grandview at Las Vegas,51901A,Evolve M2
10:2b:aa:51:f4:81,2026-08-04 03:49:53,E8X6iojo46RFyYc5zaAI4n7RYMR6jJXK,MVM783 - The Grandview at Las Vegas,11202B,Evolve M2
64:18:df:74:05:51,2026-08-04 03:49:53,E8X6iojo46RFyYc5zaAI4n7RYMR6jJXK,MVM783 - The Grandview at Las Vegas,42010A,Evolve M2
68:ab:a9:fe:d3:6e,2026-08-04 03:49:53,E8X6iojo46RFyYc5zaAI4n7RYMR6jJXK,MVM783 - The Grandview at Las Vegas,8304A,Evolve M2
68:ab:a9:f9:45:ef,2026-08-04 03:49:52,E8X6iojo46RFyYc5zaAI4n7RYMR6jJXK,MVM783 - The Grandview at Las Vegas,3210B,Evolve M2
10:2b:aa:51:63:5a,2026-08-04 03:49:52,E8X6iojo46RFyYc5zaAI4n7RYMR6jJXK,MVM783 - The Grandview at Las Vegas,GYM3,Evolve M2
10:2b:aa:51:52:5f,2026-08-04 03:49:52,E8X6iojo46RFyYc5zaAI4n7RYMR6jJXK,MVM783 - The Grandview at Las Vegas,51007A,Evolve M2
10:2b:aa:51:52:77,2026-08-04 03:49:52,E8X6iojo46RFyYc5zaAI4n7RYMR6jJXK,MVM783 - The Grandview at Las Vegas,51101B,Evolve M2
10:2b:aa:52:68:f7,2026-08-04 03:49:52,E8X6iojo46RFyYc5zaAI4n7RYMR6jJXK,MVM783 - The Grandview at Las Vegas,4107A,Evolve M2
10:2b:aa:51:4f:ec,2026-08-04 03:49:51,E8X6iojo46RFyYc5zaAI4n7RYMR6jJXK,MVM783 - The Grandview at Las Vegas,GYM1,Evolve M2
10:2b:aa:51:48:a5,2026-08-04 03:49:51,E8X6iojo46RFyYc5zaAI4n7RYMR6jJXK,MVM783 - The Grandview at Las Vegas,9901A,Evolve M2
68:ab:a9:fe:9f:38,2026-08-04 03:49:51,E8X6iojo46RFyYc5zaAI4n7RYMR6jJXK,MVM783 - The Grandview at Las Vegas,4602B,Evolve M2
68:ab:a9:fc:7c:f2,2026-08-04 03:49:51,E8X6iojo46RFyYc5zaAI4n7RYMR6jJXK,MVM783 - The Grandview at Las Vegas,9302A,Evolve M2
10:2b:aa:50:c1:60,2026-08-04 03:49:50,E8X6iojo46RFyYc5zaAI4n7RYMR6jJXK,MVM783 - The Grandview at Las Vegas,9502A,Evolve M2
68:ab:a9:f8:36:be,2026-08-04 03:49:50,E8X6iojo46RFyYc5zaAI4n7RYMR6jJXK,MVM783 - The Grandview at Las Vegas,91107B,Evolve M2
10:2b:aa:51:6c:e4,2026-08-04 03:49:50,E8X6iojo46RFyYc5zaAI4n7RYMR6jJXK,MVM783 - The Grandview at Las Vegas,4102A,Evolve M2
68:ab:a9:fc:95:05,2026-08-04 03:49:50,E8X6iojo46RFyYc5zaAI4n7RYMR6jJXK,MVM783 - The Grandview at Las Vegas,2808B,Evolve M2
10:2b:aa:52:65:dc,2026-08-04 03:49:50,E8X6iojo46RFyYc5zaAI4n7RYMR6jJXK,MVM783 - The Grandview at Las Vegas,81105A,Evolve M2
64:18:df:73:df:60,2026-08-04 03:49:50,E8X6iojo46RFyYc5zaAI4n7RYMR6jJXK,MVM783 - The Grandview at Las Vegas,5704A,Evolve M2
10:2b:aa:51:63:06,2026-08-04 03:49:50,E8X6iojo46RFyYc5zaAI4n7RYMR6jJXK,MVM783 - The Grandview at Las Vegas,4807B,Evolve M2
68:ab:a9:fe:7b:08,2026-08-04 03:49:49,E8X6iojo46RFyYc5zaAI4n7RYMR6jJXK,MVM783 - The Grandview at Las Vegas,41010B,Evolve M2
10:2b:aa:51:5d:de,2026-08-04 03:49:49,E8X6iojo46RFyYc5zaAI4n7RYMR6jJXK,MVM783 - The Grandview at Las Vegas,61405A,Evolve M2
10:2b:aa:51:4a:8e,2026-08-04 03:49:49,E8X6iojo46RFyYc5zaAI4n7RYMR6jJXK,MVM783 - The Grandview at Las Vegas,3803B,Evolve M2
10:2b:aa:51:54:18,2026-08-04 03:49:49,E8X6iojo46RFyYc5zaAI4n7RYMR6jJXK,MVM783 - The Grandview at Las Vegas,61709B,Evolve M2
10:2b:aa:51:fd:1b,2026-08-04 03:49:49,E8X6iojo46RFyYc5zaAI4n7RYMR6jJXK,MVM783 - The Grandview at Las Vegas,9209A,Evolve M2
10:2b:aa:50:94:39,2026-08-04 03:49:49,E8X6iojo46RFyYc5zaAI4n7RYMR6jJXK,MVM783 - The Grandview at Las Vegas,8703B,Evolve M2
10:2b:aa:52:68:dc,2026-08-04 03:49:49,E8X6iojo46RFyYc5zaAI4n7RYMR6jJXK,MVM783 - The Grandview at Las Vegas,4608B,Evolve M2
10:2b:aa:52:68:be,2026-08-04 03:49:48,E8X6iojo46RFyYc5zaAI4n7RYMR6jJXK,MVM783 - The Grandview at Las Vegas,9805A,Evolve M2
68:ab:a9:fc:30:84,2026-08-04 03:49:48,E8X6iojo46RFyYc5zaAI4n7RYMR6jJXK,MVM783 - The Grandview at Las Vegas,5504A,Evolve M2
10:2b:aa:51:52:59,2026-08-04 03:49:48,E8X6iojo46RFyYc5zaAI4n7RYMR6jJXK,MVM783 - The Grandview at Las Vegas,5401B,Evolve M2
68:ab:a9:fe:59:6c,2026-08-04 03:49:48,E8X6iojo46RFyYc5zaAI4n7RYMR6jJXK,MVM783 - The Grandview at Las Vegas,11003B,Evolve M2
64:18:df:74:32:53,2026-08-04 03:49:48,E8X6iojo46RFyYc5zaAI4n7RYMR6jJXK,MVM783 - The Grandview at Las Vegas,5902A,Evolve M2
10:2b:aa:51:6c:42,2026-08-04 03:49:48,E8X6iojo46RFyYc5zaAI4n7RYMR6jJXK,MVM783 - The Grandview at Las Vegas,3602B,Evolve M2
68:ab:a9:ff:10:a2,2026-08-04 03:49:48,E8X6iojo46RFyYc5zaAI4n7RYMR6jJXK,MVM783 - The Grandview at Las Vegas,81107B,Evolve M2
68:ab:a9:fc:33:ff,2026-08-04 03:49:47,E8X6iojo46RFyYc5zaAI4n7RYMR6jJXK,MVM783 - The Grandview at Las Vegas,51404A,Evolve M2
68:ab:a9:f8:ed:89,2026-08-04 03:49:47,E8X6iojo46RFyYc5zaAI4n7RYMR6jJXK,MVM783 - The Grandview at Las Vegas,11008A,Evolve M2
10:2b:aa:51:4e:ba,2026-08-04 03:49:46,E8X6iojo46RFyYc5zaAI4n7RYMR6jJXK,MVM783 - The Grandview at Las Vegas,1301B@B,Evolve M2
10:2b:aa:51:60:de,2026-08-04 03:49:46,E8X6iojo46RFyYc5zaAI4n7RYMR6jJXK,MVM783 - The Grandview at Las Vegas,3707A,Evolve M2
64:18:df:73:c0:33,2026-08-04 03:49:46,E8X6iojo46RFyYc5zaAI4n7RYMR6jJXK,MVM783 - The Grandview at Las Vegas,52103B,Evolve M2
68:ab:a9:fe:99:56,2026-08-04 03:49:46,E8X6iojo46RFyYc5zaAI4n7RYMR6jJXK,MVM783 - The Grandview at Las Vegas,42103B,Evolve M2
64:18:df:73:f3:8a,2026-08-04 03:49:46,E8X6iojo46RFyYc5zaAI4n7RYMR6jJXK,MVM783 - The Grandview at Las Vegas,0000A,Evolve M2
68:ab:a9:fc:a4:c6,2026-08-04 03:49:45,E8X6iojo46RFyYc5zaAI4n7RYMR6jJXK,MVM783 - The Grandview at Las Vegas,3901B,Evolve M2
10:2b:aa:51:4f:9e,2026-08-04 03:49:45,E8X6iojo46RFyYc5zaAI4n7RYMR6jJXK,MVM783 - The Grandview at Las Vegas,5606B,Evolve M2
64:18:df:74:38:5a,2026-08-04 03:49:45,E8X6iojo46RFyYc5zaAI4n7RYMR6jJXK,MVM783 - The Grandview at Las Vegas,42003B,Evolve M2
68:ab:a9:fe:c0:b9,2026-08-04 03:49:44,E8X6iojo46RFyYc5zaAI4n7RYMR6jJXK,MVM783 - The Grandview at Las Vegas,8505A,Evolve M2
10:2b:aa:51:f8:b3,2026-08-04 03:49:44,E8X6iojo46RFyYc5zaAI4n7RYMR6jJXK,MVM783 - The Grandview at Las Vegas,9802B,Evolve M2
68:ab:a9:fe:ab:0f,2026-08-04 03:49:44,E8X6iojo46RFyYc5zaAI4n7RYMR6jJXK,MVM783 - The Grandview at Las Vegas,21007B,Evolve M2
10:2b:aa:51:69:36,2026-08-04 03:49:44,E8X6iojo46RFyYc5zaAI4n7RYMR6jJXK,MVM783 - The Grandview at Las Vegas,52101B,Evolve M2
68:ab:a9:fe:ee:76,2026-08-04 03:49:44,E8X6iojo46RFyYc5zaAI4n7RYMR6jJXK,MVM783 - The Grandview at Las Vegas,4701A,Evolve M2
10:2b:aa:51:f6:a3,2026-08-04 03:49:43,E8X6iojo46RFyYc5zaAI4n7RYMR6jJXK,MVM783 - The Grandview at Las Vegas,31101B,Evolve M2
64:18:df:73:ee:24,2026-08-04 03:49:43,E8X6iojo46RFyYc5zaAI4n7RYMR6jJXK,MVM783 - The Grandview at Las Vegas,41509B,Evolve M2
64:18:df:74:91:4c,2026-08-04 03:49:43,E8X6iojo46RFyYc5zaAI4n7RYMR6jJXK,MVM783 - The Grandview at Las Vegas,3405A,Evolve M2
68:ab:a9:fe:9d:12,2026-08-04 03:49:43,E8X6iojo46RFyYc5zaAI4n7RYMR6jJXK,MVM783 - The Grandview at Las Vegas,4909A,Evolve M2
64:18:df:74:37:5c,2026-08-04 03:49:43,E8X6iojo46RFyYc5zaAI4n7RYMR6jJXK,MVM783 - The Grandview at Las Vegas,6303A,Evolve M2
64:18:df:74:3d:4e,2026-08-04 03:49:43,E8X6iojo46RFyYc5zaAI4n7RYMR6jJXK,MVM783 - The Grandview at Las Vegas,51809B,Evolve M2
68:ab:a9:fc:3d:87,2026-08-04 03:49:43,E8X6iojo46RFyYc5zaAI4n7RYMR6jJXK,MVM783 - The Grandview at Las Vegas,4310B,Evolve M2
10:2b:aa:51:4d:e5,2026-08-04 03:49:43,E8X6iojo46RFyYc5zaAI4n7RYMR6jJXK,MVM783 - The Grandview at Las Vegas,6404B,Evolve M2
10:2b:aa:51:6a:f8,2026-08-04 03:49:42,E8X6iojo46RFyYc5zaAI4n7RYMR6jJXK,MVM783 - The Grandview at Las Vegas,51506A,Evolve M2
64:18:df:74:08:8e,2026-08-04 03:49:42,E8X6iojo46RFyYc5zaAI4n7RYMR6jJXK,MVM783 - The Grandview at Las Vegas,61009A,Evolve M2
10:2b:aa:51:fc:8b,2026-08-04 03:49:42,E8X6iojo46RFyYc5zaAI4n7RYMR6jJXK,MVM783 - The Grandview at Las Vegas,21101A,Evolve M2
64:18:df:73:d3:2f,2026-08-04 03:49:42,E8X6iojo46RFyYc5zaAI4n7RYMR6jJXK,MVM783 - The Grandview at Las Vegas,3601B,Evolve M2
68:ab:a9:fb:86:19,2026-08-04 03:49:41,E8X6iojo46RFyYc5zaAI4n7RYMR6jJXK,MVM783 - The Grandview at Las Vegas,1104A,Evolve M2
10:2b:aa:50:93:e2,2026-08-04 03:49:41,E8X6iojo46RFyYc5zaAI4n7RYMR6jJXK,MVM783 - The Grandview at Las Vegas,81207B,Evolve M2
68:ab:a9:fc:44:b2,2026-08-04 03:49:41,E8X6iojo46RFyYc5zaAI4n7RYMR6jJXK,MVM783 - The Grandview at Las Vegas,41607B,Evolve M2
68:ab:a9:f8:1f:26,2026-08-04 03:49:41,E8X6iojo46RFyYc5zaAI4n7RYMR6jJXK,MVM783 - The Grandview at Las Vegas,8401B,Evolve M2
68:ab:a9:fe:14:4e,2026-08-04 03:49:40,E8X6iojo46RFyYc5zaAI4n7RYMR6jJXK,MVM783 - The Grandview at Las Vegas,8907B,Evolve M2
10:2b:aa:51:63:b4,2026-08-04 03:49:40,E8X6iojo46RFyYc5zaAI4n7RYMR6jJXK,MVM783 - The Grandview at Las Vegas,GYM2,Evolve M2
64:18:df:74:6a:a9,2026-08-04 03:49:40,E8X6iojo46RFyYc5zaAI4n7RYMR6jJXK,MVM783 - The Grandview at Las Vegas,4301B,Evolve M2
10:2b:aa:51:58:44,2026-08-04 03:49:39,E8X6iojo46RFyYc5zaAI4n7RYMR6jJXK,MVM783 - The Grandview at Las Vegas,3309B,Evolve M2
68:ab:a9:fb:d2:b2,2026-08-04 03:49:39,E8X6iojo46RFyYc5zaAI4n7RYMR6jJXK,MVM783 - The Grandview at Las Vegas,2305B,Evolve M2
68:ab:a9:fe:f7:97,2026-08-04 03:49:39,E8X6iojo46RFyYc5zaAI4n7RYMR6jJXK,MVM783 - The Grandview at Las Vegas,9204A,Evolve M2
68:ab:a9:fe:57:a7,2026-08-04 03:49:39,E8X6iojo46RFyYc5zaAI4n7RYMR6jJXK,MVM783 - The Grandview at Las Vegas,9509A,Evolve M2
10:2b:aa:51:5d:f3,2026-08-04 03:49:39,E8X6iojo46RFyYc5zaAI4n7RYMR6jJXK,MVM783 - The Grandview at Las Vegas,6106B,Evolve M2
10:2b:aa:51:5f:d6,2026-08-04 03:49:39,E8X6iojo46RFyYc5zaAI4n7RYMR6jJXK,MVM783 - The Grandview at Las Vegas,51610B,Evolve M2
64:18:df:74:34:c0,2026-08-04 03:49:39,E8X6iojo46RFyYc5zaAI4n7RYMR6jJXK,MVM783 - The Grandview at Las Vegas,41905B,Evolve M2
10:2b:aa:51:5a:54,2026-08-04 03:49:38,E8X6iojo46RFyYc5zaAI4n7RYMR6jJXK,MVM783 - The Grandview at Las Vegas,9709A,Evolve M2
10:2b:aa:51:4b:d5,2026-08-04 03:49:38,E8X6iojo46RFyYc5zaAI4n7RYMR6jJXK,MVM783 - The Grandview at Las Vegas,3806A,Evolve M2
10:2b:aa:51:f3:f7,2026-08-04 03:49:37,E8X6iojo46RFyYc5zaAI4n7RYMR6jJXK,MVM783 - The Grandview at Las Vegas,31104B,Evolve M2
68:ab:a9:fc:89:d6,2026-08-04 03:49:37,E8X6iojo46RFyYc5zaAI4n7RYMR6jJXK,MVM783 - The Grandview at Las Vegas,2404A,Evolve M2
64:18:df:74:85:8b,2026-08-04 03:49:37,E8X6iojo46RFyYc5zaAI4n7RYMR6jJXK,MVM783 - The Grandview at Las Vegas,6501B,Evolve M2
64:18:df:73:d3:f9,2026-08-04 03:49:37,E8X6iojo46RFyYc5zaAI4n7RYMR6jJXK,MVM783 - The Grandview at Las Vegas,61203B,Evolve M2
64:18:df:74:12:53,2026-08-04 03:49:37,E8X6iojo46RFyYc5zaAI4n7RYMR6jJXK,MVM783 - The Grandview at Las Vegas,6905A,Evolve M2
64:18:df:73:c1:80,2026-08-04 03:49:35,E8X6iojo46RFyYc5zaAI4n7RYMR6jJXK,MVM783 - The Grandview at Las Vegas,4306B,Evolve M2
10:2b:aa:51:49:b6,2026-08-04 03:49:35,E8X6iojo46RFyYc5zaAI4n7RYMR6jJXK,MVM783 - The Grandview at Las Vegas,41808A,Evolve M2
68:ab:a9:ff:06:9d,2026-08-04 03:49:35,E8X6iojo46RFyYc5zaAI4n7RYMR6jJXK,MVM783 - The Grandview at Las Vegas,3704A,Evolve M2
10:2b:aa:51:fc:73,2026-08-04 03:49:35,E8X6iojo46RFyYc5zaAI4n7RYMR6jJXK,MVM783 - The Grandview at Las Vegas,2204B,Evolve M2
68:ab:a9:fe:44:fc,2026-08-04 03:49:35,E8X6iojo46RFyYc5zaAI4n7RYMR6jJXK,MVM783 - The Grandview at Las Vegas,9306B,Evolve M2
10:2b:aa:50:93:3d,2026-08-04 03:49:35,E8X6iojo46RFyYc5zaAI4n7RYMR6jJXK,MVM783 - The Grandview at Las Vegas,81103B,Evolve M2
10:2b:aa:51:68:e5,2026-08-04 03:49:35,E8X6iojo46RFyYc5zaAI4n7RYMR6jJXK,MVM783 - The Grandview at Las Vegas,6409B,Evolve M2
10:2b:aa:51:5c:64,2026-08-04 03:49:34,E8X6iojo46RFyYc5zaAI4n7RYMR6jJXK,MVM783 - The Grandview at Las Vegas,5801B,Evolve M2
68:ab:a9:fc:2f:d8,2026-08-04 03:49:34,E8X6iojo46RFyYc5zaAI4n7RYMR6jJXK,MVM783 - The Grandview at Las Vegas,21206B,Evolve M2
68:ab:a9:fe:fb:af,2026-08-04 03:49:34,E8X6iojo46RFyYc5zaAI4n7RYMR6jJXK,MVM783 - The Grandview at Las Vegas,61409A,Evolve M2
10:2b:aa:51:ff:94,2026-08-04 03:49:34,E8X6iojo46RFyYc5zaAI4n7RYMR6jJXK,MVM783 - The Grandview at Las Vegas,81002B,Evolve M2
10:2b:aa:50:94:0c,2026-08-04 03:49:34,E8X6iojo46RFyYc5zaAI4n7RYMR6jJXK,MVM783 - The Grandview at Las Vegas,8704B,Evolve M2
10:2b:aa:51:f9:76,2026-08-04 03:49:33,E8X6iojo46RFyYc5zaAI4n7RYMR6jJXK,MVM783 - The Grandview at Las Vegas,6804A,Evolve M2
64:18:df:73:ff:fc,2026-08-04 03:49:33,E8X6iojo46RFyYc5zaAI4n7RYMR6jJXK,MVM783 - The Grandview at Las Vegas,6705B,Evolve M2
68:ab:a9:fe:af:2f,2026-08-04 03:49:33,E8X6iojo46RFyYc5zaAI4n7RYMR6jJXK,MVM783 - The Grandview at Las Vegas,6602B,Evolve M2
10:2b:aa:51:f7:d5,2026-08-04 03:49:32,E8X6iojo46RFyYc5zaAI4n7RYMR6jJXK,MVM783 - The Grandview at Las Vegas,9209B,Evolve M2
10:2b:aa:51:59:37,2026-08-04 03:49:32,E8X6iojo46RFyYc5zaAI4n7RYMR6jJXK,MVM783 - The Grandview at Las Vegas,5901A,Evolve M2
68:ab:a9:ff:13:8d,2026-08-04 03:49:32,E8X6iojo46RFyYc5zaAI4n7RYMR6jJXK,MVM783 - The Grandview at Las Vegas,6802B,Evolve M2
10:2b:aa:51:53:43,2026-08-04 03:49:32,E8X6iojo46RFyYc5zaAI4n7RYMR6jJXK,MVM783 - The Grandview at Las Vegas,4308B,Evolve M2
10:2b:aa:51:4e:96,2026-08-04 03:49:32,E8X6iojo46RFyYc5zaAI4n7RYMR6jJXK,MVM783 - The Grandview at Las Vegas,4504B,Evolve M2
68:ab:a9:f8:dc:89,2026-08-04 03:49:31,E8X6iojo46RFyYc5zaAI4n7RYMR6jJXK,MVM783 - The Grandview at Las Vegas,1406A@L,Evolve M2
68:ab:a9:fe:d4:dd,2026-08-04 03:49:31,E8X6iojo46RFyYc5zaAI4n7RYMR6jJXK,MVM783 - The Grandview at Las Vegas,6708B,Evolve M2
64:18:df:73:c7:b0,2026-08-04 03:49:31,E8X6iojo46RFyYc5zaAI4n7RYMR6jJXK,MVM783 - The Grandview at Las Vegas,52008B,Evolve M2
68:ab:a9:fe:6f:e4,2026-08-04 03:49:31,E8X6iojo46RFyYc5zaAI4n7RYMR6jJXK,MVM783 - The Grandview at Las Vegas,8902A,Evolve M2
68:ab:a9:ff:09:af,2026-08-04 03:49:31,E8X6iojo46RFyYc5zaAI4n7RYMR6jJXK,MVM783 - The Grandview at Las Vegas,61209B,Evolve M2
68:ab:a9:fe:a2:0c,2026-08-04 03:49:31,E8X6iojo46RFyYc5zaAI4n7RYMR6jJXK,MVM783 - The Grandview at Las Vegas,8502A,Evolve M2
10:2b:aa:51:61:2f,2026-08-04 03:49:30,E8X6iojo46RFyYc5zaAI4n7RYMR6jJXK,MVM783 - The Grandview at Las Vegas,61505A,Evolve M2
10:2b:aa:51:4b:3f,2026-08-04 03:49:30,E8X6iojo46RFyYc5zaAI4n7RYMR6jJXK,MVM783 - The Grandview at Las Vegas,3803A,Evolve M2
68:ab:a9:f8:88:1a,2026-08-04 03:49:29,E8X6iojo46RFyYc5zaAI4n7RYMR6jJXK,MVM783 - The Grandview at Las Vegas,4310A,Evolve M2
10:2b:aa:51:4f:b3,2026-08-04 03:49:29,E8X6iojo46RFyYc5zaAI4n7RYMR6jJXK,MVM783 - The Grandview at Las Vegas,8802A,Evolve M2
64:18:df:74:1f:2a,2026-08-04 03:49:29,E8X6iojo46RFyYc5zaAI4n7RYMR6jJXK,MVM783 - The Grandview at Las Vegas,5704A,Evolve M2
68:ab:a9:fe:4b:f5,2026-08-04 03:49:29,E8X6iojo46RFyYc5zaAI4n7RYMR6jJXK,MVM783 - The Grandview at Las Vegas,3105A,Evolve M2
10:2b:aa:52:68:d9,2026-08-04 03:49:29,E8X6iojo46RFyYc5zaAI4n7RYMR6jJXK,MVM783 - The Grandview at Las Vegas,4608A,Evolve M2
10:2b:aa:51:4d:eb,2026-08-04 03:49:29,E8X6iojo46RFyYc5zaAI4n7RYMR6jJXK,MVM783 - The Grandview at Las Vegas,4503B,Evolve M2
10:2b:aa:51:48:f0,2026-08-04 03:49:28,E8X6iojo46RFyYc5zaAI4n7RYMR6jJXK,MVM783 - The Grandview at Las Vegas,61208B,Evolve M2
68:ab:a9:fe:6e:c1,2026-08-04 03:49:28,E8X6iojo46RFyYc5zaAI4n7RYMR6jJXK,MVM783 - The Grandview at Las Vegas,3608B,Evolve M2
10:2b:aa:51:69:7b,2026-08-04 03:49:28,E8X6iojo46RFyYc5zaAI4n7RYMR6jJXK,MVM783 - The Grandview at Las Vegas,5404B,Evolve M2
10:2b:aa:51:66:d2,2026-08-04 03:49:28,E8X6iojo46RFyYc5zaAI4n7RYMR6jJXK,MVM783 - The Grandview at Las Vegas,41909B,Evolve M2
10:2b:aa:51:50:46,2026-08-04 03:49:28,E8X6iojo46RFyYc5zaAI4n7RYMR6jJXK,MVM783 - The Grandview at Las Vegas,91206B,Evolve M2
68:ab:a9:fb:aa:2c,2026-08-04 03:49:27,E8X6iojo46RFyYc5zaAI4n7RYMR6jJXK,MVM783 - The Grandview at Las Vegas,1108A,Evolve M2
10:2b:aa:51:63:9f,2026-08-04 03:49:26,E8X6iojo46RFyYc5zaAI4n7RYMR6jJXK,MVM783 - The Grandview at Las Vegas,41806B,Evolve M2
68:ab:a9:fe:d6:50,2026-08-04 03:49:26,E8X6iojo46RFyYc5zaAI4n7RYMR6jJXK,MVM783 - The Grandview at Las Vegas,81008A,Evolve M2
64:18:df:74:0a:98,2026-08-04 03:49:26,E8X6iojo46RFyYc5zaAI4n7RYMR6jJXK,MVM783 - The Grandview at Las Vegas,51209A,Evolve M2
68:ab:a9:fc:93:40,2026-08-04 03:49:25,E8X6iojo46RFyYc5zaAI4n7RYMR6jJXK,MVM783 - The Grandview at Las Vegas,91108A,Evolve M2
10:2b:aa:51:52:7d,2026-08-04 03:49:25,E8X6iojo46RFyYc5zaAI4n7RYMR6jJXK,MVM783 - The Grandview at Las Vegas,51105B,Evolve M2
10:2b:aa:51:64:b0,2026-08-04 03:49:25,E8X6iojo46RFyYc5zaAI4n7RYMR6jJXK,MVM783 - The Grandview at Las Vegas,6501A,Evolve M2
10:2b:aa:51:50:9d,2026-08-04 03:49:25,E8X6iojo46RFyYc5zaAI4n7RYMR6jJXK,MVM783 - The Grandview at Las Vegas,51203B,Evolve M2
10:2b:aa:51:59:5e,2026-08-04 03:49:24,E8X6iojo46RFyYc5zaAI4n7RYMR6jJXK,MVM783 - The Grandview at Las Vegas,6910A,Evolve M2
64:18:df:74:13:51,2026-08-04 03:49:24,E8X6iojo46RFyYc5zaAI4n7RYMR6jJXK,MVM783 - The Grandview at Las Vegas,6802A,Evolve M2
68:ab:a9:fe:9e:b4,2026-08-04 03:49:24,E8X6iojo46RFyYc5zaAI4n7RYMR6jJXK,MVM783 - The Grandview at Las Vegas,2901B,Evolve M2
10:2b:aa:51:51:b7,2026-08-04 03:49:24,E8X6iojo46RFyYc5zaAI4n7RYMR6jJXK,MVM783 - The Grandview at Las Vegas,51504A,Evolve M2
68:ab:a9:fc:f0:fe,2026-08-04 03:49:24,E8X6iojo46RFyYc5zaAI4n7RYMR6jJXK,MVM783 - The Grandview at Las Vegas,42102A,Evolve M2
10:2b:aa:51:65:6d,2026-08-04 03:49:23,E8X6iojo46RFyYc5zaAI4n7RYMR6jJXK,MVM783 - The Grandview at Las Vegas,42110B,Evolve M2
10:2b:aa:51:63:39,2026-08-04 03:49:23,E8X6iojo46RFyYc5zaAI4n7RYMR6jJXK,MVM783 - The Grandview at Las Vegas,4803B,Evolve M2
10:2b:aa:51:ff:40,2026-08-04 03:49:23,E8X6iojo46RFyYc5zaAI4n7RYMR6jJXK,MVM783 - The Grandview at Las Vegas,81001B,Evolve M2
68:ab:a9:fc:0f:19,2026-08-04 03:49:23,E8X6iojo46RFyYc5zaAI4n7RYMR6jJXK,MVM783 - The Grandview at Las Vegas,3204B,Evolve M2
10:2b:aa:51:f7:21,2026-08-04 03:49:22,E8X6iojo46RFyYc5zaAI4n7RYMR6jJXK,MVM783 - The Grandview at Las Vegas,8607A,Evolve M2
68:ab:a9:fc:25:de,2026-08-04 03:49:22,E8X6iojo46RFyYc5zaAI4n7RYMR6jJXK,MVM783 - The Grandview at Las Vegas,1207B@B,Evolve M2
10:2b:aa:51:6b:85,2026-08-04 03:49:22,E8X6iojo46RFyYc5zaAI4n7RYMR6jJXK,MVM783 - The Grandview at Las Vegas,4808A,Evolve M2
10:2b:aa:51:54:d2,2026-08-04 03:49:22,E8X6iojo46RFyYc5zaAI4n7RYMR6jJXK,MVM783 - The Grandview at Las Vegas,61909B,Evolve M2
68:ab:a9:fc:85:98,2026-08-04 03:49:21,E8X6iojo46RFyYc5zaAI4n7RYMR6jJXK,MVM783 - The Grandview at Las Vegas,8605A,Evolve M2
64:18:df:73:cc:f9,2026-08-04 03:49:21,E8X6iojo46RFyYc5zaAI4n7RYMR6jJXK,MVM783 - The Grandview at Las Vegas,61008A,Evolve M2
68:ab:a9:fe:60:65,2026-08-04 03:49:21,E8X6iojo46RFyYc5zaAI4n7RYMR6jJXK,MVM783 - The Grandview at Las Vegas,6803B,Evolve M2
10:2b:aa:51:53:31,2026-08-04 03:49:21,E8X6iojo46RFyYc5zaAI4n7RYMR6jJXK,MVM783 - The Grandview at Las Vegas,41804A,Evolve M2
10:2b:aa:51:64:77,2026-08-04 03:49:20,E8X6iojo46RFyYc5zaAI4n7RYMR6jJXK,MVM783 - The Grandview at Las Vegas,5402A,Evolve M2
10:2b:aa:51:53:7f,2026-08-04 03:49:20,E8X6iojo46RFyYc5zaAI4n7RYMR6jJXK,MVM783 - The Grandview at Las Vegas,6509B,Evolve M2
64:18:df:74:59:f9,2026-08-04 03:49:20,E8X6iojo46RFyYc5zaAI4n7RYMR6jJXK,MVM783 - The Grandview at Las Vegas,6404A,Evolve M2
64:18:df:74:28:74,2026-08-04 03:49:20,E8X6iojo46RFyYc5zaAI4n7RYMR6jJXK,MVM783 - The Grandview at Las Vegas,51810B,Evolve M2
10:2b:aa:51:52:ad,2026-08-04 03:49:19,E8X6iojo46RFyYc5zaAI4n7RYMR6jJXK,MVM783 - The Grandview at Las Vegas,6705A,Evolve M2
10:2b:aa:51:5b:2c,2026-08-04 03:49:19,E8X6iojo46RFyYc5zaAI4n7RYMR6jJXK,MVM783 - The Grandview at Las Vegas,41609A,Evolve M2
68:ab:a9:fe:5f:16,2026-08-04 03:49:19,E8X6iojo46RFyYc5zaAI4n7RYMR6jJXK,MVM783 - The Grandview at Las Vegas,61001A,Evolve M2
68:ab:a9:f8:bf:3a,2026-08-04 03:49:19,E8X6iojo46RFyYc5zaAI4n7RYMR6jJXK,MVM783 - The Grandview at Las Vegas,2803A,Evolve M2
10:2b:aa:51:56:5b,2026-08-04 03:49:19,E8X6iojo46RFyYc5zaAI4n7RYMR6jJXK,MVM783 - The Grandview at Las Vegas,6506A,Evolve M2
10:2b:aa:51:ff:52,2026-08-04 03:49:19,E8X6iojo46RFyYc5zaAI4n7RYMR6jJXK,MVM783 - The Grandview at Las Vegas,81002B,Evolve M2
68:ab:a9:f8:57:b6,2026-08-04 03:49:18,E8X6iojo46RFyYc5zaAI4n7RYMR6jJXK,MVM783 - The Grandview at Las Vegas,1503B,Evolve M2
64:18:df:74:1e:26,2026-08-04 03:49:18,E8X6iojo46RFyYc5zaAI4n7RYMR6jJXK,MVM783 - The Grandview at Las Vegas,4510B,Evolve M2
10:2b:aa:51:51:ae,2026-08-04 03:49:18,E8X6iojo46RFyYc5zaAI4n7RYMR6jJXK,MVM783 - The Grandview at Las Vegas,6106B,Evolve M2
10:2b:aa:51:6c:e7,2026-08-04 03:49:18,E8X6iojo46RFyYc5zaAI4n7RYMR6jJXK,MVM783 - The Grandview at Las Vegas,9510A,Evolve M2
10:2b:aa:51:6b:d9,2026-08-04 03:49:18,E8X6iojo46RFyYc5zaAI4n7RYMR6jJXK,MVM783 - The Grandview at Las Vegas,6501A,Evolve M2
64:18:df:73:d0:b7,2026-08-04 03:49:17,E8X6iojo46RFyYc5zaAI4n7RYMR6jJXK,MVM783 - The Grandview at Las Vegas,5810B,Evolve M2
68:ab:a9:fe:a4:77,2026-08-04 03:49:17,E8X6iojo46RFyYc5zaAI4n7RYMR6jJXK,MVM783 - The Grandview at Las Vegas,51606B,Evolve M2
10:2b:aa:51:51:84,2026-08-04 03:49:17,E8X6iojo46RFyYc5zaAI4n7RYMR6jJXK,MVM783 - The Grandview at Las Vegas,61407B,Evolve M2
64:18:df:74:84:16,2026-08-04 03:49:16,E8X6iojo46RFyYc5zaAI4n7RYMR6jJXK,MVM783 - The Grandview at Las Vegas,61105A,Evolve M2
68:ab:a9:fb:e4:2b,2026-08-04 03:49:16,E8X6iojo46RFyYc5zaAI4n7RYMR6jJXK,MVM783 - The Grandview at Las Vegas,61105A,Evolve M2
64:18:df:74:11:29,2026-08-04 03:49:16,E8X6iojo46RFyYc5zaAI4n7RYMR6jJXK,MVM783 - The Grandview at Las Vegas,62005B,Evolve M2
68:ab:a9:fe:a3:b1,2026-08-04 03:49:15,E8X6iojo46RFyYc5zaAI4n7RYMR6jJXK,MVM783 - The Grandview at Las Vegas,4906A,Evolve M2
10:2b:aa:51:f8:ce,2026-08-04 03:49:15,E8X6iojo46RFyYc5zaAI4n7RYMR6jJXK,MVM783 - The Grandview at Las Vegas,1402B@B,Evolve M2
64:18:df:74:12:f2,2026-08-04 03:49:15,E8X6iojo46RFyYc5zaAI4n7RYMR6jJXK,MVM783 - The Grandview at Las Vegas,6707B,Evolve M2
64:18:df:74:00:83,2026-08-04 03:49:15,E8X6iojo46RFyYc5zaAI4n7RYMR6jJXK,MVM783 - The Grandview at Las Vegas,91206A,Evolve M2
64:18:df:73:ac:53,2026-08-04 03:49:14,E8X6iojo46RFyYc5zaAI4n7RYMR6jJXK,MVM783 - The Grandview at Las Vegas,3703B,Evolve M2
64:18:df:73:de:d6,2026-08-04 03:49:14,E8X6iojo46RFyYc5zaAI4n7RYMR6jJXK,MVM783 - The Grandview at Las Vegas,5304A,Evolve M2
10:2b:aa:51:63:3c,2026-08-04 03:49:14,E8X6iojo46RFyYc5zaAI4n7RYMR6jJXK,MVM783 - The Grandview at Las Vegas,5801B,Evolve M2
64:18:df:74:39:19,2026-08-04 03:49:14,E8X6iojo46RFyYc5zaAI4n7RYMR6jJXK,MVM783 - The Grandview at Las Vegas,6204B,Evolve M2
10:2b:aa:51:4c:92,2026-08-04 03:49:13,E8X6iojo46RFyYc5zaAI4n7RYMR6jJXK,MVM783 - The Grandview at Las Vegas,5710A,Evolve M2
64:18:df:74:2b:90,2026-08-04 03:49:13,E8X6iojo46RFyYc5zaAI4n7RYMR6jJXK,MVM783 - The Grandview at Las Vegas,6106A,Evolve M2
10:2b:aa:51:6c:6f,2026-08-04 03:49:13,E8X6iojo46RFyYc5zaAI4n7RYMR6jJXK,MVM783 - The Grandview at Las Vegas,91010A,Evolve M2
68:ab:a9:fe:5e:64,2026-08-04 03:49:13,E8X6iojo46RFyYc5zaAI4n7RYMR6jJXK,MVM783 - The Grandview at Las Vegas,41004B,Evolve M2
64:18:df:74:15:68,2026-08-04 03:49:12,E8X6iojo46RFyYc5zaAI4n7RYMR6jJXK,MVM783 - The Grandview at Las Vegas,41706B,Evolve M2
64:18:df:73:ee:45,2026-08-04 03:49:12,E8X6iojo46RFyYc5zaAI4n7RYMR6jJXK,MVM783 - The Grandview at Las Vegas,4206A,Evolve M2
10:2b:aa:51:fc:a9,2026-08-04 03:49:12,E8X6iojo46RFyYc5zaAI4n7RYMR6jJXK,MVM783 - The Grandview at Las Vegas,1802B@B,Evolve M2
10:2b:aa:51:fa:99,2026-08-04 03:49:12,E8X6iojo46RFyYc5zaAI4n7RYMR6jJXK,MVM783 - The Grandview at Las Vegas,9210B,Evolve M2
10:2b:aa:51:53:f4,2026-08-04 03:49:12,E8X6iojo46RFyYc5zaAI4n7RYMR6jJXK,MVM783 - The Grandview at Las Vegas,51801A,Evolve M2
68:ab:a9:fe:cb:ac,2026-08-04 03:49:11,E8X6iojo46RFyYc5zaAI4n7RYMR6jJXK,MVM783 - The Grandview at Las Vegas,81106A,Evolve M2
68:ab:a9:fc:8b:03,2026-08-04 03:49:11,E8X6iojo46RFyYc5zaAI4n7RYMR6jJXK,MVM783 - The Grandview at Las Vegas,8508A,Evolve M2
68:ab:a9:fc:0b:f9,2026-08-04 03:49:10,E8X6iojo46RFyYc5zaAI4n7RYMR6jJXK,MVM783 - The Grandview at Las Vegas,6901A,Evolve M2
10:2b:aa:51:6c:7e,2026-08-04 03:49:10,E8X6iojo46RFyYc5zaAI4n7RYMR6jJXK,MVM783 - The Grandview at Las Vegas,4802A,Evolve M2
10:2b:aa:51:fd:5d,2026-08-04 03:49:09,E8X6iojo46RFyYc5zaAI4n7RYMR6jJXK,MVM783 - The Grandview at Las Vegas,9502B,Evolve M2
64:18:df:74:2d:ed,2026-08-04 03:49:09,E8X6iojo46RFyYc5zaAI4n7RYMR6jJXK,MVM783 - The Grandview at Las Vegas,41903A,Evolve M2
68:ab:a9:fb:f4:5e,2026-08-04 03:49:09,E8X6iojo46RFyYc5zaAI4n7RYMR6jJXK,MVM783 - The Grandview at Las Vegas,9807A,Evolve M2
64:18:df:74:4f:45,2026-08-04 03:49:09,E8X6iojo46RFyYc5zaAI4n7RYMR6jJXK,MVM783 - The Grandview at Las Vegas,9904B,Evolve M2
64:18:df:73:f4:f6,2026-08-04 03:49:09,E8X6iojo46RFyYc5zaAI4n7RYMR6jJXK,MVM783 - The Grandview at Las Vegas,3307B,Evolve M2
64:18:df:73:e0:bc,2026-08-04 03:49:09,E8X6iojo46RFyYc5zaAI4n7RYMR6jJXK,MVM783 - The Grandview at Las Vegas,52010B,Evolve M2
64:18:df:74:03:2c,2026-08-04 03:49:08,E8X6iojo46RFyYc5zaAI4n7RYMR6jJXK,MVM783 - The Grandview at Las Vegas,5910A,Evolve M2
64:18:df:73:a0:b7,2026-08-04 03:49:08,E8X6iojo46RFyYc5zaAI4n7RYMR6jJXK,MVM783 - The Grandview at Las Vegas,4706B,Evolve M2
68:ab:a9:fe:ad:1e,2026-08-04 03:49:08,E8X6iojo46RFyYc5zaAI4n7RYMR6jJXK,MVM783 - The Grandview at Las Vegas,41204A,Evolve M2
10:2b:aa:51:5f:fa,2026-08-04 03:49:08,E8X6iojo46RFyYc5zaAI4n7RYMR6jJXK,MVM783 - The Grandview at Las Vegas,4203B,Evolve M2
68:ab:a9:fb:a3:e3,2026-08-04 03:49:08,E8X6iojo46RFyYc5zaAI4n7RYMR6jJXK,MVM783 - The Grandview at Las Vegas,1107A,Evolve M2
68:ab:a9:f8:dc:69,2026-08-04 03:49:08,E8X6iojo46RFyYc5zaAI4n7RYMR6jJXK,MVM783 - The Grandview at Las Vegas,8308B,Evolve M2
10:2b:aa:51:52:bc,2026-08-04 03:49:08,E8X6iojo46RFyYc5zaAI4n7RYMR6jJXK,MVM783 - The Grandview at Las Vegas,51001B,Evolve M2
10:2b:aa:51:4e:90,2026-08-04 03:49:07,E8X6iojo46RFyYc5zaAI4n7RYMR6jJXK,MVM783 - The Grandview at Las Vegas,EVOLVE,Evolve M2
68:ab:a9:fc:43:53,2026-08-04 03:49:07,E8X6iojo46RFyYc5zaAI4n7RYMR6jJXK,MVM783 - The Grandview at Las Vegas,11103A,Evolve M2
10:2b:aa:51:fc:7c,2026-08-04 03:49:07,E8X6iojo46RFyYc5zaAI4n7RYMR6jJXK,MVM783 - The Grandview at Las Vegas,9107B,Evolve M2
64:18:df:74:31:f6,2026-08-04 03:49:07,E8X6iojo46RFyYc5zaAI4n7RYMR6jJXK,MVM783 - The Grandview at Las Vegas,41904A,Evolve M2
10:2b:aa:51:67:bf,2026-08-04 03:49:07,E8X6iojo46RFyYc5zaAI4n7RYMR6jJXK,MVM783 - The Grandview at Las Vegas,3402A,Evolve M2
10:2b:aa:51:61:68,2026-08-04 03:49:06,E8X6iojo46RFyYc5zaAI4n7RYMR6jJXK,MVM783 - The Grandview at Las Vegas,42107A,Evolve M2
10:2b:aa:51:f4:c6,2026-08-04 03:49:06,E8X6iojo46RFyYc5zaAI4n7RYMR6jJXK,MVM783 - The Grandview at Las Vegas,41506A,Evolve M2
64:18:df:73:ed:7f,2026-08-04 03:49:06,E8X6iojo46RFyYc5zaAI4n7RYMR6jJXK,MVM783 - The Grandview at Las Vegas,91103A,Evolve M2
68:ab:a9:ff:00:bb,2026-08-04 03:49:06,E8X6iojo46RFyYc5zaAI4n7RYMR6jJXK,MVM783 - The Grandview at Las Vegas,81008A,Evolve M2
64:18:df:74:3d:ec,2026-08-04 03:49:05,E8X6iojo46RFyYc5zaAI4n7RYMR6jJXK,MVM783 - The Grandview at Las Vegas,41906B,Evolve M2
68:ab:a9:fe:a5:a4,2026-08-04 03:49:05,E8X6iojo46RFyYc5zaAI4n7RYMR6jJXK,MVM783 - The Grandview at Las Vegas,21208A,Evolve M2
10:2b:aa:51:63:75,2026-08-04 03:49:05,E8X6iojo46RFyYc5zaAI4n7RYMR6jJXK,MVM783 - The Grandview at Las Vegas,51403B,Evolve M2
68:ab:a9:fd:f7:fb,2026-08-04 03:49:05,E8X6iojo46RFyYc5zaAI4n7RYMR6jJXK,MVM783 - The Grandview at Las Vegas,52103B,Evolve M2
68:ab:a9:f8:d5:64,2026-08-04 03:49:05,E8X6iojo46RFyYc5zaAI4n7RYMR6jJXK,MVM783 - The Grandview at Las Vegas,3407B,Evolve M2
10:2b:aa:51:63:3f,2026-08-04 03:49:05,E8X6iojo46RFyYc5zaAI4n7RYMR6jJXK,MVM783 - The Grandview at Las Vegas,4808B,Evolve M2
10:2b:aa:51:53:88,2026-08-04 03:49:04,E8X6iojo46RFyYc5zaAI4n7RYMR6jJXK,MVM783 - The Grandview at Las Vegas,61901A,Evolve M2
10:2b:aa:51:f3:ee,2026-08-04 03:49:04,E8X6iojo46RFyYc5zaAI4n7RYMR6jJXK,MVM783 - The Grandview at Las Vegas,3505B,Evolve M2
10:2b:aa:51:fd:a2,2026-08-04 03:49:04,E8X6iojo46RFyYc5zaAI4n7RYMR6jJXK,MVM783 - The Grandview at Las Vegas,31206A,Evolve M2
68:ab:a9:fe:a4:9e,2026-08-04 03:49:04,E8X6iojo46RFyYc5zaAI4n7RYMR6jJXK,MVM783 - The Grandview at Las Vegas,6608A,Evolve M2
10:2b:aa:51:62:a6,2026-08-04 03:49:04,E8X6iojo46RFyYc5zaAI4n7RYMR6jJXK,MVM783 - The Grandview at Las Vegas,5808B,Evolve M2
10:2b:aa:50:93:fd,2026-08-04 03:49:03,E8X6iojo46RFyYc5zaAI4n7RYMR6jJXK,MVM783 - The Grandview at Las Vegas,81202B,Evolve M2
68:ab:a9:fc:83:52,2026-08-04 03:49:03,E8X6iojo46RFyYc5zaAI4n7RYMR6jJXK,MVM783 - The Grandview at Las Vegas,1608A@B,Evolve M2
10:2b:aa:50:c3:4c,2026-08-04 03:49:02,E8X6iojo46RFyYc5zaAI4n7RYMR6jJXK,MVM783 - The Grandview at Las Vegas,51109A,Evolve M2
10:2b:aa:51:57:8a,2026-08-04 03:49:02,E8X6iojo46RFyYc5zaAI4n7RYMR6jJXK,MVM783 - The Grandview at Las Vegas,3310A,Evolve M2
10:2b:aa:51:4b:c9,2026-08-04 03:49:01,E8X6iojo46RFyYc5zaAI4n7RYMR6jJXK,MVM783 - The Grandview at Las Vegas,3410B,Evolve M2
68:ab:a9:fe:da:d1,2026-08-04 03:49:00,E8X6iojo46RFyYc5zaAI4n7RYMR6jJXK,MVM783 - The Grandview at Las Vegas,1303B@L,Evolve M2
68:ab:a9:f8:55:13,2026-08-04 03:49:00,E8X6iojo46RFyYc5zaAI4n7RYMR6jJXK,MVM783 - The Grandview at Las Vegas,1605A,Evolve M2
68:ab:a9:fc:33:6b,2026-08-04 03:49:00,E8X6iojo46RFyYc5zaAI4n7RYMR6jJXK,MVM783 - The Grandview at Las Vegas,11102B,Evolve M2
10:2b:aa:51:6b:2b,2026-08-04 03:49:00,E8X6iojo46RFyYc5zaAI4n7RYMR6jJXK,MVM783 - The Grandview at Las Vegas,51707A,Evolve M2
68:ab:a9:fe:e3:69,2026-08-04 03:49:00,E8X6iojo46RFyYc5zaAI4n7RYMR6jJXK,MVM783 - The Grandview at Las Vegas,9104B,Evolve M2
64:18:df:73:d4:2c,2026-08-04 03:48:59,E8X6iojo46RFyYc5zaAI4n7RYMR6jJXK,MVM783 - The Grandview at Las Vegas,61203B,Evolve M2
10:2b:aa:51:5c:67,2026-08-04 03:48:59,E8X6iojo46RFyYc5zaAI4n7RYMR6jJXK,MVM783 - The Grandview at Las Vegas,31209A,Evolve M2
68:ab:a9:fe:eb:77,2026-08-04 03:48:59,E8X6iojo46RFyYc5zaAI4n7RYMR6jJXK,MVM783 - The Grandview at Las Vegas,1808A,Evolve M2
10:2b:aa:51:f4:f3,2026-08-04 03:48:59,E8X6iojo46RFyYc5zaAI4n7RYMR6jJXK,MVM783 - The Grandview at Las Vegas,11205B,Evolve M2
68:ab:a9:fe:a4:7d,2026-08-04 03:48:59,E8X6iojo46RFyYc5zaAI4n7RYMR6jJXK,MVM783 - The Grandview at Las Vegas,42104B,Evolve M2
68:ab:a9:fe:bd:53,2026-08-04 03:48:58,E8X6iojo46RFyYc5zaAI4n7RYMR6jJXK,MVM783 - The Grandview at Las Vegas,91202B,Evolve M2
10:2b:aa:51:50:73,2026-08-04 03:48:58,E8X6iojo46RFyYc5zaAI4n7RYMR6jJXK,MVM783 - The Grandview at Las Vegas,52109A,Evolve M2
10:2b:aa:51:f9:ca,2026-08-04 03:48:58,E8X6iojo46RFyYc5zaAI4n7RYMR6jJXK,MVM783 - The Grandview at Las Vegas,8705A,Evolve M2
10:2b:aa:51:4b:fc,2026-08-04 03:48:58,E8X6iojo46RFyYc5zaAI4n7RYMR6jJXK,MVM783 - The Grandview at Las Vegas,3804B,Evolve M2
10:2b:aa:51:55:3b,2026-08-04 03:48:58,E8X6iojo46RFyYc5zaAI4n7RYMR6jJXK,MVM783 - The Grandview at Las Vegas,51702A,Evolve M2
68:ab:a9:fe:9c:7e,2026-08-04 03:48:57,E8X6iojo46RFyYc5zaAI4n7RYMR6jJXK,MVM783 - The Grandview at Las Vegas,3908B,Evolve M2
10:2b:aa:51:5c:82,2026-08-04 03:48:57,E8X6iojo46RFyYc5zaAI4n7RYMR6jJXK,MVM783 - The Grandview at Las Vegas,4705A,Evolve M2
10:2b:aa:51:50:67,2026-08-04 03:48:57,E8X6iojo46RFyYc5zaAI4n7RYMR6jJXK,MVM783 - The Grandview at Las Vegas,51203A,Evolve M2
10:2b:aa:51:61:86,2026-08-04 03:48:57,E8X6iojo46RFyYc5zaAI4n7RYMR6jJXK,MVM783 - The Grandview at Las Vegas,4207A,Evolve M2
68:ab:a9:fe:3a:49,2026-08-04 03:48:56,E8X6iojo46RFyYc5zaAI4n7RYMR6jJXK,MVM783 - The Grandview at Las Vegas,51408A,Evolve M2
10:2b:aa:51:4f:14,2026-08-04 03:48:56,E8X6iojo46RFyYc5zaAI4n7RYMR6jJXK,MVM783 - The Grandview at Las Vegas,4708A,Evolve M2
10:2b:aa:51:f3:eb,2026-08-04 03:48:56,E8X6iojo46RFyYc5zaAI4n7RYMR6jJXK,MVM783 - The Grandview at Las Vegas,9501B,Evolve M2
68:ab:a9:fe:1e:48,2026-08-04 03:48:56,E8X6iojo46RFyYc5zaAI4n7RYMR6jJXK,MVM783 - The Grandview at Las Vegas,51509A,Evolve M2
68:ab:a9:fc:46:c5,2026-08-04 03:48:56,E8X6iojo46RFyYc5zaAI4n7RYMR6jJXK,MVM783 - The Grandview at Las Vegas,2702B,Evolve M2
10:2b:aa:52:68:d0,2026-08-04 03:48:56,E8X6iojo46RFyYc5zaAI4n7RYMR6jJXK,MVM783 - The Grandview at Las Vegas,4608B,Evolve M2
10:2b:aa:51:5a:9c,2026-08-04 03:48:56,E8X6iojo46RFyYc5zaAI4n7RYMR6jJXK,MVM783 - The Grandview at Las Vegas,9103A,Evolve M2
10:2b:aa:51:4d:9a,2026-08-04 03:48:56,E8X6iojo46RFyYc5zaAI4n7RYMR6jJXK,MVM783 - The Grandview at Las Vegas,61810A,Evolve M2
64:18:df:73:e1:1c,2026-08-04 03:48:55,E8X6iojo46RFyYc5zaAI4n7RYMR6jJXK,MVM783 - The Grandview at Las Vegas,52001A,Evolve M2
68:ab:a9:fe:cb:82,2026-08-04 03:48:55,E8X6iojo46RFyYc5zaAI4n7RYMR6jJXK,MVM783 - The Grandview at Las Vegas,1304A,Evolve M2
10:2b:aa:51:4e:4b,2026-08-04 03:48:55,E8X6iojo46RFyYc5zaAI4n7RYMR6jJXK,MVM783 - The Grandview at Las Vegas,4503B,Evolve M2
10:2b:aa:51:6a:56,2026-08-04 03:48:55,E8X6iojo46RFyYc5zaAI4n7RYMR6jJXK,MVM783 - The Grandview at Las Vegas,41507A,Evolve M2
68:ab:a9:f8:98:18,2026-08-04 03:48:54,E8X6iojo46RFyYc5zaAI4n7RYMR6jJXK,MVM783 - The Grandview at Las Vegas,8706B,Evolve M2
64:18:df:74:33:5f,2026-08-04 03:48:54,E8X6iojo46RFyYc5zaAI4n7RYMR6jJXK,MVM783 - The Grandview at Las Vegas,41905A,Evolve M2
10:2b:aa:51:53:8e,2026-08-04 03:48:54,E8X6iojo46RFyYc5zaAI4n7RYMR6jJXK,MVM783 - The Grandview at Las Vegas,4307B,Evolve M2
68:ab:a9:f9:f3:53,2026-08-04 03:48:54,E8X6iojo46RFyYc5zaAI4n7RYMR6jJXK,MVM783 - The Grandview at Las Vegas,5907B,Evolve M2
10:2b:aa:51:fd:15,2026-08-04 03:48:54,E8X6iojo46RFyYc5zaAI4n7RYMR6jJXK,MVM783 - The Grandview at Las Vegas,11107A,Evolve M2
68:ab:a9:fb:eb:b8,2026-08-04 03:48:53,E8X6iojo46RFyYc5zaAI4n7RYMR6jJXK,MVM783 - The Grandview at Las Vegas,91007B,Evolve M2
68:ab:a9:fc:21:00,2026-08-04 03:48:53,E8X6iojo46RFyYc5zaAI4n7RYMR6jJXK,MVM783 - The Grandview at Las Vegas,31202B,Evolve M2
10:2b:aa:51:60:30,2026-08-04 03:48:53,E8X6iojo46RFyYc5zaAI4n7RYMR6jJXK,MVM783 - The Grandview at Las Vegas,5701A,Evolve M2
64:18:df:74:64:91,2026-08-04 03:48:53,E8X6iojo46RFyYc5zaAI4n7RYMR6jJXK,MVM783 - The Grandview at Las Vegas,51908B,Evolve M2
64:18:df:73:e3:17,2026-08-04 03:48:53,E8X6iojo46RFyYc5zaAI4n7RYMR6jJXK,MVM783 - The Grandview at Las Vegas,5910B,Evolve M2
10:2b:aa:51:69:ed,2026-08-04 03:48:53,E8X6iojo46RFyYc5zaAI4n7RYMR6jJXK,MVM783 - The Grandview at Las Vegas,9910B,Evolve M2
64:18:df:74:00:db,2026-08-04 03:48:52,E8X6iojo46RFyYc5zaAI4n7RYMR6jJXK,MVM783 - The Grandview at Las Vegas,6101B,Evolve M2
68:ab:a9:fc:e2:da,2026-08-04 03:48:52,E8X6iojo46RFyYc5zaAI4n7RYMR6jJXK,MVM783 - The Grandview at Las Vegas,9704B,Evolve M2
68:ab:a9:f9:66:47,2026-08-04 03:48:52,E8X6iojo46RFyYc5zaAI4n7RYMR6jJXK,MVM783 - The Grandview at Las Vegas,91109B,Evolve M2
68:ab:a9:fe:1a:35,2026-08-04 03:48:52,E8X6iojo46RFyYc5zaAI4n7RYMR6jJXK,MVM783 - The Grandview at Las Vegas,51204B,Evolve M2
10:2b:aa:51:fc:3d,2026-08-04 03:48:51,E8X6iojo46RFyYc5zaAI4n7RYMR6jJXK,MVM783 - The Grandview at Las Vegas,21006B,Evolve M2
64:18:df:74:08:f1,2026-08-04 03:48:51,E8X6iojo46RFyYc5zaAI4n7RYMR6jJXK,MVM783 - The Grandview at Las Vegas,3302A,Evolve M2
68:ab:a9:fe:db:30,2026-08-04 03:48:50,E8X6iojo46RFyYc5zaAI4n7RYMR6jJXK,MVM783 - The Grandview at Las Vegas,62110A,Evolve M2
10:2b:aa:51:f4:36,2026-08-04 03:48:50,E8X6iojo46RFyYc5zaAI4n7RYMR6jJXK,MVM783 - The Grandview at Las Vegas,8507B,Evolve M2
64:18:df:74:2e:3c,2026-08-04 03:48:49,E8X6iojo46RFyYc5zaAI4n7RYMR6jJXK,MVM783 - The Grandview at Las Vegas,41908B,Evolve M2
10:2b:aa:51:4e:c3,2026-08-04 03:48:49,E8X6iojo46RFyYc5zaAI4n7RYMR6jJXK,MVM783 - The Grandview at Las Vegas,51201A,Evolve M2
68:ab:a9:fe:ee:d9,2026-08-04 03:48:49,E8X6iojo46RFyYc5zaAI4n7RYMR6jJXK,MVM783 - The Grandview at Las Vegas,11107B,Evolve M2
68:ab:a9:ff:07:6e,2026-08-04 03:48:49,E8X6iojo46RFyYc5zaAI4n7RYMR6jJXK,MVM783 - The Grandview at Las Vegas,81008B,Evolve M2
64:18:df:74:1e:62,2026-08-04 03:48:49,E8X6iojo46RFyYc5zaAI4n7RYMR6jJXK,MVM783 - The Grandview at Las Vegas,5505B,Evolve M2
68:ab:a9:fc:a3:f5,2026-08-04 03:48:49,E8X6iojo46RFyYc5zaAI4n7RYMR6jJXK,MVM783 - The Grandview at Las Vegas,2903B,Evolve M2
10:2b:aa:51:64:05,2026-08-04 03:48:49,E8X6iojo46RFyYc5zaAI4n7RYMR6jJXK,MVM783 - The Grandview at Las Vegas,3503B,Evolve M2
68:ab:a9:f8:d7:40,2026-08-04 03:48:48,E8X6iojo46RFyYc5zaAI4n7RYMR6jJXK,MVM783 - The Grandview at Las Vegas,1404B@B,Evolve M2
10:2b:aa:51:f7:30,2026-08-04 03:48:48,E8X6iojo46RFyYc5zaAI4n7RYMR6jJXK,MVM783 - The Grandview at Las Vegas,9307A,Evolve M2
10:2b:aa:51:63:f6,2026-08-04 03:48:48,E8X6iojo46RFyYc5zaAI4n7RYMR6jJXK,MVM783 - The Grandview at Las Vegas,3705A,Evolve M2
64:18:df:74:38:b5,2026-08-04 03:48:48,E8X6iojo46RFyYc5zaAI4n7RYMR6jJXK,MVM783 - The Grandview at Las Vegas,41510B,Evolve M2
64:18:df:73:d2:9c,2026-08-04 03:48:48,E8X6iojo46RFyYc5zaAI4n7RYMR6jJXK,MVM783 - The Grandview at Las Vegas,61409B,Evolve M2
10:2b:aa:51:51:e4,2026-08-04 03:48:48,E8X6iojo46RFyYc5zaAI4n7RYMR6jJXK,MVM783 - The Grandview at Las Vegas,41110B,Evolve M2
68:ab:a9:fb:3c:da,2026-08-04 03:48:48,E8X6iojo46RFyYc5zaAI4n7RYMR6jJXK,MVM783 - The Grandview at Las Vegas,6906B,Evolve M2
10:2b:aa:51:63:1b,2026-08-04 03:48:48,E8X6iojo46RFyYc5zaAI4n7RYMR6jJXK,MVM783 - The Grandview at Las Vegas,4810B,Evolve M2
10:2b:aa:51:69:93,2026-08-04 03:48:47,E8X6iojo46RFyYc5zaAI4n7RYMR6jJXK,MVM783 - The Grandview at Las Vegas,9908A,Evolve M2
10:2b:aa:51:66:db,2026-08-04 03:48:47,E8X6iojo46RFyYc5zaAI4n7RYMR6jJXK,MVM783 - The Grandview at Las Vegas,41907B,Evolve M2
10:2b:aa:51:54:24,2026-08-04 03:48:47,E8X6iojo46RFyYc5zaAI4n7RYMR6jJXK,MVM783 - The Grandview at Las Vegas,61004A,Evolve M2
64:18:df:74:16:00,2026-08-04 03:48:47,E8X6iojo46RFyYc5zaAI4n7RYMR6jJXK,MVM783 - The Grandview at Las Vegas,51203B,Evolve M2
68:ab:a9:fe:58:6d,2026-08-04 03:48:47,E8X6iojo46RFyYc5zaAI4n7RYMR6jJXK,MVM783 - The Grandview at Las Vegas,31102A,Evolve M2
68:ab:a9:f8:ea:b2,2026-08-04 03:48:47,E8X6iojo46RFyYc5zaAI4n7RYMR6jJXK,MVM783 - The Grandview at Las Vegas,41703B,Evolve M2
64:18:df:74:55:23,2026-08-04 03:48:46,E8X6iojo46RFyYc5zaAI4n7RYMR6jJXK,MVM783 - The Grandview at Las Vegas,4306B,Evolve M2
10:2b:aa:51:4a:ac,2026-08-04 03:48:46,E8X6iojo46RFyYc5zaAI4n7RYMR6jJXK,MVM783 - The Grandview at Las Vegas,3801A,Evolve M2
68:ab:a9:fe:a4:20,2026-08-04 03:48:46,E8X6iojo46RFyYc5zaAI4n7RYMR6jJXK,MVM783 - The Grandview at Las Vegas,51704A,Evolve M2
64:18:df:74:6a:13,2026-08-04 03:48:46,E8X6iojo46RFyYc5zaAI4n7RYMR6jJXK,MVM783 - The Grandview at Las Vegas,62006B,Evolve M2
68:ab:a9:fe:76:3e,2026-08-04 03:48:46,E8X6iojo46RFyYc5zaAI4n7RYMR6jJXK,MVM783 - The Grandview at Las Vegas,41603A,Evolve M2
10:2b:aa:51:58:4a,2026-08-04 03:48:46,E8X6iojo46RFyYc5zaAI4n7RYMR6jJXK,MVM783 - The Grandview at Las Vegas,6802A,Evolve M2
68:ab:a9:f7:f8:16,2026-08-04 03:48:46,E8X6iojo46RFyYc5zaAI4n7RYMR6jJXK,MVM783 - The Grandview at Las Vegas,1501A@B,Evolve M2
64:18:df:73:ff:38,2026-08-04 03:48:44,E8X6iojo46RFyYc5zaAI4n7RYMR6jJXK,MVM783 - The Grandview at Las Vegas,6410A,Evolve M2
68:ab:a9:fe:44:0c,2026-08-04 03:48:44,E8X6iojo46RFyYc5zaAI4n7RYMR6jJXK,MVM783 - The Grandview at Las Vegas,9104B,Evolve M2
68:ab:a9:fe:da:76,2026-08-04 03:48:44,E8X6iojo46RFyYc5zaAI4n7RYMR6jJXK,MVM783 - The Grandview at Las Vegas,1208A,Evolve M2
10:2b:aa:51:61:bc,2026-08-04 03:48:44,E8X6iojo46RFyYc5zaAI4n7RYMR6jJXK,MVM783 - The Grandview at Las Vegas,4209B,Evolve M2
10:2b:aa:50:94:54,2026-08-04 03:48:44,E8X6iojo46RFyYc5zaAI4n7RYMR6jJXK,MVM783 - The Grandview at Las Vegas,9201B,Evolve M2
10:2b:aa:51:4f:c2,2026-08-04 03:48:43,E8X6iojo46RFyYc5zaAI4n7RYMR6jJXK,MVM783 - The Grandview at Las Vegas,5803B,Evolve M2
68:ab:a9:f9:6d:6c,2026-08-04 03:48:43,E8X6iojo46RFyYc5zaAI4n7RYMR6jJXK,MVM783 - The Grandview at Las Vegas,42004A,Evolve M2
68:ab:a9:f9:51:8a,2026-08-04 03:48:43,E8X6iojo46RFyYc5zaAI4n7RYMR6jJXK,MVM783 - The Grandview at Las Vegas,8404A,Evolve M2
10:2b:aa:51:fa:60,2026-08-04 03:48:43,E8X6iojo46RFyYc5zaAI4n7RYMR6jJXK,MVM783 - The Grandview at Las Vegas,9208B,Evolve M2
68:ab:a9:f8:e5:3e,2026-08-04 03:48:43,E8X6iojo46RFyYc5zaAI4n7RYMR6jJXK,MVM783 - The Grandview at Las Vegas,1601A@B,Evolve M2
64:18:df:74:1b:6b,2026-08-04 03:48:43,E8X6iojo46RFyYc5zaAI4n7RYMR6jJXK,MVM783 - The Grandview at Las Vegas,52001B,Evolve M2
68:ab:a9:f8:e4:d0,2026-08-04 03:48:43,E8X6iojo46RFyYc5zaAI4n7RYMR6jJXK,MVM783 - The Grandview at Las Vegas,8307B,Evolve M2
64:18:df:74:1e:32,2026-08-04 03:48:42,E8X6iojo46RFyYc5zaAI4n7RYMR6jJXK,MVM783 - The Grandview at Las Vegas,4509B,Evolve M2
68:ab:a9:fe:ee:66,2026-08-04 03:48:42,E8X6iojo46RFyYc5zaAI4n7RYMR6jJXK,MVM783 - The Grandview at Las Vegas,41702A,Evolve M2
10:2b:aa:51:57:21,2026-08-04 03:48:42,E8X6iojo46RFyYc5zaAI4n7RYMR6jJXK,MVM783 - The Grandview at Las Vegas,9909A,Evolve M2
68:ab:a9:fe:67:ba,2026-08-04 03:48:42,E8X6iojo46RFyYc5zaAI4n7RYMR6jJXK,MVM783 - The Grandview at Las Vegas,41103A,Evolve M2
68:ab:a9:f9:48:1f,2026-08-04 03:48:41,E8X6iojo46RFyYc5zaAI4n7RYMR6jJXK,MVM783 - The Grandview at Las Vegas,3608B,Evolve M2
10:2b:aa:51:4c:b9,2026-08-04 03:48:41,E8X6iojo46RFyYc5zaAI4n7RYMR6jJXK,MVM783 - The Grandview at Las Vegas,5403B,Evolve M2
10:2b:aa:51:69:8d,2026-08-04 03:48:41,E8X6iojo46RFyYc5zaAI4n7RYMR6jJXK,MVM783 - The Grandview at Las Vegas,8803A,Evolve M2
10:2b:aa:51:f8:da,2026-08-04 03:48:40,E8X6iojo46RFyYc5zaAI4n7RYMR6jJXK,MVM783 - The Grandview at Las Vegas,3905A,Evolve M2
68:ab:a9:f8:61:1f,2026-08-04 03:48:40,E8X6iojo46RFyYc5zaAI4n7RYMR6jJXK,MVM783 - The Grandview at Las Vegas,11001A,Evolve M2
10:2b:aa:51:68:13,2026-08-04 03:48:40,E8X6iojo46RFyYc5zaAI4n7RYMR6jJXK,MVM783 - The Grandview at Las Vegas,91103A,Evolve M2
64:18:df:74:0d:45,2026-08-04 03:48:40,E8X6iojo46RFyYc5zaAI4n7RYMR6jJXK,MVM783 - The Grandview at Las Vegas,42007A,Evolve M2
68:ab:a9:fe:c0:09,2026-08-04 03:48:40,E8X6iojo46RFyYc5zaAI4n7RYMR6jJXK,MVM783 - The Grandview at Las Vegas,21005B,Evolve M2
68:ab:a9:fa:dd:49,2026-08-04 03:48:39,E8X6iojo46RFyYc5zaAI4n7RYMR6jJXK,MVM783 - The Grandview at Las Vegas,6401B,Evolve M2
10:2b:aa:51:f4:57,2026-08-04 03:48:39,E8X6iojo46RFyYc5zaAI4n7RYMR6jJXK,MVM783 - The Grandview at Las Vegas,1202A,Evolve M2
10:2b:aa:51:4e:d2,2026-08-04 03:48:39,E8X6iojo46RFyYc5zaAI4n7RYMR6jJXK,MVM783 - The Grandview at Las Vegas,5610A,Evolve M2
68:ab:a9:fc:37:bf,2026-08-04 03:48:39,E8X6iojo46RFyYc5zaAI4n7RYMR6jJXK,MVM783 - The Grandview at Las Vegas,41807B,Evolve M2
68:ab:a9:fc:f4:dd,2026-08-04 03:48:39,E8X6iojo46RFyYc5zaAI4n7RYMR6jJXK,MVM783 - The Grandview at Las Vegas,5303B,Evolve M2
10:2b:aa:51:5e:1a,2026-08-04 03:48:38,E8X6iojo46RFyYc5zaAI4n7RYMR6jJXK,MVM783 - The Grandview at Las Vegas,8806B,Evolve M2
10:2b:aa:51:52:89,2026-08-04 03:48:38,E8X6iojo46RFyYc5zaAI4n7RYMR6jJXK,MVM783 - The Grandview at Las Vegas,51101A,Evolve M2
10:2b:aa:51:59:f4,2026-08-04 03:48:38,E8X6iojo46RFyYc5zaAI4n7RYMR6jJXK,MVM783 - The Grandview at Las Vegas,6909B,Evolve M2
68:ab:a9:f7:bf:40,2026-08-04 03:48:38,E8X6iojo46RFyYc5zaAI4n7RYMR6jJXK,MVM783 - The Grandview at Las Vegas,9601A,Evolve M2
10:2b:aa:51:61:59,2026-08-04 03:48:37,E8X6iojo46RFyYc5zaAI4n7RYMR6jJXK,MVM783 - The Grandview at Las Vegas,61402B,Evolve M2
68:ab:a9:f9:dc:42,2026-08-04 03:48:37,E8X6iojo46RFyYc5zaAI4n7RYMR6jJXK,MVM783 - The Grandview at Las Vegas,6403B,Evolve M2
68:ab:a9:fe:4c:25,2026-08-04 03:48:37,E8X6iojo46RFyYc5zaAI4n7RYMR6jJXK,MVM783 - The Grandview at Las Vegas,41708B,Evolve M2
64:18:df:73:c5:d4,2026-08-04 03:48:37,E8X6iojo46RFyYc5zaAI4n7RYMR6jJXK,MVM783 - The Grandview at Las Vegas,61602B,Evolve M2
68:ab:a9:fe:8a:62,2026-08-04 03:48:37,E8X6iojo46RFyYc5zaAI4n7RYMR6jJXK,MVM783 - The Grandview at Las Vegas,9406A,Evolve M2
10:2b:aa:51:51:60,2026-08-04 03:48:37,E8X6iojo46RFyYc5zaAI4n7RYMR6jJXK,MVM783 - The Grandview at Las Vegas,51509B,Evolve M2
64:18:df:73:ab:d6,2026-08-04 03:48:37,E8X6iojo46RFyYc5zaAI4n7RYMR6jJXK,MVM783 - The Grandview at Las Vegas,31102B,Evolve M2
10:2b:aa:51:4f:08,2026-08-04 03:48:37,E8X6iojo46RFyYc5zaAI4n7RYMR6jJXK,MVM783 - The Grandview at Las Vegas,61509B,Evolve M2
68:ab:a9:fe:a3:ed,2026-08-04 03:48:36,E8X6iojo46RFyYc5zaAI4n7RYMR6jJXK,MVM783 - The Grandview at Las Vegas,41405A,Evolve M2
68:ab:a9:fc:17:14,2026-08-04 03:48:35,E8X6iojo46RFyYc5zaAI4n7RYMR6jJXK,MVM783 - The Grandview at Las Vegas,1505B@B,Evolve M2
10:2b:aa:51:63:93,2026-08-04 03:48:35,E8X6iojo46RFyYc5zaAI4n7RYMR6jJXK,MVM783 - The Grandview at Las Vegas,51610B,Evolve M2
68:ab:a9:fd:34:8d,2026-08-04 03:48:35,E8X6iojo46RFyYc5zaAI4n7RYMR6jJXK,MVM783 - The Grandview at Las Vegas,6605B,Evolve M2
10:2b:aa:50:c2:59,2026-08-04 03:48:35,E8X6iojo46RFyYc5zaAI4n7RYMR6jJXK,MVM783 - The Grandview at Las Vegas,51102B,Evolve M2
68:ab:a9:fe:5d:c2,2026-08-04 03:48:34,E8X6iojo46RFyYc5zaAI4n7RYMR6jJXK,MVM783 - The Grandview at Las Vegas,51608A,Evolve M2
10:2b:aa:51:5b:0b,2026-08-04 03:48:34,E8X6iojo46RFyYc5zaAI4n7RYMR6jJXK,MVM783 - The Grandview at Las Vegas,6801B,Evolve M2
64:18:df:73:cc:79,2026-08-04 03:48:34,E8X6iojo46RFyYc5zaAI4n7RYMR6jJXK,MVM783 - The Grandview at Las Vegas,4304B,Evolve M2
10:2b:aa:51:fb:a7,2026-08-04 03:48:33,E8X6iojo46RFyYc5zaAI4n7RYMR6jJXK,MVM783 - The Grandview at Las Vegas,8208A,Evolve M2
10:2b:aa:51:66:5a,2026-08-04 03:48:33,E8X6iojo46RFyYc5zaAI4n7RYMR6jJXK,MVM783 - The Grandview at Las Vegas,61108B,Evolve M2
10:2b:aa:51:fb:53,2026-08-04 03:48:33,E8X6iojo46RFyYc5zaAI4n7RYMR6jJXK,MVM783 - The Grandview at Las Vegas,2403A,Evolve M2
64:18:df:73:ec:3e,2026-08-04 03:48:33,E8X6iojo46RFyYc5zaAI4n7RYMR6jJXK,MVM783 - The Grandview at Las Vegas,52101A,Evolve M2
64:18:df:73:ea:22,2026-08-04 03:48:33,E8X6iojo46RFyYc5zaAI4n7RYMR6jJXK,MVM783 - The Grandview at Las Vegas,6609A,Evolve M2
10:2b:aa:51:fa:63,2026-08-04 03:48:33,E8X6iojo46RFyYc5zaAI4n7RYMR6jJXK,MVM783 - The Grandview at Las Vegas,9101B,Evolve M2
10:2b:aa:51:64:47,2026-08-04 03:48:33,E8X6iojo46RFyYc5zaAI4n7RYMR6jJXK,MVM783 - The Grandview at Las Vegas,5804B,Evolve M2
10:2b:aa:51:5f:7c,2026-08-04 03:48:32,E8X6iojo46RFyYc5zaAI4n7RYMR6jJXK,MVM783 - The Grandview at Las Vegas,31008B,Evolve M2
10:2b:aa:51:59:e5,2026-08-04 03:48:31,E8X6iojo46RFyYc5zaAI4n7RYMR6jJXK,MVM783 - The Grandview at Las Vegas,6904A,Evolve M2
64:18:df:74:51:d5,2026-08-04 03:48:31,E8X6iojo46RFyYc5zaAI4n7RYMR6jJXK,MVM783 - The Grandview at Las Vegas,6903B,Evolve M2
64:18:df:74:4d:80,2026-08-04 03:48:31,E8X6iojo46RFyYc5zaAI4n7RYMR6jJXK,MVM783 - The Grandview at Las Vegas,6101A,Evolve M2
68:ab:a9:f8:c0:ac,2026-08-04 03:48:31,E8X6iojo46RFyYc5zaAI4n7RYMR6jJXK,MVM783 - The Grandview at Las Vegas,9408A,Evolve M2
10:2b:aa:51:4d:a0,2026-08-04 03:48:31,E8X6iojo46RFyYc5zaAI4n7RYMR6jJXK,MVM783 - The Grandview at Las Vegas,61902B,Evolve M2
64:18:df:74:8a:8f,2026-08-04 03:48:31,E8X6iojo46RFyYc5zaAI4n7RYMR6jJXK,MVM783 - The Grandview at Las Vegas,61810B,Evolve M2
10:2b:aa:51:60:99,2026-08-04 03:48:31,E8X6iojo46RFyYc5zaAI4n7RYMR6jJXK,MVM783 - The Grandview at Las Vegas,4205B,Evolve M2
10:2b:aa:51:f7:ae,2026-08-04 03:48:31,E8X6iojo46RFyYc5zaAI4n7RYMR6jJXK,MVM783 - The Grandview at Las Vegas,9209B,Evolve M2
64:18:df:73:b2:2a,2026-08-04 03:48:30,E8X6iojo46RFyYc5zaAI4n7RYMR6jJXK,MVM783 - The Grandview at Las Vegas,62110B,Evolve M2
10:2b:aa:51:f9:16,2026-08-04 03:48:30,E8X6iojo46RFyYc5zaAI4n7RYMR6jJXK,MVM783 - The Grandview at Las Vegas,11207B,Evolve M2
68:ab:a9:fe:71:6a,2026-08-04 03:48:30,E8X6iojo46RFyYc5zaAI4n7RYMR6jJXK,MVM783 - The Grandview at Las Vegas,6803A,Evolve M2
64:18:df:73:c8:16,2026-08-04 03:48:29,E8X6iojo46RFyYc5zaAI4n7RYMR6jJXK,MVM783 - The Grandview at Las Vegas,61110B,Evolve M2
68:ab:a9:f8:f3:ab,2026-08-04 03:48:29,E8X6iojo46RFyYc5zaAI4n7RYMR6jJXK,MVM783 - The Grandview at Las Vegas,1702A@B,Evolve M2
64:18:df:74:3b:aa,2026-08-04 03:48:29,E8X6iojo46RFyYc5zaAI4n7RYMR6jJXK,MVM783 - The Grandview at Las Vegas,6202B,Evolve M2
10:2b:aa:51:66:4b,2026-08-04 03:48:29,E8X6iojo46RFyYc5zaAI4n7RYMR6jJXK,MVM783 - The Grandview at Las Vegas,5403B,Evolve M2
64:18:df:74:17:16,2026-08-04 03:48:28,E8X6iojo46RFyYc5zaAI4n7RYMR6jJXK,MVM783 - The Grandview at Las Vegas,4402A,Evolve M2
68:ab:a9:fe:cb:24,2026-08-04 03:48:28,E8X6iojo46RFyYc5zaAI4n7RYMR6jJXK,MVM783 - The Grandview at Las Vegas,8207A,Evolve M2
10:2b:aa:52:68:76,2026-08-04 03:48:27,E8X6iojo46RFyYc5zaAI4n7RYMR6jJXK,MVM783 - The Grandview at Las Vegas,4507B,Evolve M2
68:ab:a9:fc:01:fd,2026-08-04 03:48:27,E8X6iojo46RFyYc5zaAI4n7RYMR6jJXK,MVM783 - The Grandview at Las Vegas,3209B,Evolve M2
68:ab:a9:ff:16:06,2026-08-04 03:48:27,E8X6iojo46RFyYc5zaAI4n7RYMR6jJXK,MVM783 - The Grandview at Las Vegas,61002B,Evolve M2
10:2b:aa:51:fb:1d,2026-08-04 03:48:27,E8X6iojo46RFyYc5zaAI4n7RYMR6jJXK,MVM783 - The Grandview at Las Vegas,2407B,Evolve M2
68:ab:a9:fe:9d:aa,2026-08-04 03:48:27,E8X6iojo46RFyYc5zaAI4n7RYMR6jJXK,MVM783 - The Grandview at Las Vegas,9807B,Evolve M2
10:2b:aa:51:56:3d,2026-08-04 03:48:26,E8X6iojo46RFyYc5zaAI4n7RYMR6jJXK,MVM783 - The Grandview at Las Vegas,61910B,Evolve M2
68:ab:a9:fe:55:b5,2026-08-04 03:48:26,E8X6iojo46RFyYc5zaAI4n7RYMR6jJXK,MVM783 - The Grandview at Las Vegas,3510A,Evolve M2
10:2b:aa:51:4f:89,2026-08-04 03:48:26,E8X6iojo46RFyYc5zaAI4n7RYMR6jJXK,MVM783 - The Grandview at Las Vegas,5610A,Evolve M2
10:2b:aa:50:c3:67,2026-08-04 03:48:26,E8X6iojo46RFyYc5zaAI4n7RYMR6jJXK,MVM783 - The Grandview at Las Vegas,51103B,Evolve M2
68:ab:a9:fe:24:4a,2026-08-04 03:48:26,E8X6iojo46RFyYc5zaAI4n7RYMR6jJXK,MVM783 - The Grandview at Las Vegas,5402A,Evolve M2
64:18:df:74:87:77,2026-08-04 03:48:26,E8X6iojo46RFyYc5zaAI4n7RYMR6jJXK,MVM783 - The Grandview at Las Vegas,9907B,Evolve M2
64:18:df:74:20:0b,2026-08-04 03:48:26,E8X6iojo46RFyYc5zaAI4n7RYMR6jJXK,MVM783 - The Grandview at Las Vegas,6304B,Evolve M2
64:18:df:73:b5:03,2026-08-04 03:48:26,E8X6iojo46RFyYc5zaAI4n7RYMR6jJXK,MVM783 - The Grandview at Las Vegas,3506B,Evolve M2
10:2b:aa:51:f6:f7,2026-08-04 03:48:25,E8X6iojo46RFyYc5zaAI4n7RYMR6jJXK,MVM783 - The Grandview at Las Vegas,8607A,Evolve M2
68:ab:a9:fe:a5:0d,2026-08-04 03:48:25,E8X6iojo46RFyYc5zaAI4n7RYMR6jJXK,MVM783 - The Grandview at Las Vegas,51503B,Evolve M2
64:18:df:74:01:a4,2026-08-04 03:48:25,E8X6iojo46RFyYc5zaAI4n7RYMR6jJXK,MVM783 - The Grandview at Las Vegas,42004A,Evolve M2
64:18:df:74:1b:d0,2026-08-04 03:48:24,E8X6iojo46RFyYc5zaAI4n7RYMR6jJXK,MVM783 - The Grandview at Las Vegas,41609B,Evolve M2
10:2b:aa:51:5a:c9,2026-08-04 03:48:24,E8X6iojo46RFyYc5zaAI4n7RYMR6jJXK,MVM783 - The Grandview at Las Vegas,41606B,Evolve M2
64:18:df:74:09:ab,2026-08-04 03:48:24,E8X6iojo46RFyYc5zaAI4n7RYMR6jJXK,MVM783 - The Grandview at Las Vegas,62003B,Evolve M2
10:2b:aa:51:fc:22,2026-08-04 03:48:24,E8X6iojo46RFyYc5zaAI4n7RYMR6jJXK,MVM783 - The Grandview at Las Vegas,2901A,Evolve M2
68:ab:a9:f7:c2:bd,2026-08-04 03:48:24,E8X6iojo46RFyYc5zaAI4n7RYMR6jJXK,MVM783 - The Grandview at Las Vegas,8308B,Evolve M2
68:ab:a9:f8:07:15,2026-08-04 03:48:23,E8X6iojo46RFyYc5zaAI4n7RYMR6jJXK,MVM783 - The Grandview at Las Vegas,2502A,Evolve M2
64:18:df:74:02:96,2026-08-04 03:48:23,E8X6iojo46RFyYc5zaAI4n7RYMR6jJXK,MVM783 - The Grandview at Las Vegas,6305B,Evolve M2
10:2b:aa:51:5e:ad,2026-08-04 03:48:23,E8X6iojo46RFyYc5zaAI4n7RYMR6jJXK,MVM783 - The Grandview at Las Vegas,31109A,Evolve M2
68:ab:a9:fe:1c:cb,2026-08-04 03:48:23,E8X6iojo46RFyYc5zaAI4n7RYMR6jJXK,MVM783 - The Grandview at Las Vegas,61403A,Evolve M2
10:2b:aa:51:6c:93,2026-08-04 03:48:23,E8X6iojo46RFyYc5zaAI4n7RYMR6jJXK,MVM783 - The Grandview at Las Vegas,8707B,Evolve M2
10:2b:aa:51:6a:95,2026-08-04 03:48:22,E8X6iojo46RFyYc5zaAI4n7RYMR6jJXK,MVM783 - The Grandview at Las Vegas,3507B,Evolve M2
68:ab:a9:fe:67:2f,2026-08-04 03:48:22,E8X6iojo46RFyYc5zaAI4n7RYMR6jJXK,MVM783 - The Grandview at Las Vegas,9707A@LR,Evolve M2
68:ab:a9:fe:fd:c1,2026-08-04 03:48:22,E8X6iojo46RFyYc5zaAI4n7RYMR6jJXK,MVM783 - The Grandview at Las Vegas,1708B,Evolve M2
10:2b:aa:51:52:02,2026-08-04 03:48:22,E8X6iojo46RFyYc5zaAI4n7RYMR6jJXK,MVM783 - The Grandview at Las Vegas,41707B,Evolve M2
64:18:df:74:3b:4a,2026-08-04 03:48:21,E8X6iojo46RFyYc5zaAI4n7RYMR6jJXK,MVM783 - The Grandview at Las Vegas,51401B,Evolve M2
10:2b:aa:52:68:3a,2026-08-04 03:48:21,E8X6iojo46RFyYc5zaAI4n7RYMR6jJXK,MVM783 - The Grandview at Las Vegas,9810A,Evolve M2
10:2b:aa:51:55:5f,2026-08-04 03:48:20,E8X6iojo46RFyYc5zaAI4n7RYMR6jJXK,MVM783 - The Grandview at Las Vegas,51206B,Evolve M2
68:ab:a9:fc:29:2e,2026-08-04 03:48:20,E8X6iojo46RFyYc5zaAI4n7RYMR6jJXK,MVM783 - The Grandview at Las Vegas,31210A,Evolve M2
68:ab:a9:fc:b3:39,2026-08-04 03:48:20,E8X6iojo46RFyYc5zaAI4n7RYMR6jJXK,MVM783 - The Grandview at Las Vegas,42009A,Evolve M2
10:2b:aa:51:fa:33,2026-08-04 03:48:20,E8X6iojo46RFyYc5zaAI4n7RYMR6jJXK,MVM783 - The Grandview at Las Vegas,9208B,Evolve M2
64:18:df:74:63:bb,2026-08-04 03:48:20,E8X6iojo46RFyYc5zaAI4n7RYMR6jJXK,MVM783 - The Grandview at Las Vegas,62103B,Evolve M2
68:ab:a9:f8:eb:d3,2026-08-04 03:48:20,E8X6iojo46RFyYc5zaAI4n7RYMR6jJXK,MVM783 - The Grandview at Las Vegas,1408A@L,Evolve M2
68:ab:a9:fc:38:1d,2026-08-04 03:48:19,E8X6iojo46RFyYc5zaAI4n7RYMR6jJXK,MVM783 - The Grandview at Las Vegas,31107A,Evolve M2
68:ab:a9:f8:cf:98,2026-08-04 03:48:19,E8X6iojo46RFyYc5zaAI4n7RYMR6jJXK,MVM783 - The Grandview at Las Vegas,9402A,Evolve M2
68:ab:a9:fe:9b:b8,2026-08-04 03:48:19,E8X6iojo46RFyYc5zaAI4n7RYMR6jJXK,MVM783 - The Grandview at Las Vegas,2105A,Evolve M2
64:18:df:74:2b:ab,2026-08-04 03:48:19,E8X6iojo46RFyYc5zaAI4n7RYMR6jJXK,MVM783 - The Grandview at Las Vegas,91005A,Evolve M2
10:2b:aa:51:4e:75,2026-08-04 03:48:19,E8X6iojo46RFyYc5zaAI4n7RYMR6jJXK,MVM783 - The Grandview at Las Vegas,4501B,Evolve M2
10:2b:aa:51:58:89,2026-08-04 03:48:19,E8X6iojo46RFyYc5zaAI4n7RYMR6jJXK,MVM783 - The Grandview at Las Vegas,61106A,Evolve M2
68:ab:a9:f8:9b:2a,2026-08-04 03:48:19,E8X6iojo46RFyYc5zaAI4n7RYMR6jJXK,MVM783 - The Grandview at Las Vegas,1501B,Evolve M2
64:18:df:74:0d:bd,2026-08-04 03:48:19,E8X6iojo46RFyYc5zaAI4n7RYMR6jJXK,MVM783 - The Grandview at Las Vegas,4302A,Evolve M2
64:18:df:73:d8:76,2026-08-04 03:48:18,E8X6iojo46RFyYc5zaAI4n7RYMR6jJXK,MVM783 - The Grandview at Las Vegas,61104A,Evolve M2
68:ab:a9:f8:8e:07,2026-08-04 03:48:18,E8X6iojo46RFyYc5zaAI4n7RYMR6jJXK,MVM783 - The Grandview at Las Vegas,8403B,Evolve M2
68:ab:a9:fe:a2:e1,2026-08-04 03:48:18,E8X6iojo46RFyYc5zaAI4n7RYMR6jJXK,MVM783 - The Grandview at Las Vegas,8505B,Evolve M2
68:ab:a9:fe:43:1c,2026-08-04 03:48:18,E8X6iojo46RFyYc5zaAI4n7RYMR6jJXK,MVM783 - The Grandview at Las Vegas,9710A,Evolve M2
64:18:df:73:f0:01,2026-08-04 03:48:18,E8X6iojo46RFyYc5zaAI4n7RYMR6jJXK,MVM783 - The Grandview at Las Vegas,52005B,Evolve M2
10:2b:aa:51:5a:f6,2026-08-04 03:48:18,E8X6iojo46RFyYc5zaAI4n7RYMR6jJXK,MVM783 - The Grandview at Las Vegas,3906B,Evolve M2
68:ab:a9:fb:de:aa,2026-08-04 03:48:17,E8X6iojo46RFyYc5zaAI4n7RYMR6jJXK,MVM783 - The Grandview at Las Vegas,1208B@L,Evolve M2
68:ab:a9:fe:e0:32,2026-08-04 03:48:17,E8X6iojo46RFyYc5zaAI4n7RYMR6jJXK,MVM783 - The Grandview at Las Vegas,9808A,Evolve M2
64:18:df:74:07:46,2026-08-04 03:48:17,E8X6iojo46RFyYc5zaAI4n7RYMR6jJXK,MVM783 - The Grandview at Las Vegas,4401A,Evolve M2
68:ab:a9:fc:36:81,2026-08-04 03:48:17,E8X6iojo46RFyYc5zaAI4n7RYMR6jJXK,MVM783 - The Grandview at Las Vegas,9902A,Evolve M2
10:2b:aa:52:68:70,2026-08-04 03:48:16,E8X6iojo46RFyYc5zaAI4n7RYMR6jJXK,MVM783 - The Grandview at Las Vegas,4507B,Evolve M2
64:18:df:74:62:a1,2026-08-04 03:48:16,E8X6iojo46RFyYc5zaAI4n7RYMR6jJXK,MVM783 - The Grandview at Las Vegas,42008B,Evolve M2
10:2b:aa:51:60:39,2026-08-04 03:48:16,E8X6iojo46RFyYc5zaAI4n7RYMR6jJXK,MVM783 - The Grandview at Las Vegas,6904B,Evolve M2
68:ab:a9:fe:6e:f7,2026-08-04 03:48:16,E8X6iojo46RFyYc5zaAI4n7RYMR6jJXK,MVM783 - The Grandview at Las Vegas,51604B,Evolve M2
64:18:df:74:5f:91,2026-08-04 03:48:16,E8X6iojo46RFyYc5zaAI4n7RYMR6jJXK,MVM783 - The Grandview at Las Vegas,62102B,Evolve M2
68:ab:a9:fe:fb:5b,2026-08-04 03:48:16,E8X6iojo46RFyYc5zaAI4n7RYMR6jJXK,MVM783 - The Grandview at Las Vegas,41209B,Evolve M2
10:2b:aa:51:fe:95,2026-08-04 03:48:15,E8X6iojo46RFyYc5zaAI4n7RYMR6jJXK,MVM783 - The Grandview at Las Vegas,2108A,Evolve M2
68:ab:a9:fc:1b:89,2026-08-04 03:48:15,E8X6iojo46RFyYc5zaAI4n7RYMR6jJXK,MVM783 - The Grandview at Las Vegas,8102A,Evolve M2
64:18:df:74:32:fd,2026-08-04 03:48:15,E8X6iojo46RFyYc5zaAI4n7RYMR6jJXK,MVM783 - The Grandview at Las Vegas,41904B,Evolve M2
68:ab:a9:fc:23:e7,2026-08-04 03:48:15,E8X6iojo46RFyYc5zaAI4n7RYMR6jJXK,MVM783 - The Grandview at Las Vegas,11102A,Evolve M2
68:ab:a9:fe:fc:52,2026-08-04 03:48:14,E8X6iojo46RFyYc5zaAI4n7RYMR6jJXK,MVM783 - The Grandview at Las Vegas,51710A,Evolve M2
68:ab:a9:f7:b6:1e,2026-08-04 03:48:14,E8X6iojo46RFyYc5zaAI4n7RYMR6jJXK,MVM783 - The Grandview at Las Vegas,8402B,Evolve M2
10:2b:aa:51:4f:cb,2026-08-04 03:48:14,E8X6iojo46RFyYc5zaAI4n7RYMR6jJXK,MVM783 - The Grandview at Las Vegas,6110B,Evolve M2
10:2b:aa:51:60:a2,2026-08-04 03:48:14,E8X6iojo46RFyYc5zaAI4n7RYMR6jJXK,MVM783 - The Grandview at Las Vegas,41501B,Evolve M2
10:2b:aa:51:49:ec,2026-08-04 03:48:14,E8X6iojo46RFyYc5zaAI4n7RYMR6jJXK,MVM783 - The Grandview at Las Vegas,61502A,Evolve M2
10:2b:aa:51:59:43,2026-08-04 03:48:13,E8X6iojo46RFyYc5zaAI4n7RYMR6jJXK,MVM783 - The Grandview at Las Vegas,61106A,Evolve M2
10:2b:aa:51:65:e5,2026-08-04 03:48:13,E8X6iojo46RFyYc5zaAI4n7RYMR6jJXK,MVM783 - The Grandview at Las Vegas,4802B,Evolve M2
10:2b:aa:51:66:0c,2026-08-04 03:48:13,E8X6iojo46RFyYc5zaAI4n7RYMR6jJXK,MVM783 - The Grandview at Las Vegas,31009B,Evolve M2
10:2b:aa:50:c3:46,2026-08-04 03:48:13,E8X6iojo46RFyYc5zaAI4n7RYMR6jJXK,MVM783 - The Grandview at Las Vegas,51108B,Evolve M2
10:2b:aa:51:f8:89,2026-08-04 03:48:12,E8X6iojo46RFyYc5zaAI4n7RYMR6jJXK,MVM783 - The Grandview at Las Vegas,2302B,Evolve M2
68:ab:a9:fc:13:44,2026-08-04 03:48:12,E8X6iojo46RFyYc5zaAI4n7RYMR6jJXK,MVM783 - The Grandview at Las Vegas,62010A,Evolve M2
68:ab:a9:fe:88:cd,2026-08-04 03:48:12,E8X6iojo46RFyYc5zaAI4n7RYMR6jJXK,MVM783 - The Grandview at Las Vegas,51603B,Evolve M2
10:2b:aa:51:5b:26,2026-08-04 03:48:12,E8X6iojo46RFyYc5zaAI4n7RYMR6jJXK,MVM783 - The Grandview at Las Vegas,3104A,Evolve M2
64:18:df:73:ea:58,2026-08-04 03:48:12,E8X6iojo46RFyYc5zaAI4n7RYMR6jJXK,MVM783 - The Grandview at Las Vegas,4305A,Evolve M2
68:ab:a9:fe:f6:1a,2026-08-04 03:48:12,E8X6iojo46RFyYc5zaAI4n7RYMR6jJXK,MVM783 - The Grandview at Las Vegas,1708A,Evolve M2
68:ab:a9:fc:81:38,2026-08-04 03:48:12,E8X6iojo46RFyYc5zaAI4n7RYMR6jJXK,MVM783 - The Grandview at Las Vegas,1401B@L,Evolve M2
10:2b:aa:51:f9:d6,2026-08-04 03:48:12,E8X6iojo46RFyYc5zaAI4n7RYMR6jJXK,MVM783 - The Grandview at Las Vegas,81202B,Evolve M2
68:ab:a9:fa:6f:d9,2026-08-04 03:48:12,E8X6iojo46RFyYc5zaAI4n7RYMR6jJXK,MVM783 - The Grandview at Las Vegas,1203A,Evolve M2
68:ab:a9:fc:34:8d,2026-08-04 03:48:12,E8X6iojo46RFyYc5zaAI4n7RYMR6jJXK,MVM783 - The Grandview at Las Vegas,2201B,Evolve M2
10:2b:aa:51:61:b3,2026-08-04 03:48:12,E8X6iojo46RFyYc5zaAI4n7RYMR6jJXK,MVM783 - The Grandview at Las Vegas,42110A,Evolve M2
10:2b:aa:51:60:36,2026-08-04 03:48:12,E8X6iojo46RFyYc5zaAI4n7RYMR6jJXK,MVM783 - The Grandview at Las Vegas,61110A,Evolve M2
64:18:df:74:6c:45,2026-08-04 03:48:11,E8X6iojo46RFyYc5zaAI4n7RYMR6jJXK,MVM783 - The Grandview at Las Vegas,91110A,Evolve M2
64:18:df:74:2d:6d,2026-08-04 03:48:11,E8X6iojo46RFyYc5zaAI4n7RYMR6jJXK,MVM783 - The Grandview at Las Vegas,52005A,Evolve M2
10:2b:aa:51:62:13,2026-08-04 03:48:11,E8X6iojo46RFyYc5zaAI4n7RYMR6jJXK,MVM783 - The Grandview at Las Vegas,4110A,Evolve M2
10:2b:aa:52:65:19,2026-08-04 03:48:11,E8X6iojo46RFyYc5zaAI4n7RYMR6jJXK,MVM783 - The Grandview at Las Vegas,2602B,Evolve M2
10:2b:aa:51:52:83,2026-08-04 03:48:09,E8X6iojo46RFyYc5zaAI4n7RYMR6jJXK,MVM783 - The Grandview at Las Vegas,51106B,Evolve M2
10:2b:aa:51:56:37,2026-08-04 03:48:09,E8X6iojo46RFyYc5zaAI4n7RYMR6jJXK,MVM783 - The Grandview at Las Vegas,51904B,Evolve M2
64:18:df:73:f5:d5,2026-08-04 03:48:09,E8X6iojo46RFyYc5zaAI4n7RYMR6jJXK,MVM783 - The Grandview at Las Vegas,42105A,Evolve M2
68:ab:a9:fe:5e:e5,2026-08-04 03:48:09,E8X6iojo46RFyYc5zaAI4n7RYMR6jJXK,MVM783 - The Grandview at Las Vegas,41203B,Evolve M2
68:ab:a9:ff:13:2e,2026-08-04 03:48:09,E8X6iojo46RFyYc5zaAI4n7RYMR6jJXK,MVM783 - The Grandview at Las Vegas,21203B,Evolve M2
64:18:df:73:bb:6e,2026-08-04 03:48:09,E8X6iojo46RFyYc5zaAI4n7RYMR6jJXK,MVM783 - The Grandview at Las Vegas,61508A,Evolve M2
10:2b:aa:51:69:03,2026-08-04 03:48:09,E8X6iojo46RFyYc5zaAI4n7RYMR6jJXK,MVM783 - The Grandview at Las Vegas,5605A,Evolve M2
10:2b:aa:51:f7:12,2026-08-04 03:48:08,E8X6iojo46RFyYc5zaAI4n7RYMR6jJXK,MVM783 - The Grandview at Las Vegas,2406A,Evolve M2
10:2b:aa:51:5d:5d,2026-08-04 03:48:08,E8X6iojo46RFyYc5zaAI4n7RYMR6jJXK,MVM783 - The Grandview at Las Vegas,4704B,Evolve M2
64:18:df:73:ba:65,2026-08-04 03:48:08,E8X6iojo46RFyYc5zaAI4n7RYMR6jJXK,MVM783 - The Grandview at Las Vegas,5908A,Evolve M2
64:18:df:74:04:02,2026-08-04 03:48:08,E8X6iojo46RFyYc5zaAI4n7RYMR6jJXK,MVM783 - The Grandview at Las Vegas,41407B,Evolve M2
68:ab:a9:fc:4a:46,2026-08-04 03:48:08,E8X6iojo46RFyYc5zaAI4n7RYMR6jJXK,MVM783 - The Grandview at Las Vegas,3205B,Evolve M2
68:ab:a9:f7:c8:94,2026-08-04 03:48:08,E8X6iojo46RFyYc5zaAI4n7RYMR6jJXK,MVM783 - The Grandview at Las Vegas,51908B,Evolve M2
10:2b:aa:51:5d:42,2026-08-04 03:48:07,E8X6iojo46RFyYc5zaAI4n7RYMR6jJXK,MVM783 - The Grandview at Las Vegas,5703B,Evolve M2
64:18:df:73:d2:81,2026-08-04 03:48:07,E8X6iojo46RFyYc5zaAI4n7RYMR6jJXK,MVM783 - The Grandview at Las Vegas,4405A,Evolve M2
10:2b:aa:51:f6:7c,2026-08-04 03:48:07,E8X6iojo46RFyYc5zaAI4n7RYMR6jJXK,MVM783 - The Grandview at Las Vegas,21002A,Evolve M2
10:2b:aa:51:5b:3e,2026-08-04 03:48:06,E8X6iojo46RFyYc5zaAI4n7RYMR6jJXK,MVM783 - The Grandview at Las Vegas,9106B,Evolve M2
68:ab:a9:fc:24:68,2026-08-04 03:48:06,E8X6iojo46RFyYc5zaAI4n7RYMR6jJXK,MVM783 - The Grandview at Las Vegas,21205B,Evolve M2
10:2b:aa:51:67:9b,2026-08-04 03:48:06,E8X6iojo46RFyYc5zaAI4n7RYMR6jJXK,MVM783 - The Grandview at Las Vegas,51004B,Evolve M2
68:ab:a9:f8:d9:0a,2026-08-04 03:48:06,E8X6iojo46RFyYc5zaAI4n7RYMR6jJXK,MVM783 - The Grandview at Las Vegas,8406A,Evolve M2
10:2b:aa:51:51:ea,2026-08-04 03:48:06,E8X6iojo46RFyYc5zaAI4n7RYMR6jJXK,MVM783 - The Grandview at Las Vegas,4904B,Evolve M2
64:18:df:73:a9:f2,2026-08-04 03:48:06,E8X6iojo46RFyYc5zaAI4n7RYMR6jJXK,MVM783 - The Grandview at Las Vegas,4407B,Evolve M2
68:ab:a9:f8:b5:a3,2026-08-04 03:48:05,E8X6iojo46RFyYc5zaAI4n7RYMR6jJXK,MVM783 - The Grandview at Las Vegas,1906B@L,Evolve M2
10:2b:aa:51:56:b5,2026-08-04 03:48:05,E8X6iojo46RFyYc5zaAI4n7RYMR6jJXK,MVM783 - The Grandview at Las Vegas,6908B,Evolve M2
64:18:df:73:b0:7f,2026-08-04 03:48:05,E8X6iojo46RFyYc5zaAI4n7RYMR6jJXK,MVM783 - The Grandview at Las Vegas,61109B,Evolve M2
64:18:df:73:c9:dc,2026-08-04 03:48:05,E8X6iojo46RFyYc5zaAI4n7RYMR6jJXK,MVM783 - The Grandview at Las Vegas,91007A,Evolve M2
10:2b:aa:51:4c:b6,2026-08-04 03:48:05,E8X6iojo46RFyYc5zaAI4n7RYMR6jJXK,MVM783 - The Grandview at Las Vegas,5709B,Evolve M2
68:ab:a9:fc:a2:e5,2026-08-04 03:48:05,E8X6iojo46RFyYc5zaAI4n7RYMR6jJXK,MVM783 - The Grandview at Las Vegas,3901A,Evolve M2
68:ab:a9:fb:e3:4f,2026-08-04 03:48:05,E8X6iojo46RFyYc5zaAI4n7RYMR6jJXK,MVM783 - The Grandview at Las Vegas,1403A@B,Evolve M2
68:ab:a9:fe:38:4b,2026-08-04 03:48:05,E8X6iojo46RFyYc5zaAI4n7RYMR6jJXK,MVM783 - The Grandview at Las Vegas,51402B,Evolve M2
10:2b:aa:51:f7:42,2026-08-04 03:48:05,E8X6iojo46RFyYc5zaAI4n7RYMR6jJXK,MVM783 - The Grandview at Las Vegas,3905A,Evolve M2
10:2b:aa:51:5e:ef,2026-08-04 03:48:04,E8X6iojo46RFyYc5zaAI4n7RYMR6jJXK,MVM783 - The Grandview at Las Vegas,31109A,Evolve M2
10:2b:aa:51:4d:c4,2026-08-04 03:48:04,E8X6iojo46RFyYc5zaAI4n7RYMR6jJXK,MVM783 - The Grandview at Las Vegas,4503A,Evolve M2
10:2b:aa:51:fc:ca,2026-08-04 03:48:04,E8X6iojo46RFyYc5zaAI4n7RYMR6jJXK,MVM783 - The Grandview at Las Vegas,2306B,Evolve M2
68:ab:a9:fc:3b:ce,2026-08-04 03:48:04,E8X6iojo46RFyYc5zaAI4n7RYMR6jJXK,MVM783 - The Grandview at Las Vegas,1104B@L,Evolve M2
64:18:df:74:81:8f,2026-08-04 03:48:04,E8X6iojo46RFyYc5zaAI4n7RYMR6jJXK,MVM783 - The Grandview at Las Vegas,41907A,Evolve M2
10:2b:aa:51:63:bd,2026-08-04 03:48:04,E8X6iojo46RFyYc5zaAI4n7RYMR6jJXK,MVM783 - The Grandview at Las Vegas,6510A,Evolve M2
68:ab:a9:fe:49:df,2026-08-04 03:48:04,E8X6iojo46RFyYc5zaAI4n7RYMR6jJXK,MVM783 - The Grandview at Las Vegas,81107A,Evolve M2
68:ab:a9:f9:6a:ac,2026-08-04 03:48:04,E8X6iojo46RFyYc5zaAI4n7RYMR6jJXK,MVM783 - The Grandview at Las Vegas,62104A,Evolve M2
68:ab:a9:fb:cd:47,2026-08-04 03:48:04,E8X6iojo46RFyYc5zaAI4n7RYMR6jJXK,MVM783 - The Grandview at Las Vegas,2206B,Evolve M2
64:18:df:74:52:2c,2026-08-04 03:48:03,E8X6iojo46RFyYc5zaAI4n7RYMR6jJXK,MVM783 - The Grandview at Las Vegas,3408B,Evolve M2
68:ab:a9:fe:7f:52,2026-08-04 03:48:03,E8X6iojo46RFyYc5zaAI4n7RYMR6jJXK,MVM783 - The Grandview at Las Vegas,21103A,Evolve M2
64:18:df:74:68:23,2026-08-04 03:48:03,E8X6iojo46RFyYc5zaAI4n7RYMR6jJXK,MVM783 - The Grandview at Las Vegas,62008A,Evolve M2
68:ab:a9:f8:51:5f,2026-08-04 03:48:03,E8X6iojo46RFyYc5zaAI4n7RYMR6jJXK,MVM783 - The Grandview at Las Vegas,9503B,Evolve M2
68:ab:a9:fe:c3:c6,2026-08-04 03:48:02,E8X6iojo46RFyYc5zaAI4n7RYMR6jJXK,MVM783 - The Grandview at Las Vegas,21005A,Evolve M2
68:ab:a9:fe:a3:66,2026-08-04 03:48:02,E8X6iojo46RFyYc5zaAI4n7RYMR6jJXK,MVM783 - The Grandview at Las Vegas,4602A,Evolve M2
64:18:df:73:be:8f,2026-08-04 03:48:02,E8X6iojo46RFyYc5zaAI4n7RYMR6jJXK,MVM783 - The Grandview at Las Vegas,51605B,Evolve M2
10:2b:aa:51:66:1e,2026-08-04 03:48:01,E8X6iojo46RFyYc5zaAI4n7RYMR6jJXK,MVM783 - The Grandview at Las Vegas,51609A,Evolve M2
68:ab:a9:f8:98:a1,2026-08-04 03:48:01,E8X6iojo46RFyYc5zaAI4n7RYMR6jJXK,MVM783 - The Grandview at Las Vegas,1807A@L,Evolve M2
68:ab:a9:fe:ed:2b,2026-08-04 03:48:01,E8X6iojo46RFyYc5zaAI4n7RYMR6jJXK,MVM783 - The Grandview at Las Vegas,41008A,Evolve M2
10:2b:aa:51:51:6c,2026-08-04 03:48:01,E8X6iojo46RFyYc5zaAI4n7RYMR6jJXK,MVM783 - The Grandview at Las Vegas,6109B,Evolve M2
10:2b:aa:51:60:06,2026-08-04 03:48:00,E8X6iojo46RFyYc5zaAI4n7RYMR6jJXK,MVM783 - The Grandview at Las Vegas,4708A,Evolve M2
64:18:df:73:c4:4d,2026-08-04 03:48:00,E8X6iojo46RFyYc5zaAI4n7RYMR6jJXK,MVM783 - The Grandview at Las Vegas,6710B,Evolve M2
10:2b:aa:51:5d:cc,2026-08-04 03:48:00,E8X6iojo46RFyYc5zaAI4n7RYMR6jJXK,MVM783 - The Grandview at Las Vegas,9903B,Evolve M2
68:ab:a9:f8:c0:89,2026-08-04 03:48:00,E8X6iojo46RFyYc5zaAI4n7RYMR6jJXK,MVM783 - The Grandview at Las Vegas,1502B,Evolve M2
68:ab:a9:fe:39:b9,2026-08-04 03:48:00,E8X6iojo46RFyYc5zaAI4n7RYMR6jJXK,MVM783 - The Grandview at Las Vegas,51510B,Evolve M2
64:18:df:74:3c:a0,2026-08-04 03:48:00,E8X6iojo46RFyYc5zaAI4n7RYMR6jJXK,MVM783 - The Grandview at Las Vegas,91010B,Evolve M2
10:2b:aa:51:fd:90,2026-08-04 03:48:00,E8X6iojo46RFyYc5zaAI4n7RYMR6jJXK,MVM783 - The Grandview at Las Vegas,3306B,Evolve M2
10:2b:aa:51:f6:43,2026-08-04 03:48:00,E8X6iojo46RFyYc5zaAI4n7RYMR6jJXK,MVM783 - The Grandview at Las Vegas,9308A,Evolve M2
10:2b:aa:51:68:1f,2026-08-04 03:48:00,E8X6iojo46RFyYc5zaAI4n7RYMR6jJXK,MVM783 - The Grandview at Las Vegas,3507B,Evolve M2
68:ab:a9:fc:3b:15,2026-08-04 03:47:59,E8X6iojo46RFyYc5zaAI4n7RYMR6jJXK,MVM783 - The Grandview at Las Vegas,1301B@L,Evolve M2
64:18:df:74:8c:1f,2026-08-04 03:47:59,E8X6iojo46RFyYc5zaAI4n7RYMR6jJXK,MVM783 - The Grandview at Las Vegas,9907A,Evolve M2
10:2b:aa:51:5e:62,2026-08-04 03:47:59,E8X6iojo46RFyYc5zaAI4n7RYMR6jJXK,MVM783 - The Grandview at Las Vegas,61601B,Evolve M2
68:ab:a9:fe:86:8b,2026-08-04 03:47:59,E8X6iojo46RFyYc5zaAI4n7RYMR6jJXK,MVM783 - The Grandview at Las Vegas,9609A,Evolve M2
68:ab:a9:fe:b4:ee,2026-08-04 03:47:59,E8X6iojo46RFyYc5zaAI4n7RYMR6jJXK,MVM783 - The Grandview at Las Vegas,41006A,Evolve M2
68:ab:a9:ff:07:6b,2026-08-04 03:47:59,E8X6iojo46RFyYc5zaAI4n7RYMR6jJXK,MVM783 - The Grandview at Las Vegas,4505A,Evolve M2
64:18:df:74:58:dc,2026-08-04 03:47:59,E8X6iojo46RFyYc5zaAI4n7RYMR6jJXK,MVM783 - The Grandview at Las Vegas,6207B,Evolve M2
10:2b:aa:51:fc:31,2026-08-04 03:47:58,E8X6iojo46RFyYc5zaAI4n7RYMR6jJXK,MVM783 - The Grandview at Las Vegas,1806A@L,Evolve M2
68:ab:a9:fa:a3:dc,2026-08-04 03:47:58,E8X6iojo46RFyYc5zaAI4n7RYMR6jJXK,MVM783 - The Grandview at Las Vegas,41401B,Evolve M2
10:2b:aa:51:fd:b4,2026-08-04 03:47:58,E8X6iojo46RFyYc5zaAI4n7RYMR6jJXK,MVM783 - The Grandview at Las Vegas,3306B,Evolve M2
10:2b:aa:51:52:53,2026-08-04 03:47:58,E8X6iojo46RFyYc5zaAI4n7RYMR6jJXK,MVM783 - The Grandview at Las Vegas,51004A,Evolve M2
68:ab:a9:fe:0a:cf,2026-08-04 03:47:57,E8X6iojo46RFyYc5zaAI4n7RYMR6jJXK,MVM783 - The Grandview at Las Vegas,41007B,Evolve M2
64:18:df:73:f5:5c,2026-08-04 03:47:57,E8X6iojo46RFyYc5zaAI4n7RYMR6jJXK,MVM783 - The Grandview at Las Vegas,6207B,Evolve M2
68:ab:a9:fe:72:82,2026-08-04 03:47:57,E8X6iojo46RFyYc5zaAI4n7RYMR6jJXK,MVM783 - The Grandview at Las Vegas,9405B,Evolve M2
64:18:df:73:f0:be,2026-08-04 03:47:57,E8X6iojo46RFyYc5zaAI4n7RYMR6jJXK,MVM783 - The Grandview at Las Vegas,41404A,Evolve M2
68:ab:a9:fc:a3:d2,2026-08-04 03:47:57,E8X6iojo46RFyYc5zaAI4n7RYMR6jJXK,MVM783 - The Grandview at Las Vegas,3206A,Evolve M2
68:ab:a9:fe:e2:75,2026-08-04 03:47:57,E8X6iojo46RFyYc5zaAI4n7RYMR6jJXK,MVM783 - The Grandview at Las Vegas,4607B,Evolve M2
68:ab:a9:fe:62:58,2026-08-04 03:47:57,E8X6iojo46RFyYc5zaAI4n7RYMR6jJXK,MVM783 - The Grandview at Las Vegas,41002A,Evolve M2
68:ab:a9:fe:83:7e,2026-08-04 03:47:57,E8X6iojo46RFyYc5zaAI4n7RYMR6jJXK,MVM783 - The Grandview at Las Vegas,9604B,Evolve M2
68:ab:a9:fe:f7:af,2026-08-04 03:47:56,E8X6iojo46RFyYc5zaAI4n7RYMR6jJXK,MVM783 - The Grandview at Las Vegas,9605A,Evolve M2
64:18:df:73:f5:1f,2026-08-04 03:47:56,E8X6iojo46RFyYc5zaAI4n7RYMR6jJXK,MVM783 - The Grandview at Las Vegas,5101A,Evolve M2
10:2b:aa:52:65:16,2026-08-04 03:47:56,E8X6iojo46RFyYc5zaAI4n7RYMR6jJXK,MVM783 - The Grandview at Las Vegas,2507A,Evolve M2
10:2b:aa:51:63:c6,2026-08-04 03:47:56,E8X6iojo46RFyYc5zaAI4n7RYMR6jJXK,MVM783 - The Grandview at Las Vegas,9105A,Evolve M2
68:ab:a9:fc:4a:c6,2026-08-04 03:47:56,E8X6iojo46RFyYc5zaAI4n7RYMR6jJXK,MVM783 - The Grandview at Las Vegas,1602A@B,Evolve M2
10:2b:aa:51:52:6b,2026-08-04 03:47:56,E8X6iojo46RFyYc5zaAI4n7RYMR6jJXK,MVM783 - The Grandview at Las Vegas,51107B,Evolve M2
10:2b:aa:51:fd:7b,2026-08-04 03:47:56,E8X6iojo46RFyYc5zaAI4n7RYMR6jJXK,MVM783 - The Grandview at Las Vegas,2405A,Evolve M2
10:2b:aa:50:c3:34,2026-08-04 03:47:56,E8X6iojo46RFyYc5zaAI4n7RYMR6jJXK,MVM783 - The Grandview at Las Vegas,51002A,Evolve M2
10:2b:aa:51:67:89,2026-08-04 03:47:56,E8X6iojo46RFyYc5zaAI4n7RYMR6jJXK,MVM783 - The Grandview at Las Vegas,3403B,Evolve M2
10:2b:aa:51:f8:fb,2026-08-04 03:47:56,E8X6iojo46RFyYc5zaAI4n7RYMR6jJXK,MVM783 - The Grandview at Las Vegas,61502A,Evolve M2
10:2b:aa:51:55:6b,2026-08-04 03:47:56,E8X6iojo46RFyYc5zaAI4n7RYMR6jJXK,MVM783 - The Grandview at Las Vegas,6706B,Evolve M2
68:ab:a9:f8:55:64,2026-08-04 03:47:55,E8X6iojo46RFyYc5zaAI4n7RYMR6jJXK,MVM783 - The Grandview at Las Vegas,3202B,Evolve M2
10:2b:aa:51:ff:fd,2026-08-04 03:47:55,E8X6iojo46RFyYc5zaAI4n7RYMR6jJXK,MVM783 - The Grandview at Las Vegas,2607B,Evolve M2
10:2b:aa:51:f7:75,2026-08-04 03:47:55,E8X6iojo46RFyYc5zaAI4n7RYMR6jJXK,MVM783 - The Grandview at Las Vegas,3907B,Evolve M2
10:2b:aa:51:5e:bc,2026-08-04 03:47:54,E8X6iojo46RFyYc5zaAI4n7RYMR6jJXK,MVM783 - The Grandview at Las Vegas,4305B,Evolve M2
10:2b:aa:51:4d:04,2026-08-04 03:47:54,E8X6iojo46RFyYc5zaAI4n7RYMR6jJXK,MVM783 - The Grandview at Las Vegas,61410A,Evolve M2
68:ab:a9:fe:64:62,2026-08-04 03:47:54,E8X6iojo46RFyYc5zaAI4n7RYMR6jJXK,MVM783 - The Grandview at Las Vegas,51604B,Evolve M2
10:2b:aa:51:5f:b8,2026-08-04 03:47:54,E8X6iojo46RFyYc5zaAI4n7RYMR6jJXK,MVM783 - The Grandview at Las Vegas,3603B,Evolve M2
64:18:df:73:c3:18,2026-08-04 03:47:54,E8X6iojo46RFyYc5zaAI4n7RYMR6jJXK,MVM783 - The Grandview at Las Vegas,61008B,Evolve M2
68:ab:a9:fe:b6:07,2026-08-04 03:47:54,E8X6iojo46RFyYc5zaAI4n7RYMR6jJXK,MVM783 - The Grandview at Las Vegas,41402B,Evolve M2
10:2b:aa:52:65:e2,2026-08-04 03:47:54,E8X6iojo46RFyYc5zaAI4n7RYMR6jJXK,MVM783 - The Grandview at Las Vegas,2504B,Evolve M2
10:2b:aa:51:4c:cb,2026-08-04 03:47:53,E8X6iojo46RFyYc5zaAI4n7RYMR6jJXK,MVM783 - The Grandview at Las Vegas,61410A,Evolve M2
10:2b:aa:51:4e:66,2026-08-04 03:47:53,E8X6iojo46RFyYc5zaAI4n7RYMR6jJXK,MVM783 - The Grandview at Las Vegas,4110B,Evolve M2
10:2b:aa:51:f9:91,2026-08-04 03:47:53,E8X6iojo46RFyYc5zaAI4n7RYMR6jJXK,MVM783 - The Grandview at Las Vegas,61501A,Evolve M2
10:2b:aa:51:f4:4b,2026-08-04 03:47:53,E8X6iojo46RFyYc5zaAI4n7RYMR6jJXK,MVM783 - The Grandview at Las Vegas,8503B,Evolve M2
10:2b:aa:51:fb:ec,2026-08-04 03:47:53,E8X6iojo46RFyYc5zaAI4n7RYMR6jJXK,MVM783 - The Grandview at Las Vegas,8303B,Evolve M2
64:18:df:73:ce:b7,2026-08-04 03:47:53,E8X6iojo46RFyYc5zaAI4n7RYMR6jJXK,MVM783 - The Grandview at Las Vegas,61207B,Evolve M2
10:2b:aa:52:65:f1,2026-08-04 03:47:53,E8X6iojo46RFyYc5zaAI4n7RYMR6jJXK,MVM783 - The Grandview at Las Vegas,11203B,Evolve M2
10:2b:aa:51:5a:81,2026-08-04 03:47:53,E8X6iojo46RFyYc5zaAI4n7RYMR6jJXK,MVM783 - The Grandview at Las Vegas,9103A,Evolve M2
68:ab:a9:f9:8b:c2,2026-08-04 03:47:52,E8X6iojo46RFyYc5zaAI4n7RYMR6jJXK,MVM783 - The Grandview at Las Vegas,61806B,Evolve M2
64:18:df:73:de:79,2026-08-04 03:47:52,E8X6iojo46RFyYc5zaAI4n7RYMR6jJXK,MVM783 - The Grandview at Las Vegas,41107A,Evolve M2
64:18:df:73:cc:0b,2026-08-04 03:47:52,E8X6iojo46RFyYc5zaAI4n7RYMR6jJXK,MVM783 - The Grandview at Las Vegas,31110A,Evolve M2
10:2b:aa:51:f7:60,2026-08-04 03:47:52,E8X6iojo46RFyYc5zaAI4n7RYMR6jJXK,MVM783 - The Grandview at Las Vegas,2705B,Evolve M2
10:2b:aa:51:59:82,2026-08-04 03:47:50,E8X6iojo46RFyYc5zaAI4n7RYMR6jJXK,MVM783 - The Grandview at Las Vegas,6909A,Evolve M2
10:2b:aa:51:fb:9b,2026-08-04 03:47:50,E8X6iojo46RFyYc5zaAI4n7RYMR6jJXK,MVM783 - The Grandview at Las Vegas,9706A,Evolve M2
10:2b:aa:51:5d:9f,2026-08-04 03:47:50,E8X6iojo46RFyYc5zaAI4n7RYMR6jJXK,MVM783 - The Grandview at Las Vegas,61702A,Evolve M2
10:2b:aa:51:f5:35,2026-08-04 03:47:50,E8X6iojo46RFyYc5zaAI4n7RYMR6jJXK,MVM783 - The Grandview at Las Vegas,41201A,Evolve M2
64:18:df:73:fd:e7,2026-08-04 03:47:50,E8X6iojo46RFyYc5zaAI4n7RYMR6jJXK,MVM783 - The Grandview at Las Vegas,5807B,Evolve M2
68:ab:a9:f8:e0:ad,2026-08-04 03:47:50,E8X6iojo46RFyYc5zaAI4n7RYMR6jJXK,MVM783 - The Grandview at Las Vegas,91106A,Evolve M2
10:2b:aa:51:5c:f4,2026-08-04 03:47:50,E8X6iojo46RFyYc5zaAI4n7RYMR6jJXK,MVM783 - The Grandview at Las Vegas,5707A,Evolve M2
10:2b:aa:51:ff:28,2026-08-04 03:47:50,E8X6iojo46RFyYc5zaAI4n7RYMR6jJXK,MVM783 - The Grandview at Las Vegas,81004A,Evolve M2
10:2b:aa:51:5d:9c,2026-08-04 03:47:49,E8X6iojo46RFyYc5zaAI4n7RYMR6jJXK,MVM783 - The Grandview at Las Vegas,61702A,Evolve M2
64:18:df:73:fe:41,2026-08-04 03:47:49,E8X6iojo46RFyYc5zaAI4n7RYMR6jJXK,MVM783 - The Grandview at Las Vegas,42001B,Evolve M2
10:2b:aa:51:6c:ff,2026-08-04 03:47:49,E8X6iojo46RFyYc5zaAI4n7RYMR6jJXK,MVM783 - The Grandview at Las Vegas,51406B,Evolve M2
10:2b:aa:52:65:f7,2026-08-04 03:47:49,E8X6iojo46RFyYc5zaAI4n7RYMR6jJXK,MVM783 - The Grandview at Las Vegas,11203A,Evolve M2
68:ab:a9:fc:2b:66,2026-08-04 03:47:49,E8X6iojo46RFyYc5zaAI4n7RYMR6jJXK,MVM783 - The Grandview at Las Vegas,1306A,Evolve M2
10:2b:aa:51:54:a5,2026-08-04 03:47:49,E8X6iojo46RFyYc5zaAI4n7RYMR6jJXK,MVM783 - The Grandview at Las Vegas,51801B,Evolve M2
68:ab:a9:fb:fa:ba,2026-08-04 03:47:48,E8X6iojo46RFyYc5zaAI4n7RYMR6jJXK,MVM783 - The Grandview at Las Vegas,31201A,Evolve M2
10:2b:aa:51:f6:ca,2026-08-04 03:47:48,E8X6iojo46RFyYc5zaAI4n7RYMR6jJXK,MVM783 - The Grandview at Las Vegas,2802A,Evolve M2
68:ab:a9:fc:93:d5,2026-08-04 03:47:48,E8X6iojo46RFyYc5zaAI4n7RYMR6jJXK,MVM783 - The Grandview at Las Vegas,21108B,Evolve M2
68:ab:a9:fb:43:40,2026-08-04 03:47:48,E8X6iojo46RFyYc5zaAI4n7RYMR6jJXK,MVM783 - The Grandview at Las Vegas,11208A,Evolve M2
68:ab:a9:fe:93:33,2026-08-04 03:47:48,E8X6iojo46RFyYc5zaAI4n7RYMR6jJXK,MVM783 - The Grandview at Las Vegas,6807A,Evolve M2
68:ab:a9:f7:fd:84,2026-08-04 03:47:47,E8X6iojo46RFyYc5zaAI4n7RYMR6jJXK,MVM783 - The Grandview at Las Vegas,1606B@B,Evolve M2
10:2b:aa:51:5e:ce,2026-08-04 03:47:47,E8X6iojo46RFyYc5zaAI4n7RYMR6jJXK,MVM783 - The Grandview at Las Vegas,4207B,Evolve M2
68:ab:a9:ff:12:fb,2026-08-04 03:47:47,E8X6iojo46RFyYc5zaAI4n7RYMR6jJXK,MVM783 - The Grandview at Las Vegas,61003B,Evolve M2
68:ab:a9:ff:01:1b,2026-08-04 03:47:47,E8X6iojo46RFyYc5zaAI4n7RYMR6jJXK,MVM783 - The Grandview at Las Vegas,6702B,Evolve M2
10:2b:aa:51:68:d3,2026-08-04 03:47:47,E8X6iojo46RFyYc5zaAI4n7RYMR6jJXK,MVM783 - The Grandview at Las Vegas,41502A,Evolve M2
68:ab:a9:f9:6c:ff,2026-08-04 03:47:47,E8X6iojo46RFyYc5zaAI4n7RYMR6jJXK,MVM783 - The Grandview at Las Vegas,4308A,Evolve M2
10:2b:aa:51:57:03,2026-08-04 03:47:47,E8X6iojo46RFyYc5zaAI4n7RYMR6jJXK,MVM783 - The Grandview at Las Vegas,91009B,Evolve M2
64:18:df:74:3d:b9,2026-08-04 03:47:47,E8X6iojo46RFyYc5zaAI4n7RYMR6jJXK,MVM783 - The Grandview at Las Vegas,61808B,Evolve M2
10:2b:aa:51:64:41,2026-08-04 03:47:46,E8X6iojo46RFyYc5zaAI4n7RYMR6jJXK,MVM783 - The Grandview at Las Vegas,3408A,Evolve M2
64:18:df:74:96:04,2026-08-04 03:47:46,E8X6iojo46RFyYc5zaAI4n7RYMR6jJXK,MVM783 - The Grandview at Las Vegas,3603B,Evolve M2
68:ab:a9:ff:02:e4,2026-08-04 03:47:46,E8X6iojo46RFyYc5zaAI4n7RYMR6jJXK,MVM783 - The Grandview at Las Vegas,11207B,Evolve M2
68:ab:a9:fc:1a:88,2026-08-04 03:47:46,E8X6iojo46RFyYc5zaAI4n7RYMR6jJXK,MVM783 - The Grandview at Las Vegas,3910B,Evolve M2
68:ab:a9:fb:fe:68,2026-08-04 03:47:46,E8X6iojo46RFyYc5zaAI4n7RYMR6jJXK,MVM783 - The Grandview at Las Vegas,1908A@B,Evolve M2
68:ab:a9:fb:c6:68,2026-08-04 03:47:46,E8X6iojo46RFyYc5zaAI4n7RYMR6jJXK,MVM783 - The Grandview at Las Vegas,2402B,Evolve M2
64:18:df:74:4e:c7,2026-08-04 03:47:45,E8X6iojo46RFyYc5zaAI4n7RYMR6jJXK,MVM783 - The Grandview at Las Vegas,41901A,Evolve M2
68:ab:a9:f8:d2:99,2026-08-04 03:47:45,E8X6iojo46RFyYc5zaAI4n7RYMR6jJXK,MVM783 - The Grandview at Las Vegas,2705A,Evolve M2
10:2b:aa:51:4f:8f,2026-08-04 03:47:45,E8X6iojo46RFyYc5zaAI4n7RYMR6jJXK,MVM783 - The Grandview at Las Vegas,5610B,Evolve M2
68:ab:a9:fc:8b:f1,2026-08-04 03:47:45,E8X6iojo46RFyYc5zaAI4n7RYMR6jJXK,MVM783 - The Grandview at Las Vegas,8404A,Evolve M2
10:2b:aa:51:6c:f0,2026-08-04 03:47:45,E8X6iojo46RFyYc5zaAI4n7RYMR6jJXK,MVM783 - The Grandview at Las Vegas,3503A,Evolve M2
10:2b:aa:51:68:c4,2026-08-04 03:47:45,E8X6iojo46RFyYc5zaAI4n7RYMR6jJXK,MVM783 - The Grandview at Las Vegas,6409A,Evolve M2
64:18:df:73:f5:be,2026-08-04 03:47:45,E8X6iojo46RFyYc5zaAI4n7RYMR6jJXK,MVM783 - The Grandview at Las Vegas,5503A,Evolve M2
64:18:df:74:28:b6,2026-08-04 03:47:45,E8X6iojo46RFyYc5zaAI4n7RYMR6jJXK,MVM783 - The Grandview at Las Vegas,6307A,Evolve M2
68:ab:a9:fe:ac:43,2026-08-04 03:47:45,E8X6iojo46RFyYc5zaAI4n7RYMR6jJXK,MVM783 - The Grandview at Las Vegas,6601B,Evolve M2
64:18:df:73:e0:7d,2026-08-04 03:47:45,E8X6iojo46RFyYc5zaAI4n7RYMR6jJXK,MVM783 - The Grandview at Las Vegas,6201B,Evolve M2
10:2b:aa:51:fb:3e,2026-08-04 03:47:44,E8X6iojo46RFyYc5zaAI4n7RYMR6jJXK,MVM783 - The Grandview at Las Vegas,1107B,Evolve M2
10:2b:aa:51:4c:f2,2026-08-04 03:47:44,E8X6iojo46RFyYc5zaAI4n7RYMR6jJXK,MVM783 - The Grandview at Las Vegas,61408A,Evolve M2
64:18:df:74:1d:31,2026-08-04 03:47:44,E8X6iojo46RFyYc5zaAI4n7RYMR6jJXK,MVM783 - The Grandview at Las Vegas,6405A,Evolve M2
10:2b:aa:51:66:cc,2026-08-04 03:47:44,E8X6iojo46RFyYc5zaAI4n7RYMR6jJXK,MVM783 - The Grandview at Las Vegas,51910A,Evolve M2
68:ab:a9:f8:9c:66,2026-08-04 03:47:44,E8X6iojo46RFyYc5zaAI4n7RYMR6jJXK,MVM783 - The Grandview at Las Vegas,2805B,Evolve M2
64:18:df:74:4d:cd,2026-08-04 03:47:43,E8X6iojo46RFyYc5zaAI4n7RYMR6jJXK,MVM783 - The Grandview at Las Vegas,4508A,Evolve M2
10:2b:aa:51:f7:48,2026-08-04 03:47:43,E8X6iojo46RFyYc5zaAI4n7RYMR6jJXK,MVM783 - The Grandview at Las Vegas,2705B,Evolve M2
10:2b:aa:51:60:84,2026-08-04 03:47:43,E8X6iojo46RFyYc5zaAI4n7RYMR6jJXK,MVM783 - The Grandview at Las Vegas,51709A,Evolve M2
10:2b:aa:51:f5:14,2026-08-04 03:47:43,E8X6iojo46RFyYc5zaAI4n7RYMR6jJXK,MVM783 - The Grandview at Las Vegas,11201A,Evolve M2
10:2b:aa:51:67:b9,2026-08-04 03:47:43,E8X6iojo46RFyYc5zaAI4n7RYMR6jJXK,MVM783 - The Grandview at Las Vegas,91201B,Evolve M2
10:2b:aa:51:5c:8b,2026-08-04 03:47:43,E8X6iojo46RFyYc5zaAI4n7RYMR6jJXK,MVM783 - The Grandview at Las Vegas,31201B,Evolve M2
68:ab:a9:fe:53:d5,2026-08-04 03:47:43,E8X6iojo46RFyYc5zaAI4n7RYMR6jJXK,MVM783 - The Grandview at Las Vegas,3105A,Evolve M2
68:ab:a9:fc:a2:c2,2026-08-04 03:47:42,E8X6iojo46RFyYc5zaAI4n7RYMR6jJXK,MVM783 - The Grandview at Las Vegas,2903A,Evolve M2
64:18:df:73:c6:0d,2026-08-04 03:47:42,E8X6iojo46RFyYc5zaAI4n7RYMR6jJXK,MVM783 - The Grandview at Las Vegas,4306A,Evolve M2
10:2b:aa:51:51:0c,2026-08-04 03:47:42,E8X6iojo46RFyYc5zaAI4n7RYMR6jJXK,MVM783 - The Grandview at Las Vegas,61802A,Evolve M2
68:ab:a9:fb:ec:1d,2026-08-04 03:47:41,E8X6iojo46RFyYc5zaAI4n7RYMR6jJXK,MVM783 - The Grandview at Las Vegas,3509A,Evolve M2
10:2b:aa:51:5f:df,2026-08-04 03:47:41,E8X6iojo46RFyYc5zaAI4n7RYMR6jJXK,MVM783 - The Grandview at Las Vegas,31008B,Evolve M2
10:2b:aa:51:f3:88,2026-08-04 03:47:41,E8X6iojo46RFyYc5zaAI4n7RYMR6jJXK,MVM783 - The Grandview at Las Vegas,11206B,Evolve M2
64:18:df:73:ab:7d,2026-08-04 03:47:41,E8X6iojo46RFyYc5zaAI4n7RYMR6jJXK,MVM783 - The Grandview at Las Vegas,8304A,Evolve M2
64:18:df:74:3a:2e,2026-08-04 03:47:41,E8X6iojo46RFyYc5zaAI4n7RYMR6jJXK,MVM783 - The Grandview at Las Vegas,5507B,Evolve M2
10:2b:aa:51:f8:8f,2026-08-04 03:47:41,E8X6iojo46RFyYc5zaAI4n7RYMR6jJXK,MVM783 - The Grandview at Las Vegas,2302A,Evolve M2
10:2b:aa:51:fe:7d,2026-08-04 03:47:40,E8X6iojo46RFyYc5zaAI4n7RYMR6jJXK,MVM783 - The Grandview at Las Vegas,2103B,Evolve M2
64:18:df:74:0d:87,2026-08-04 03:47:40,E8X6iojo46RFyYc5zaAI4n7RYMR6jJXK,MVM783 - The Grandview at Las Vegas,5909A,Evolve M2
10:2b:aa:51:50:79,2026-08-04 03:47:40,E8X6iojo46RFyYc5zaAI4n7RYMR6jJXK,MVM783 - The Grandview at Las Vegas,6108A,Evolve M2
64:18:df:73:ef:ef,2026-08-04 03:47:40,E8X6iojo46RFyYc5zaAI4n7RYMR6jJXK,MVM783 - The Grandview at Las Vegas,41505A,Evolve M2
10:2b:aa:51:60:66,2026-08-04 03:47:40,E8X6iojo46RFyYc5zaAI4n7RYMR6jJXK,MVM783 - The Grandview at Las Vegas,61110B,Evolve M2
68:ab:a9:fc:48:30,2026-08-04 03:47:40,E8X6iojo46RFyYc5zaAI4n7RYMR6jJXK,MVM783 - The Grandview at Las Vegas,21107B,Evolve M2
10:2b:aa:51:f7:84,2026-08-04 03:47:40,E8X6iojo46RFyYc5zaAI4n7RYMR6jJXK,MVM783 - The Grandview at Las Vegas,61601A,Evolve M2
64:18:df:74:60:68,2026-08-04 03:47:40,E8X6iojo46RFyYc5zaAI4n7RYMR6jJXK,MVM783 - The Grandview at Las Vegas,62004A,Evolve M2
68:ab:a9:fe:dc:b3,2026-08-04 03:47:39,E8X6iojo46RFyYc5zaAI4n7RYMR6jJXK,MVM783 - The Grandview at Las Vegas,4910B,Evolve M2
68:ab:a9:fc:8d:32,2026-08-04 03:47:39,E8X6iojo46RFyYc5zaAI4n7RYMR6jJXK,MVM783 - The Grandview at Las Vegas,2804B,Evolve M2
68:ab:a9:fb:46:b2,2026-08-04 03:47:39,E8X6iojo46RFyYc5zaAI4n7RYMR6jJXK,MVM783 - The Grandview at Las Vegas,52002B,Evolve M2
68:ab:a9:fe:93:86,2026-08-04 03:47:39,E8X6iojo46RFyYc5zaAI4n7RYMR6jJXK,MVM783 - The Grandview at Las Vegas,81103B,Evolve M2
68:ab:a9:f8:d3:ee,2026-08-04 03:47:38,E8X6iojo46RFyYc5zaAI4n7RYMR6jJXK,MVM783 - The Grandview at Las Vegas,1301A@B,Evolve M2
10:2b:aa:4f:fc:ef,2026-08-04 03:47:38,E8X6iojo46RFyYc5zaAI4n7RYMR6jJXK,MVM783 - The Grandview at Las Vegas,6201B,Evolve M2
68:ab:a9:fe:ec:5a,2026-08-04 03:47:38,E8X6iojo46RFyYc5zaAI4n7RYMR6jJXK,MVM783 - The Grandview at Las Vegas,11007A,Evolve M2
10:2b:aa:51:6b:ca,2026-08-04 03:47:38,E8X6iojo46RFyYc5zaAI4n7RYMR6jJXK,MVM783 - The Grandview at Las Vegas,6508B,Evolve M2
10:2b:aa:51:52:6e,2026-08-04 03:47:38,E8X6iojo46RFyYc5zaAI4n7RYMR6jJXK,MVM783 - The Grandview at Las Vegas,51807B,Evolve M2
10:2b:aa:51:54:ea,2026-08-04 03:47:38,E8X6iojo46RFyYc5zaAI4n7RYMR6jJXK,MVM783 - The Grandview at Las Vegas,61205A,Evolve M2
10:2b:aa:51:5a:f9,2026-08-04 03:47:38,E8X6iojo46RFyYc5zaAI4n7RYMR6jJXK,MVM783 - The Grandview at Las Vegas,81103A,Evolve M2
10:2b:aa:51:fb:0b,2026-08-04 03:47:37,E8X6iojo46RFyYc5zaAI4n7RYMR6jJXK,MVM783 - The Grandview at Las Vegas,1802B@L,Evolve M2
68:ab:a9:f7:c8:dc,2026-08-04 03:47:37,E8X6iojo46RFyYc5zaAI4n7RYMR6jJXK,MVM783 - The Grandview at Las Vegas,1808B@B,Evolve M2
10:2b:aa:51:56:97,2026-08-04 03:47:37,E8X6iojo46RFyYc5zaAI4n7RYMR6jJXK,MVM783 - The Grandview at Las Vegas,6706B,Evolve M2
64:18:df:74:32:89,2026-08-04 03:47:37,E8X6iojo46RFyYc5zaAI4n7RYMR6jJXK,MVM783 - The Grandview at Las Vegas,61906A,Evolve M2
64:18:df:74:90:67,2026-08-04 03:47:37,E8X6iojo46RFyYc5zaAI4n7RYMR6jJXK,MVM783 - The Grandview at Las Vegas,51909A,Evolve M2
10:2b:aa:51:66:6c,2026-08-04 03:47:37,E8X6iojo46RFyYc5zaAI4n7RYMR6jJXK,MVM783 - The Grandview at Las Vegas,61807A,Evolve M2
68:ab:a9:fc:80:e7,2026-08-04 03:47:37,E8X6iojo46RFyYc5zaAI4n7RYMR6jJXK,MVM783 - The Grandview at Las Vegas,9702A,Evolve M2
68:ab:a9:fc:13:ae,2026-08-04 03:47:37,E8X6iojo46RFyYc5zaAI4n7RYMR6jJXK,MVM783 - The Grandview at Las Vegas,1202A@B,Evolve M2
10:2b:aa:51:4f:1a,2026-08-04 03:47:37,E8X6iojo46RFyYc5zaAI4n7RYMR6jJXK,MVM783 - The Grandview at Las Vegas,1402B,Evolve M2
68:ab:a9:f9:4d:ff,2026-08-04 03:47:36,E8X6iojo46RFyYc5zaAI4n7RYMR6jJXK,MVM783 - The Grandview at Las Vegas,3208A,Evolve M2
68:ab:a9:fe:b1:23,2026-08-04 03:47:36,E8X6iojo46RFyYc5zaAI4n7RYMR6jJXK,MVM783 - The Grandview at Las Vegas,2308B,Evolve M2
10:2b:aa:51:64:92,2026-08-04 03:47:36,E8X6iojo46RFyYc5zaAI4n7RYMR6jJXK,MVM783 - The Grandview at Las Vegas,6505B,Evolve M2
68:ab:a9:fe:6f:68,2026-08-04 03:47:36,E8X6iojo46RFyYc5zaAI4n7RYMR6jJXK,MVM783 - The Grandview at Las Vegas,9505A,Evolve M2
68:ab:a9:fe:91:0d,2026-08-04 03:47:35,E8X6iojo46RFyYc5zaAI4n7RYMR6jJXK,MVM783 - The Grandview at Las Vegas,9406B,Evolve M2
64:18:df:73:cb:6d,2026-08-04 03:47:35,E8X6iojo46RFyYc5zaAI4n7RYMR6jJXK,MVM783 - The Grandview at Las Vegas,62109B,Evolve M2
64:18:df:74:2c:fc,2026-08-04 03:47:35,E8X6iojo46RFyYc5zaAI4n7RYMR6jJXK,MVM783 - The Grandview at Las Vegas,62110B,Evolve M2
68:ab:a9:fb:a2:a4,2026-08-04 03:47:35,E8X6iojo46RFyYc5zaAI4n7RYMR6jJXK,MVM783 - The Grandview at Las Vegas,3302A,Evolve M2
10:2b:aa:51:68:f4,2026-08-04 03:47:34,E8X6iojo46RFyYc5zaAI4n7RYMR6jJXK,MVM783 - The Grandview at Las Vegas,41504A,Evolve M2
10:2b:aa:51:f4:f0,2026-08-04 03:47:34,E8X6iojo46RFyYc5zaAI4n7RYMR6jJXK,MVM783 - The Grandview at Las Vegas,41408A,Evolve M2
10:2b:aa:51:5a:ed,2026-08-04 03:47:34,E8X6iojo46RFyYc5zaAI4n7RYMR6jJXK,MVM783 - The Grandview at Las Vegas,9509B,Evolve M2
68:ab:a9:fc:55:a9,2026-08-04 03:47:33,E8X6iojo46RFyYc5zaAI4n7RYMR6jJXK,MVM783 - The Grandview at Las Vegas,1508A,Evolve M2
10:2b:aa:51:fb:ef,2026-08-04 03:47:33,E8X6iojo46RFyYc5zaAI4n7RYMR6jJXK,MVM783 - The Grandview at Las Vegas,8303B,Evolve M2
10:2b:aa:51:4e:24,2026-08-04 03:47:33,E8X6iojo46RFyYc5zaAI4n7RYMR6jJXK,MVM783 - The Grandview at Las Vegas,51201B,Evolve M2
68:ab:a9:f8:e6:fb,2026-08-04 03:47:33,E8X6iojo46RFyYc5zaAI4n7RYMR6jJXK,MVM783 - The Grandview at Las Vegas,1904A@L,Evolve M2
68:ab:a9:fc:35:cb,2026-08-04 03:47:33,E8X6iojo46RFyYc5zaAI4n7RYMR6jJXK,MVM783 - The Grandview at Las Vegas,21205B,Evolve M2
10:2b:aa:51:51:1b,2026-08-04 03:47:33,E8X6iojo46RFyYc5zaAI4n7RYMR6jJXK,MVM783 - The Grandview at Las Vegas,51407B,Evolve M2
68:ab:a9:fe:5c:6f,2026-08-04 03:47:33,E8X6iojo46RFyYc5zaAI4n7RYMR6jJXK,MVM783 - The Grandview at Las Vegas,51607A,Evolve M2
64:18:df:74:01:67,2026-08-04 03:47:33,E8X6iojo46RFyYc5zaAI4n7RYMR6jJXK,MVM783 - The Grandview at Las Vegas,31007A,Evolve M2
10:2b:aa:51:4a:43,2026-08-04 03:47:32,E8X6iojo46RFyYc5zaAI4n7RYMR6jJXK,MVM783 - The Grandview at Las Vegas,5502B,Evolve M2
10:2b:aa:51:f8:35,2026-08-04 03:47:32,E8X6iojo46RFyYc5zaAI4n7RYMR6jJXK,MVM783 - The Grandview at Las Vegas,2406A,Evolve M2
68:ab:a9:fc:48:3c,2026-08-04 03:47:32,E8X6iojo46RFyYc5zaAI4n7RYMR6jJXK,MVM783 - The Grandview at Las Vegas,1807B@L,Evolve M2
10:2b:aa:51:65:76,2026-08-04 03:47:32,E8X6iojo46RFyYc5zaAI4n7RYMR6jJXK,MVM783 - The Grandview at Las Vegas,3707B,Evolve M2
10:2b:aa:51:f7:f9,2026-08-04 03:47:32,E8X6iojo46RFyYc5zaAI4n7RYMR6jJXK,MVM783 - The Grandview at Las Vegas,2301B,Evolve M2
68:ab:a9:f8:c7:ae,2026-08-04 03:47:31,E8X6iojo46RFyYc5zaAI4n7RYMR6jJXK,MVM783 - The Grandview at Las Vegas,1205B,Evolve M2
68:ab:a9:fe:f0:6b,2026-08-04 03:47:30,E8X6iojo46RFyYc5zaAI4n7RYMR6jJXK,MVM783 - The Grandview at Las Vegas,1706A@L,Evolve M2
68:ab:a9:fe:a5:01,2026-08-04 03:47:30,E8X6iojo46RFyYc5zaAI4n7RYMR6jJXK,MVM783 - The Grandview at Las Vegas,41203A,Evolve M2
68:ab:a9:f8:6f:72,2026-08-04 03:47:30,E8X6iojo46RFyYc5zaAI4n7RYMR6jJXK,MVM783 - The Grandview at Las Vegas,1308A@L,Evolve M2
10:2b:aa:51:5f:01,2026-08-04 03:47:30,E8X6iojo46RFyYc5zaAI4n7RYMR6jJXK,MVM783 - The Grandview at Las Vegas,5702A,Evolve M2
68:ab:a9:fe:a2:b2,2026-08-04 03:47:30,E8X6iojo46RFyYc5zaAI4n7RYMR6jJXK,MVM783 - The Grandview at Las Vegas,4103A,Evolve M2
10:2b:aa:51:51:39,2026-08-04 03:47:29,E8X6iojo46RFyYc5zaAI4n7RYMR6jJXK,MVM783 - The Grandview at Las Vegas,51202A,Evolve M2
68:ab:a9:f8:f1:3a,2026-08-04 03:47:29,E8X6iojo46RFyYc5zaAI4n7RYMR6jJXK,MVM783 - The Grandview at Las Vegas,8502B,Evolve M2
64:18:df:73:f9:7a,2026-08-04 03:47:29,E8X6iojo46RFyYc5zaAI4n7RYMR6jJXK,MVM783 - The Grandview at Las Vegas,61005A,Evolve M2
68:ab:a9:fe:ad:6d,2026-08-04 03:47:29,E8X6iojo46RFyYc5zaAI4n7RYMR6jJXK,MVM783 - The Grandview at Las Vegas,1807B@B,Evolve M2
68:ab:a9:fc:24:d1,2026-08-04 03:47:29,E8X6iojo46RFyYc5zaAI4n7RYMR6jJXK,MVM783 - The Grandview at Las Vegas,31005B,Evolve M2
10:2b:aa:51:58:fb,2026-08-04 03:47:29,E8X6iojo46RFyYc5zaAI4n7RYMR6jJXK,MVM783 - The Grandview at Las Vegas,6909B,Evolve M2
64:18:df:74:5f:54,2026-08-04 03:47:29,E8X6iojo46RFyYc5zaAI4n7RYMR6jJXK,MVM783 - The Grandview at Las Vegas,6207A,Evolve M2
10:2b:aa:51:49:98,2026-08-04 03:47:29,E8X6iojo46RFyYc5zaAI4n7RYMR6jJXK,MVM783 - The Grandview at Las Vegas,9905B,Evolve M2
68:ab:a9:fc:47:b6,2026-08-04 03:47:28,E8X6iojo46RFyYc5zaAI4n7RYMR6jJXK,MVM783 - The Grandview at Las Vegas,1205A,Evolve M2
68:ab:a9:ff:1c:0d,2026-08-04 03:47:28,E8X6iojo46RFyYc5zaAI4n7RYMR6jJXK,MVM783 - The Grandview at Las Vegas,8805A,Evolve M2
10:2b:aa:51:63:63,2026-08-04 03:47:28,E8X6iojo46RFyYc5zaAI4n7RYMR6jJXK,MVM783 - The Grandview at Las Vegas,3705B,Evolve M2
68:ab:a9:fe:94:4a,2026-08-04 03:47:28,E8X6iojo46RFyYc5zaAI4n7RYMR6jJXK,MVM783 - The Grandview at Las Vegas,9408B,Evolve M2
68:ab:a9:fc:27:c3,2026-08-04 03:47:28,E8X6iojo46RFyYc5zaAI4n7RYMR6jJXK,MVM783 - The Grandview at Las Vegas,31005A,Evolve M2
10:2b:aa:52:65:61,2026-08-04 03:47:28,E8X6iojo46RFyYc5zaAI4n7RYMR6jJXK,MVM783 - The Grandview at Las Vegas,2603B,Evolve M2
10:2b:aa:51:51:fc,2026-08-04 03:47:28,E8X6iojo46RFyYc5zaAI4n7RYMR6jJXK,MVM783 - The Grandview at Las Vegas,51010A,Evolve M2
68:ab:a9:fc:08:ac,2026-08-04 03:47:27,E8X6iojo46RFyYc5zaAI4n7RYMR6jJXK,MVM783 - The Grandview at Las Vegas,2407A,Evolve M2
68:ab:a9:fe:96:d8,2026-08-04 03:47:27,E8X6iojo46RFyYc5zaAI4n7RYMR6jJXK,MVM783 - The Grandview at Las Vegas,6808B,Evolve M2
64:18:df:73:f7:4a,2026-08-04 03:47:27,E8X6iojo46RFyYc5zaAI4n7RYMR6jJXK,MVM783 - The Grandview at Las Vegas,41409A,Evolve M2
68:ab:a9:f8:54:f5,2026-08-04 03:47:27,E8X6iojo46RFyYc5zaAI4n7RYMR6jJXK,MVM783 - The Grandview at Las Vegas,3206B,Evolve M2
64:18:df:73:e6:62,2026-08-04 03:47:26,E8X6iojo46RFyYc5zaAI4n7RYMR6jJXK,MVM783 - The Grandview at Las Vegas,61401A,Evolve M2
10:2b:aa:51:67:3b,2026-08-04 03:47:26,E8X6iojo46RFyYc5zaAI4n7RYMR6jJXK,MVM783 - The Grandview at Las Vegas,51902B,Evolve M2
68:ab:a9:fc:44:3d,2026-08-04 03:47:26,E8X6iojo46RFyYc5zaAI4n7RYMR6jJXK,MVM783 - The Grandview at Las Vegas,31006A,Evolve M2
10:2b:aa:51:fe:ce,2026-08-04 03:47:25,E8X6iojo46RFyYc5zaAI4n7RYMR6jJXK,MVM783 - The Grandview at Las Vegas,1904B,Evolve M2
64:18:df:74:57:59,2026-08-04 03:47:25,E8X6iojo46RFyYc5zaAI4n7RYMR6jJXK,MVM783 - The Grandview at Las Vegas,52007A,Evolve M2
64:18:df:74:58:5b,2026-08-04 03:47:25,E8X6iojo46RFyYc5zaAI4n7RYMR6jJXK,MVM783 - The Grandview at Las Vegas,6208A,Evolve M2
68:ab:a9:fc:0a:d8,2026-08-04 03:47:25,E8X6iojo46RFyYc5zaAI4n7RYMR6jJXK,MVM783 - The Grandview at Las Vegas,1407B@L,Evolve M2
68:ab:a9:f8:e5:50,2026-08-04 03:47:24,E8X6iojo46RFyYc5zaAI4n7RYMR6jJXK,MVM783 - The Grandview at Las Vegas,1903A,Evolve M2
64:18:df:74:02:f7,2026-08-04 03:47:24,E8X6iojo46RFyYc5zaAI4n7RYMR6jJXK,MVM783 - The Grandview at Las Vegas,5507B,Evolve M2
10:2b:aa:51:6b:c1,2026-08-04 03:47:24,E8X6iojo46RFyYc5zaAI4n7RYMR6jJXK,MVM783 - The Grandview at Las Vegas,4809B,Evolve M2
10:2b:aa:51:5b:53,2026-08-04 03:47:24,E8X6iojo46RFyYc5zaAI4n7RYMR6jJXK,MVM783 - The Grandview at Las Vegas,6801A,Evolve M2
68:ab:a9:f7:c4:64,2026-08-04 03:47:23,E8X6iojo46RFyYc5zaAI4n7RYMR6jJXK,MVM783 - The Grandview at Las Vegas,2107A,Evolve M2
10:2b:aa:51:f6:19,2026-08-04 03:47:23,E8X6iojo46RFyYc5zaAI4n7RYMR6jJXK,MVM783 - The Grandview at Las Vegas,9410B,Evolve M2
68:ab:a9:fb:d9:57,2026-08-04 03:47:23,E8X6iojo46RFyYc5zaAI4n7RYMR6jJXK,MVM783 - The Grandview at Las Vegas,1305B@B,Evolve M2
68:ab:a9:fe:c1:40,2026-08-04 03:47:23,E8X6iojo46RFyYc5zaAI4n7RYMR6jJXK,MVM783 - The Grandview at Las Vegas,81204B,Evolve M2
10:2b:aa:52:64:f5,2026-08-04 03:47:23,E8X6iojo46RFyYc5zaAI4n7RYMR6jJXK,MVM783 - The Grandview at Las Vegas,2602B,Evolve M2
68:ab:a9:fe:f9:e0,2026-08-04 03:47:23,E8X6iojo46RFyYc5zaAI4n7RYMR6jJXK,MVM783 - The Grandview at Las Vegas,6709A,Evolve M2
10:2b:aa:51:fc:cd,2026-08-04 03:47:23,E8X6iojo46RFyYc5zaAI4n7RYMR6jJXK,MVM783 - The Grandview at Las Vegas,2307A,Evolve M2
64:18:df:73:fc:e2,2026-08-04 03:47:22,E8X6iojo46RFyYc5zaAI4n7RYMR6jJXK,MVM783 - The Grandview at Las Vegas,52004A,Evolve M2
68:ab:a9:fe:b0:90,2026-08-04 03:47:22,E8X6iojo46RFyYc5zaAI4n7RYMR6jJXK,MVM783 - The Grandview at Las Vegas,4910A,Evolve M2
10:2b:aa:51:f8:a1,2026-08-04 03:47:22,E8X6iojo46RFyYc5zaAI4n7RYMR6jJXK,MVM783 - The Grandview at Las Vegas,2303A,Evolve M2
10:2b:aa:51:65:c1,2026-08-04 03:47:22,E8X6iojo46RFyYc5zaAI4n7RYMR6jJXK,MVM783 - The Grandview at Las Vegas,41108A,Evolve M2
68:ab:a9:fe:2d:59,2026-08-04 03:47:22,E8X6iojo46RFyYc5zaAI4n7RYMR6jJXK,MVM783 - The Grandview at Las Vegas,41001B,Evolve M2
10:2b:aa:51:fa:a8,2026-08-04 03:47:22,E8X6iojo46RFyYc5zaAI4n7RYMR6jJXK,MVM783 - The Grandview at Las Vegas,2403B,Evolve M2
10:2b:aa:51:52:32,2026-08-04 03:47:22,E8X6iojo46RFyYc5zaAI4n7RYMR6jJXK,MVM783 - The Grandview at Las Vegas,41110B,Evolve M2
68:ab:a9:fb:4e:be,2026-08-04 03:47:22,E8X6iojo46RFyYc5zaAI4n7RYMR6jJXK,MVM783 - The Grandview at Las Vegas,3510B,Evolve M2
10:2b:aa:51:60:2d,2026-08-04 03:47:22,E8X6iojo46RFyYc5zaAI4n7RYMR6jJXK,MVM783 - The Grandview at Las Vegas,4804B,Evolve M2
68:ab:a9:f7:dc:44,2026-08-04 03:47:21,E8X6iojo46RFyYc5zaAI4n7RYMR6jJXK,MVM783 - The Grandview at Las Vegas,3210A,Evolve M2
64:18:df:74:83:4c,2026-08-04 03:47:21,E8X6iojo46RFyYc5zaAI4n7RYMR6jJXK,MVM783 - The Grandview at Las Vegas,51903B,Evolve M2
68:ab:a9:fc:97:f8,2026-08-04 03:47:21,E8X6iojo46RFyYc5zaAI4n7RYMR6jJXK,MVM783 - The Grandview at Las Vegas,1906A@B,Evolve M2
10:2b:aa:51:fd:ea,2026-08-04 03:47:21,E8X6iojo46RFyYc5zaAI4n7RYMR6jJXK,MVM783 - The Grandview at Las Vegas,8108A,Evolve M2
10:2b:aa:51:fb:fe,2026-08-04 03:47:20,E8X6iojo46RFyYc5zaAI4n7RYMR6jJXK,MVM783 - The Grandview at Las Vegas,21001B,Evolve M2
68:ab:a9:fe:f7:df,2026-08-04 03:47:20,E8X6iojo46RFyYc5zaAI4n7RYMR6jJXK,MVM783 - The Grandview at Las Vegas,41003A,Evolve M2
10:2b:aa:51:f7:2d,2026-08-04 03:47:20,E8X6iojo46RFyYc5zaAI4n7RYMR6jJXK,MVM783 - The Grandview at Las Vegas,8606B,Evolve M2
10:2b:aa:50:be:fc,2026-08-04 03:47:20,E8X6iojo46RFyYc5zaAI4n7RYMR6jJXK,MVM783 - The Grandview at Las Vegas,4709B,Evolve M2
10:2b:aa:51:56:43,2026-08-04 03:47:20,E8X6iojo46RFyYc5zaAI4n7RYMR6jJXK,MVM783 - The Grandview at Las Vegas,61902A,Evolve M2
68:ab:a9:fe:06:88,2026-08-04 03:47:19,E8X6iojo46RFyYc5zaAI4n7RYMR6jJXK,MVM783 - The Grandview at Las Vegas,41401B,Evolve M2
68:ab:a9:fc:2d:da,2026-08-04 03:47:19,E8X6iojo46RFyYc5zaAI4n7RYMR6jJXK,MVM783 - The Grandview at Las Vegas,2703A,Evolve M2
68:ab:a9:fe:a7:bf,2026-08-04 03:47:19,E8X6iojo46RFyYc5zaAI4n7RYMR6jJXK,MVM783 - The Grandview at Las Vegas,9103B,Evolve M2
68:ab:a9:ff:1c:53,2026-08-04 03:47:19,E8X6iojo46RFyYc5zaAI4n7RYMR6jJXK,MVM783 - The Grandview at Las Vegas,4408A,Evolve M2
10:2b:aa:51:61:e9,2026-08-04 03:47:19,E8X6iojo46RFyYc5zaAI4n7RYMR6jJXK,MVM783 - The Grandview at Las Vegas,4110B,Evolve M2
10:2b:aa:51:6c:27,2026-08-04 03:47:19,E8X6iojo46RFyYc5zaAI4n7RYMR6jJXK,MVM783 - The Grandview at Las Vegas,6503A,Evolve M2
10:2b:aa:51:63:cf,2026-08-04 03:47:19,E8X6iojo46RFyYc5zaAI4n7RYMR6jJXK,MVM783 - The Grandview at Las Vegas,6505B,Evolve M2
10:2b:aa:51:57:9f,2026-08-04 03:47:19,E8X6iojo46RFyYc5zaAI4n7RYMR6jJXK,MVM783 - The Grandview at Las Vegas,61904A,Evolve M2
68:ab:a9:fc:3b:5c,2026-08-04 03:47:18,E8X6iojo46RFyYc5zaAI4n7RYMR6jJXK,MVM783 - The Grandview at Las Vegas,1103B,Evolve M2
10:2b:aa:52:65:a3,2026-08-04 03:47:18,E8X6iojo46RFyYc5zaAI4n7RYMR6jJXK,MVM783 - The Grandview at Las Vegas,2505B,Evolve M2
10:2b:aa:51:f6:fd,2026-08-04 03:47:18,E8X6iojo46RFyYc5zaAI4n7RYMR6jJXK,MVM783 - The Grandview at Las Vegas,8704A,Evolve M2
10:2b:aa:50:be:cc,2026-08-04 03:47:18,E8X6iojo46RFyYc5zaAI4n7RYMR6jJXK,MVM783 - The Grandview at Las Vegas,51009B,Evolve M2
10:2b:aa:51:58:95,2026-08-04 03:47:17,E8X6iojo46RFyYc5zaAI4n7RYMR6jJXK,MVM783 - The Grandview at Las Vegas,5810A,Evolve M2
10:2b:aa:51:54:75,2026-08-04 03:47:17,E8X6iojo46RFyYc5zaAI4n7RYMR6jJXK,MVM783 - The Grandview at Las Vegas,61205A,Evolve M2
10:2b:aa:51:6a:38,2026-08-04 03:47:17,E8X6iojo46RFyYc5zaAI4n7RYMR6jJXK,MVM783 - The Grandview at Las Vegas,41403B,Evolve M2
68:ab:a9:ff:04:fa,2026-08-04 03:47:17,E8X6iojo46RFyYc5zaAI4n7RYMR6jJXK,MVM783 - The Grandview at Las Vegas,2708A,Evolve M2
10:2b:aa:51:64:35,2026-08-04 03:47:17,E8X6iojo46RFyYc5zaAI4n7RYMR6jJXK,MVM783 - The Grandview at Las Vegas,6505A,Evolve M2
10:2b:aa:51:fb:c8,2026-08-04 03:47:16,E8X6iojo46RFyYc5zaAI4n7RYMR6jJXK,MVM783 - The Grandview at Las Vegas,4507A,Evolve M2
68:ab:a9:fe:a8:a7,2026-08-04 03:47:16,E8X6iojo46RFyYc5zaAI4n7RYMR6jJXK,MVM783 - The Grandview at Las Vegas,3703A,Evolve M2
68:ab:a9:fe:bf:6b,2026-08-04 03:47:16,E8X6iojo46RFyYc5zaAI4n7RYMR6jJXK,MVM783 - The Grandview at Las Vegas,8506A,Evolve M2
64:18:df:73:be:d1,2026-08-04 03:47:16,E8X6iojo46RFyYc5zaAI4n7RYMR6jJXK,MVM783 - The Grandview at Las Vegas,EVOLVE 2,Evolve M2
64:18:df:74:4b:ee,2026-08-04 03:47:16,E8X6iojo46RFyYc5zaAI4n7RYMR6jJXK,MVM783 - The Grandview at Las Vegas,61501B,Evolve M2
10:2b:aa:51:4b:e1,2026-08-04 03:47:16,E8X6iojo46RFyYc5zaAI4n7RYMR6jJXK,MVM783 - The Grandview at Las Vegas,61707B,Evolve M2
10:2b:aa:51:52:8f,2026-08-04 03:47:15,E8X6iojo46RFyYc5zaAI4n7RYMR6jJXK,MVM783 - The Grandview at Las Vegas,51006B,Evolve M2
10:2b:aa:51:6c:21,2026-08-04 03:47:15,E8X6iojo46RFyYc5zaAI4n7RYMR6jJXK,MVM783 - The Grandview at Las Vegas,4804A,Evolve M2
10:2b:aa:51:f6:49,2026-08-04 03:47:15,E8X6iojo46RFyYc5zaAI4n7RYMR6jJXK,MVM783 - The Grandview at Las Vegas,2604B,Evolve M2
10:2b:aa:51:4f:6b,2026-08-04 03:47:14,E8X6iojo46RFyYc5zaAI4n7RYMR6jJXK,MVM783 - The Grandview at Las Vegas,5609A,Evolve M2
64:18:df:73:fc:42,2026-08-04 03:47:14,E8X6iojo46RFyYc5zaAI4n7RYMR6jJXK,MVM783 - The Grandview at Las Vegas,3805A,Evolve M2
10:2b:aa:51:6c:ba,2026-08-04 03:47:14,E8X6iojo46RFyYc5zaAI4n7RYMR6jJXK,MVM783 - The Grandview at Las Vegas,3606B,Evolve M2
68:ab:a9:f9:4a:6a,2026-08-04 03:47:13,E8X6iojo46RFyYc5zaAI4n7RYMR6jJXK,MVM783 - The Grandview at Las Vegas,8307A,Evolve M2
64:18:df:74:28:e3,2026-08-04 03:47:13,E8X6iojo46RFyYc5zaAI4n7RYMR6jJXK,MVM783 - The Grandview at Las Vegas,41706A,Evolve M2
10:2b:aa:51:5a:87,2026-08-04 03:47:13,E8X6iojo46RFyYc5zaAI4n7RYMR6jJXK,MVM783 - The Grandview at Las Vegas,4204A,Evolve M2
64:18:df:74:3c:39,2026-08-04 03:47:13,E8X6iojo46RFyYc5zaAI4n7RYMR6jJXK,MVM783 - The Grandview at Las Vegas,62107A,Evolve M2
64:18:df:74:5d:92,2026-08-04 03:47:13,E8X6iojo46RFyYc5zaAI4n7RYMR6jJXK,MVM783 - The Grandview at Las Vegas,51902B,Evolve M2
64:18:df:73:e2:30,2026-08-04 03:47:13,E8X6iojo46RFyYc5zaAI4n7RYMR6jJXK,MVM783 - The Grandview at Las Vegas,41801A,Evolve M2
10:2b:aa:51:4a:82,2026-08-04 03:47:12,E8X6iojo46RFyYc5zaAI4n7RYMR6jJXK,MVM783 - The Grandview at Las Vegas,3803A,Evolve M2
68:ab:a9:fe:b7:c5,2026-08-04 03:47:12,E8X6iojo46RFyYc5zaAI4n7RYMR6jJXK,MVM783 - The Grandview at Las Vegas,41203A,Evolve M2
68:ab:a9:fe:55:df,2026-08-04 03:47:11,E8X6iojo46RFyYc5zaAI4n7RYMR6jJXK,MVM783 - The Grandview at Las Vegas,8901B,Evolve M2
10:2b:aa:51:f3:f4,2026-08-04 03:47:11,E8X6iojo46RFyYc5zaAI4n7RYMR6jJXK,MVM783 - The Grandview at Las Vegas,31104A,Evolve M2
10:2b:aa:51:67:b6,2026-08-04 03:47:11,E8X6iojo46RFyYc5zaAI4n7RYMR6jJXK,MVM783 - The Grandview at Las Vegas,41805A,Evolve M2
10:2b:aa:51:53:a0,2026-08-04 03:47:11,E8X6iojo46RFyYc5zaAI4n7RYMR6jJXK,MVM783 - The Grandview at Las Vegas,5504B,Evolve M2
64:18:df:74:30:b1,2026-08-04 03:47:10,E8X6iojo46RFyYc5zaAI4n7RYMR6jJXK,MVM783 - The Grandview at Las Vegas,41905A,Evolve M2
10:2b:aa:51:67:5c,2026-08-04 03:47:10,E8X6iojo46RFyYc5zaAI4n7RYMR6jJXK,MVM783 - The Grandview at Las Vegas,4605A,Evolve M2
68:ab:a9:fc:23:ed,2026-08-04 03:47:10,E8X6iojo46RFyYc5zaAI4n7RYMR6jJXK,MVM783 - The Grandview at Las Vegas,2207B,Evolve M2
68:ab:a9:f8:f2:1c,2026-08-04 03:47:10,E8X6iojo46RFyYc5zaAI4n7RYMR6jJXK,MVM783 - The Grandview at Las Vegas,1605B,Evolve M2
10:2b:aa:50:c3:40,2026-08-04 03:47:10,E8X6iojo46RFyYc5zaAI4n7RYMR6jJXK,MVM783 - The Grandview at Las Vegas,51104A,Evolve M2
64:18:df:74:14:3c,2026-08-04 03:47:10,E8X6iojo46RFyYc5zaAI4n7RYMR6jJXK,MVM783 - The Grandview at Las Vegas,52110B,Evolve M2
10:2b:aa:51:5e:08,2026-08-04 03:47:09,E8X6iojo46RFyYc5zaAI4n7RYMR6jJXK,MVM783 - The Grandview at Las Vegas,8804B,Evolve M2
68:ab:a9:fe:aa:77,2026-08-04 03:47:09,E8X6iojo46RFyYc5zaAI4n7RYMR6jJXK,MVM783 - The Grandview at Las Vegas,1803A@L,Evolve M2
10:2b:aa:51:61:29,2026-08-04 03:47:09,E8X6iojo46RFyYc5zaAI4n7RYMR6jJXK,MVM783 - The Grandview at Las Vegas,4101B,Evolve M2
64:18:df:73:e3:35,2026-08-04 03:47:09,E8X6iojo46RFyYc5zaAI4n7RYMR6jJXK,MVM783 - The Grandview at Las Vegas,51701A,Evolve M2
68:ab:a9:fe:45:74,2026-08-04 03:47:09,E8X6iojo46RFyYc5zaAI4n7RYMR6jJXK,MVM783 - The Grandview at Las Vegas,61102B,Evolve M2
64:18:df:74:4e:52,2026-08-04 03:47:08,E8X6iojo46RFyYc5zaAI4n7RYMR6jJXK,MVM783 - The Grandview at Las Vegas,41902B,Evolve M2
68:ab:a9:fc:94:8c,2026-08-04 03:47:08,E8X6iojo46RFyYc5zaAI4n7RYMR6jJXK,MVM783 - The Grandview at Las Vegas,1902A@B,Evolve M2
68:ab:a9:fc:4a:bd,2026-08-04 03:47:08,E8X6iojo46RFyYc5zaAI4n7RYMR6jJXK,MVM783 - The Grandview at Las Vegas,1508A,Evolve M2
64:18:df:73:be:f5,2026-08-04 03:47:08,E8X6iojo46RFyYc5zaAI4n7RYMR6jJXK,MVM783 - The Grandview at Las Vegas,4304B,Evolve M2
10:2b:aa:51:fb:32,2026-08-04 03:47:08,E8X6iojo46RFyYc5zaAI4n7RYMR6jJXK,MVM783 - The Grandview at Las Vegas,2303B,Evolve M2
68:ab:a9:fe:83:2d,2026-08-04 03:47:08,E8X6iojo46RFyYc5zaAI4n7RYMR6jJXK,MVM783 - The Grandview at Las Vegas,21104B,Evolve M2
68:ab:a9:fe:e6:a9,2026-08-04 03:47:08,E8X6iojo46RFyYc5zaAI4n7RYMR6jJXK,MVM783 - The Grandview at Las Vegas,41009B,Evolve M2
64:18:df:73:e2:ea,2026-08-04 03:47:08,E8X6iojo46RFyYc5zaAI4n7RYMR6jJXK,MVM783 - The Grandview at Las Vegas,4406A,Evolve M2
10:2b:aa:51:64:a4,2026-08-04 03:47:07,E8X6iojo46RFyYc5zaAI4n7RYMR6jJXK,MVM783 - The Grandview at Las Vegas,6507B,Evolve M2
10:2b:aa:52:65:d0,2026-08-04 03:47:07,E8X6iojo46RFyYc5zaAI4n7RYMR6jJXK,MVM783 - The Grandview at Las Vegas,11106B,Evolve M2
68:ab:a9:f8:56:f0,2026-08-04 03:47:07,E8X6iojo46RFyYc5zaAI4n7RYMR6jJXK,MVM783 - The Grandview at Las Vegas,1202B@L,Evolve M2
68:ab:a9:fe:38:78,2026-08-04 03:47:07,E8X6iojo46RFyYc5zaAI4n7RYMR6jJXK,MVM783 - The Grandview at Las Vegas,51410A,Evolve M2
10:2b:aa:51:57:f6,2026-08-04 03:47:07,E8X6iojo46RFyYc5zaAI4n7RYMR6jJXK,MVM783 - The Grandview at Las Vegas,6102B,Evolve M2
68:ab:a9:f7:e7:08,2026-08-04 03:47:07,E8X6iojo46RFyYc5zaAI4n7RYMR6jJXK,MVM783 - The Grandview at Las Vegas,8401B,Evolve M2
10:2b:aa:51:6d:32,2026-08-04 03:47:07,E8X6iojo46RFyYc5zaAI4n7RYMR6jJXK,MVM783 - The Grandview at Las Vegas,91008A,Evolve M2
10:2b:aa:51:55:32,2026-08-04 03:47:06,E8X6iojo46RFyYc5zaAI4n7RYMR6jJXK,MVM783 - The Grandview at Las Vegas,5705A,Evolve M2
68:ab:a9:fb:ac:06,2026-08-04 03:47:06,E8X6iojo46RFyYc5zaAI4n7RYMR6jJXK,MVM783 - The Grandview at Las Vegas,101A,Evolve M2
10:2b:aa:52:65:55,2026-08-04 03:47:06,E8X6iojo46RFyYc5zaAI4n7RYMR6jJXK,MVM783 - The Grandview at Las Vegas,2508B,Evolve M2
68:ab:a9:f8:22:27,2026-08-04 03:47:06,E8X6iojo46RFyYc5zaAI4n7RYMR6jJXK,MVM783 - The Grandview at Las Vegas,11101A,Evolve M2
64:18:df:73:e8:e4,2026-08-04 03:47:06,E8X6iojo46RFyYc5zaAI4n7RYMR6jJXK,MVM783 - The Grandview at Las Vegas,61103A,Evolve M2
64:18:df:73:f9:02,2026-08-04 03:47:05,E8X6iojo46RFyYc5zaAI4n7RYMR6jJXK,MVM783 - The Grandview at Las Vegas,4408B,Evolve M2
64:18:df:74:10:7e,2026-08-04 03:47:05,E8X6iojo46RFyYc5zaAI4n7RYMR6jJXK,MVM783 - The Grandview at Las Vegas,6103B,Evolve M2
64:18:df:74:5f:cd,2026-08-04 03:47:05,E8X6iojo46RFyYc5zaAI4n7RYMR6jJXK,MVM783 - The Grandview at Las Vegas,6903B,Evolve M2
68:ab:a9:fe:51:1d,2026-08-04 03:47:05,E8X6iojo46RFyYc5zaAI4n7RYMR6jJXK,MVM783 - The Grandview at Las Vegas,8901B,Evolve M2
10:2b:aa:52:65:94,2026-08-04 03:47:05,E8X6iojo46RFyYc5zaAI4n7RYMR6jJXK,MVM783 - The Grandview at Las Vegas,2504A,Evolve M2
10:2b:aa:51:5f:9a,2026-08-04 03:47:05,E8X6iojo46RFyYc5zaAI4n7RYMR6jJXK,MVM783 - The Grandview at Las Vegas,3605A,Evolve M2
10:2b:aa:51:54:1e,2026-08-04 03:47:05,E8X6iojo46RFyYc5zaAI4n7RYMR6jJXK,MVM783 - The Grandview at Las Vegas,3808B,Evolve M2
68:ab:a9:fb:e2:9d,2026-08-04 03:47:05,E8X6iojo46RFyYc5zaAI4n7RYMR6jJXK,MVM783 - The Grandview at Las Vegas,1303A@B,Evolve M2
68:ab:a9:fe:fc:65,2026-08-04 03:47:04,E8X6iojo46RFyYc5zaAI4n7RYMR6jJXK,MVM783 - The Grandview at Las Vegas,41204A,Evolve M2
10:2b:aa:50:c2:b6,2026-08-04 03:47:04,E8X6iojo46RFyYc5zaAI4n7RYMR6jJXK,MVM783 - The Grandview at Las Vegas,51109B,Evolve M2
10:2b:aa:51:f9:6a,2026-08-04 03:47:04,E8X6iojo46RFyYc5zaAI4n7RYMR6jJXK,MVM783 - The Grandview at Las Vegas,81102A,Evolve M2
10:2b:aa:51:f5:da,2026-08-04 03:47:03,E8X6iojo46RFyYc5zaAI4n7RYMR6jJXK,MVM783 - The Grandview at Las Vegas,9207B,Evolve M2
68:ab:a9:fe:ca:b6,2026-08-04 03:47:03,E8X6iojo46RFyYc5zaAI4n7RYMR6jJXK,MVM783 - The Grandview at Las Vegas,81104B,Evolve M2
68:ab:a9:ff:0c:3d,2026-08-04 03:47:03,E8X6iojo46RFyYc5zaAI4n7RYMR6jJXK,MVM783 - The Grandview at Las Vegas,21008A,Evolve M2
68:ab:a9:fb:05:d2,2026-08-04 03:47:02,E8X6iojo46RFyYc5zaAI4n7RYMR6jJXK,MVM783 - The Grandview at Las Vegas,3606A,Evolve M2
68:ab:a9:fc:11:dc,2026-08-04 03:47:02,E8X6iojo46RFyYc5zaAI4n7RYMR6jJXK,MVM783 - The Grandview at Las Vegas,3905B,Evolve M2
64:18:df:73:c1:44,2026-08-04 03:47:02,E8X6iojo46RFyYc5zaAI4n7RYMR6jJXK,MVM783 - The Grandview at Las Vegas,91205B,Evolve M2
10:2b:aa:51:69:39,2026-08-04 03:47:02,E8X6iojo46RFyYc5zaAI4n7RYMR6jJXK,MVM783 - The Grandview at Las Vegas,51005B,Evolve M2
68:ab:a9:fe:f5:fe,2026-08-04 03:47:02,E8X6iojo46RFyYc5zaAI4n7RYMR6jJXK,MVM783 - The Grandview at Las Vegas,41206B,Evolve M2
10:2b:aa:51:54:3f,2026-08-04 03:47:02,E8X6iojo46RFyYc5zaAI4n7RYMR6jJXK,MVM783 - The Grandview at Las Vegas,61909A,Evolve M2
68:ab:a9:fe:a1:e3,2026-08-04 03:47:01,E8X6iojo46RFyYc5zaAI4n7RYMR6jJXK,MVM783 - The Grandview at Las Vegas,8505B,Evolve M2
68:ab:a9:ff:10:fb,2026-08-04 03:47:01,E8X6iojo46RFyYc5zaAI4n7RYMR6jJXK,MVM783 - The Grandview at Las Vegas,2907A,Evolve M2
68:ab:a9:fb:4f:60,2026-08-04 03:47:01,E8X6iojo46RFyYc5zaAI4n7RYMR6jJXK,MVM783 - The Grandview at Las Vegas,62105A,Evolve M2
64:18:df:74:00:76,2026-08-04 03:47:01,E8X6iojo46RFyYc5zaAI4n7RYMR6jJXK,MVM783 - The Grandview at Las Vegas,51802B,Evolve M2
10:2b:aa:51:fe:20,2026-08-04 03:47:00,E8X6iojo46RFyYc5zaAI4n7RYMR6jJXK,MVM783 - The Grandview at Las Vegas,1903B,Evolve M2
68:ab:a9:fc:2b:f6,2026-08-04 03:47:00,E8X6iojo46RFyYc5zaAI4n7RYMR6jJXK,MVM783 - The Grandview at Las Vegas,8808B,Evolve M2
10:2b:aa:51:f7:9f,2026-08-04 03:47:00,E8X6iojo46RFyYc5zaAI4n7RYMR6jJXK,MVM783 - The Grandview at Las Vegas,21106B,Evolve M2
68:ab:a9:fe:7a:f6,2026-08-04 03:46:59,E8X6iojo46RFyYc5zaAI4n7RYMR6jJXK,MVM783 - The Grandview at Las Vegas,9607A,Evolve M2
10:2b:aa:51:4d:22,2026-08-04 03:46:59,E8X6iojo46RFyYc5zaAI4n7RYMR6jJXK,MVM783 - The Grandview at Las Vegas,51505B,Evolve M2
68:ab:a9:f8:57:fb,2026-08-04 03:46:59,E8X6iojo46RFyYc5zaAI4n7RYMR6jJXK,MVM783 - The Grandview at Las Vegas,11008B,Evolve M2
10:2b:aa:51:52:b9,2026-08-04 03:46:59,E8X6iojo46RFyYc5zaAI4n7RYMR6jJXK,MVM783 - The Grandview at Las Vegas,51209B,Evolve M2
10:2b:aa:51:fd:03,2026-08-04 03:46:59,E8X6iojo46RFyYc5zaAI4n7RYMR6jJXK,MVM783 - The Grandview at Las Vegas,21107B,Evolve M2
10:2b:aa:51:6a:0b,2026-08-04 03:46:59,E8X6iojo46RFyYc5zaAI4n7RYMR6jJXK,MVM783 - The Grandview at Las Vegas,5809A,Evolve M2
68:ab:a9:fe:7c:98,2026-08-04 03:46:59,E8X6iojo46RFyYc5zaAI4n7RYMR6jJXK,MVM783 - The Grandview at Las Vegas,41004B,Evolve M2
68:ab:a9:f9:46:f3,2026-08-04 03:46:59,E8X6iojo46RFyYc5zaAI4n7RYMR6jJXK,MVM783 - The Grandview at Las Vegas,8402B,Evolve M2
68:ab:a9:fc:55:ac,2026-08-04 03:46:59,E8X6iojo46RFyYc5zaAI4n7RYMR6jJXK,MVM783 - The Grandview at Las Vegas,1505A@L,Evolve M2
68:ab:a9:fb:f1:99,2026-08-04 03:46:59,E8X6iojo46RFyYc5zaAI4n7RYMR6jJXK,MVM783 - The Grandview at Las Vegas,4405A,Evolve M2
10:2b:aa:51:fb:b0,2026-08-04 03:46:58,E8X6iojo46RFyYc5zaAI4n7RYMR6jJXK,MVM783 - The Grandview at Las Vegas,9608A,Evolve M2
68:ab:a9:fe:e9:75,2026-08-04 03:46:58,E8X6iojo46RFyYc5zaAI4n7RYMR6jJXK,MVM783 - The Grandview at Las Vegas,6810B,Evolve M2
64:18:df:73:da:8c,2026-08-04 03:46:58,E8X6iojo46RFyYc5zaAI4n7RYMR6jJXK,MVM783 - The Grandview at Las Vegas,91207A,Evolve M2
68:ab:a9:fe:58:34,2026-08-04 03:46:58,E8X6iojo46RFyYc5zaAI4n7RYMR6jJXK,MVM783 - The Grandview at Las Vegas,9604B,Evolve M2
68:ab:a9:fb:e7:20,2026-08-04 03:46:58,E8X6iojo46RFyYc5zaAI4n7RYMR6jJXK,MVM783 - The Grandview at Las Vegas,52002A,Evolve M2
68:ab:a9:fe:93:b2,2026-08-04 03:46:58,E8X6iojo46RFyYc5zaAI4n7RYMR6jJXK,MVM783 - The Grandview at Las Vegas,81203B,Evolve M2
10:2b:aa:51:f8:aa,2026-08-04 03:46:58,E8X6iojo46RFyYc5zaAI4n7RYMR6jJXK,MVM783 - The Grandview at Las Vegas,2304B,Evolve M2
68:ab:a9:fe:81:c2,2026-08-04 03:46:58,E8X6iojo46RFyYc5zaAI4n7RYMR6jJXK,MVM783 - The Grandview at Las Vegas,8907A,Evolve M2
10:2b:aa:51:6a:47,2026-08-04 03:46:57,E8X6iojo46RFyYc5zaAI4n7RYMR6jJXK,MVM783 - The Grandview at Las Vegas,9510B,Evolve M2
64:18:df:74:3a:61,2026-08-04 03:46:57,E8X6iojo46RFyYc5zaAI4n7RYMR6jJXK,MVM783 - The Grandview at Las Vegas,5907B,Evolve M2
10:2b:aa:50:c2:02,2026-08-04 03:46:57,E8X6iojo46RFyYc5zaAI4n7RYMR6jJXK,MVM783 - The Grandview at Las Vegas,3804A,Evolve M2
68:ab:a9:fc:00:48,2026-08-04 03:46:57,E8X6iojo46RFyYc5zaAI4n7RYMR6jJXK,MVM783 - The Grandview at Las Vegas,1506A@L,Evolve M2
10:2b:aa:51:54:ba,2026-08-04 03:46:57,E8X6iojo46RFyYc5zaAI4n7RYMR6jJXK,MVM783 - The Grandview at Las Vegas,8708B,Evolve M2
10:2b:aa:51:f7:7b,2026-08-04 03:46:57,E8X6iojo46RFyYc5zaAI4n7RYMR6jJXK,MVM783 - The Grandview at Las Vegas,9205B,Evolve M2
10:2b:aa:51:fd:00,2026-08-04 03:46:57,E8X6iojo46RFyYc5zaAI4n7RYMR6jJXK,MVM783 - The Grandview at Las Vegas,2504A,Evolve M2
68:ab:a9:fe:3a:c7,2026-08-04 03:46:57,E8X6iojo46RFyYc5zaAI4n7RYMR6jJXK,MVM783 - The Grandview at Las Vegas,51409A,Evolve M2
10:2b:aa:51:68:31,2026-08-04 03:46:56,E8X6iojo46RFyYc5zaAI4n7RYMR6jJXK,MVM783 - The Grandview at Las Vegas,3506A,Evolve M2
10:2b:aa:51:54:8a,2026-08-04 03:46:56,E8X6iojo46RFyYc5zaAI4n7RYMR6jJXK,MVM783 - The Grandview at Las Vegas,61804B,Evolve M2
68:ab:a9:f8:c0:04,2026-08-04 03:46:56,E8X6iojo46RFyYc5zaAI4n7RYMR6jJXK,MVM783 - The Grandview at Las Vegas,9407A,Evolve M2
64:18:df:74:87:6e,2026-08-04 03:46:56,E8X6iojo46RFyYc5zaAI4n7RYMR6jJXK,MVM783 - The Grandview at Las Vegas,6410B,Evolve M2
10:2b:aa:51:54:6c,2026-08-04 03:46:56,E8X6iojo46RFyYc5zaAI4n7RYMR6jJXK,MVM783 - The Grandview at Las Vegas,61909B,Evolve M2
68:ab:a9:f7:e4:0d,2026-08-04 03:46:55,E8X6iojo46RFyYc5zaAI4n7RYMR6jJXK,MVM783 - The Grandview at Las Vegas,8402A,Evolve M2
68:ab:a9:fe:84:95,2026-08-04 03:46:55,E8X6iojo46RFyYc5zaAI4n7RYMR6jJXK,MVM783 - The Grandview at Las Vegas,9609B,Evolve M2
10:2b:aa:51:63:6f,2026-08-04 03:46:55,E8X6iojo46RFyYc5zaAI4n7RYMR6jJXK,MVM783 - The Grandview at Las Vegas,6504A,Evolve M2
10:2b:aa:51:f8:7d,2026-08-04 03:46:55,E8X6iojo46RFyYc5zaAI4n7RYMR6jJXK,MVM783 - The Grandview at Las Vegas,1404A@B,Evolve M2
10:2b:aa:52:68:ca,2026-08-04 03:46:54,E8X6iojo46RFyYc5zaAI4n7RYMR6jJXK,MVM783 - The Grandview at Las Vegas,9806B,Evolve M2
10:2b:aa:50:93:28,2026-08-04 03:46:54,E8X6iojo46RFyYc5zaAI4n7RYMR6jJXK,MVM783 - The Grandview at Las Vegas,81102A,Evolve M2
10:2b:aa:52:65:be,2026-08-04 03:46:54,E8X6iojo46RFyYc5zaAI4n7RYMR6jJXK,MVM783 - The Grandview at Las Vegas,11105B,Evolve M2
64:18:df:73:b5:b2,2026-08-04 03:46:54,E8X6iojo46RFyYc5zaAI4n7RYMR6jJXK,MVM783 - The Grandview at Las Vegas,6709B,Evolve M2
68:ab:a9:fb:e3:14,2026-08-04 03:46:54,E8X6iojo46RFyYc5zaAI4n7RYMR6jJXK,MVM783 - The Grandview at Las Vegas,9602B,Evolve M2
68:ab:a9:f8:78:ec,2026-08-04 03:46:54,E8X6iojo46RFyYc5zaAI4n7RYMR6jJXK,MVM783 - The Grandview at Las Vegas,1907B@L,Evolve M2
10:2b:aa:51:6a:74,2026-08-04 03:46:54,E8X6iojo46RFyYc5zaAI4n7RYMR6jJXK,MVM783 - The Grandview at Las Vegas,41505A,Evolve M2
64:18:df:73:e6:1a,2026-08-04 03:46:54,E8X6iojo46RFyYc5zaAI4n7RYMR6jJXK,MVM783 - The Grandview at Las Vegas,5505A,Evolve M2
64:18:df:74:31:8d,2026-08-04 03:46:54,E8X6iojo46RFyYc5zaAI4n7RYMR6jJXK,MVM783 - The Grandview at Las Vegas,51904A,Evolve M2
10:2b:aa:51:4f:f8,2026-08-04 03:46:54,E8X6iojo46RFyYc5zaAI4n7RYMR6jJXK,MVM783 - The Grandview at Las Vegas,6207A,Evolve M2
64:18:df:73:c6:67,2026-08-04 03:46:53,E8X6iojo46RFyYc5zaAI4n7RYMR6jJXK,MVM783 - The Grandview at Las Vegas,52108A,Evolve M2
68:ab:a9:f8:58:5b,2026-08-04 03:46:53,E8X6iojo46RFyYc5zaAI4n7RYMR6jJXK,MVM783 - The Grandview at Las Vegas,1703A@B,Evolve M2
68:ab:a9:fc:19:8a,2026-08-04 03:46:53,E8X6iojo46RFyYc5zaAI4n7RYMR6jJXK,MVM783 - The Grandview at Las Vegas,31004A,Evolve M2
68:ab:a9:fa:6a:2c,2026-08-04 03:46:53,E8X6iojo46RFyYc5zaAI4n7RYMR6jJXK,MVM783 - The Grandview at Las Vegas,2305A,Evolve M2
10:2b:aa:51:f9:f4,2026-08-04 03:46:52,E8X6iojo46RFyYc5zaAI4n7RYMR6jJXK,MVM783 - The Grandview at Las Vegas,81201B,Evolve M2
68:ab:a9:fe:cb:f3,2026-08-04 03:46:52,E8X6iojo46RFyYc5zaAI4n7RYMR6jJXK,MVM783 - The Grandview at Las Vegas,3910B,Evolve M2
10:2b:aa:51:4d:37,2026-08-04 03:46:52,E8X6iojo46RFyYc5zaAI4n7RYMR6jJXK,MVM783 - The Grandview at Las Vegas,41101A,Evolve M2
64:18:df:74:66:a5,2026-08-04 03:46:52,E8X6iojo46RFyYc5zaAI4n7RYMR6jJXK,MVM783 - The Grandview at Las Vegas,4610A,Evolve M2
10:2b:aa:51:65:43,2026-08-04 03:46:52,E8X6iojo46RFyYc5zaAI4n7RYMR6jJXK,MVM783 - The Grandview at Las Vegas,41806A,Evolve M2
68:ab:a9:f8:77:6b,2026-08-04 03:46:52,E8X6iojo46RFyYc5zaAI4n7RYMR6jJXK,MVM783 - The Grandview at Las Vegas,1205B,Evolve M2
68:ab:a9:fc:9e:84,2026-08-04 03:46:52,E8X6iojo46RFyYc5zaAI4n7RYMR6jJXK,MVM783 - The Grandview at Las Vegas,2908A,Evolve M2
10:2b:aa:51:52:3b,2026-08-04 03:46:52,E8X6iojo46RFyYc5zaAI4n7RYMR6jJXK,MVM783 - The Grandview at Las Vegas,5404A,Evolve M2
68:ab:a9:fe:b5:b2,2026-08-04 03:46:51,E8X6iojo46RFyYc5zaAI4n7RYMR6jJXK,MVM783 - The Grandview at Las Vegas,41210B,Evolve M2
68:ab:a9:fc:15:c1,2026-08-04 03:46:51,E8X6iojo46RFyYc5zaAI4n7RYMR6jJXK,MVM783 - The Grandview at Las Vegas,31008A,Evolve M2
10:2b:aa:51:51:5d,2026-08-04 03:46:51,E8X6iojo46RFyYc5zaAI4n7RYMR6jJXK,MVM783 - The Grandview at Las Vegas,51007B,Evolve M2
64:18:df:73:e6:ce,2026-08-04 03:46:51,E8X6iojo46RFyYc5zaAI4n7RYMR6jJXK,MVM783 - The Grandview at Las Vegas,5808A,Evolve M2
64:18:df:73:d3:f6,2026-08-04 03:46:51,E8X6iojo46RFyYc5zaAI4n7RYMR6jJXK,MVM783 - The Grandview at Las Vegas,8804A,Evolve M2
10:2b:aa:51:6a:b3,2026-08-04 03:46:51,E8X6iojo46RFyYc5zaAI4n7RYMR6jJXK,MVM783 - The Grandview at Las Vegas,41504A,Evolve M2
64:18:df:73:ae:78,2026-08-04 03:46:51,E8X6iojo46RFyYc5zaAI4n7RYMR6jJXK,MVM783 - The Grandview at Las Vegas,4705B,Evolve M2
10:2b:aa:51:fc:01,2026-08-04 03:46:50,E8X6iojo46RFyYc5zaAI4n7RYMR6jJXK,MVM783 - The Grandview at Las Vegas,1801B,Evolve M2
64:18:df:74:1c:7f,2026-08-04 03:46:50,E8X6iojo46RFyYc5zaAI4n7RYMR6jJXK,MVM783 - The Grandview at Las Vegas,41609B,Evolve M2
10:2b:aa:51:52:95,2026-08-04 03:46:50,E8X6iojo46RFyYc5zaAI4n7RYMR6jJXK,MVM783 - The Grandview at Las Vegas,51001B,Evolve M2
64:18:df:73:e3:89,2026-08-04 03:46:50,E8X6iojo46RFyYc5zaAI4n7RYMR6jJXK,MVM783 - The Grandview at Las Vegas,6609B,Evolve M2
10:2b:aa:51:53:13,2026-08-04 03:46:50,E8X6iojo46RFyYc5zaAI4n7RYMR6jJXK,MVM783 - The Grandview at Las Vegas,4805B,Evolve M2
68:ab:a9:fb:ec:4a,2026-08-04 03:46:49,E8X6iojo46RFyYc5zaAI4n7RYMR6jJXK,MVM783 - The Grandview at Las Vegas,3510A,Evolve M2
68:ab:a9:fd:d4:07,2026-08-04 03:46:49,E8X6iojo46RFyYc5zaAI4n7RYMR6jJXK,MVM783 - The Grandview at Las Vegas,41902A,Evolve M2
68:ab:a9:f8:26:d0,2026-08-04 03:46:49,E8X6iojo46RFyYc5zaAI4n7RYMR6jJXK,MVM783 - The Grandview at Las Vegas,31002B,Evolve M2
68:ab:a9:f8:ae:d2,2026-08-04 03:46:49,E8X6iojo46RFyYc5zaAI4n7RYMR6jJXK,MVM783 - The Grandview at Las Vegas,9507B,Evolve M2
68:ab:a9:f8:85:b2,2026-08-04 03:46:49,E8X6iojo46RFyYc5zaAI4n7RYMR6jJXK,MVM783 - The Grandview at Las Vegas,41603A,Evolve M2
10:2b:aa:51:54:b1,2026-08-04 03:46:49,E8X6iojo46RFyYc5zaAI4n7RYMR6jJXK,MVM783 - The Grandview at Las Vegas,5608B,Evolve M2
68:ab:a9:f8:32:94,2026-08-04 03:46:49,E8X6iojo46RFyYc5zaAI4n7RYMR6jJXK,MVM783 - The Grandview at Las Vegas,3202A,Evolve M2
68:ab:a9:ff:05:ad,2026-08-04 03:46:49,E8X6iojo46RFyYc5zaAI4n7RYMR6jJXK,MVM783 - The Grandview at Las Vegas,1707A,Evolve M2
10:2b:aa:51:5a:f3,2026-08-04 03:46:49,E8X6iojo46RFyYc5zaAI4n7RYMR6jJXK,MVM783 - The Grandview at Las Vegas,6709B,Evolve M2
10:2b:aa:51:fe:14,2026-08-04 03:46:49,E8X6iojo46RFyYc5zaAI4n7RYMR6jJXK,MVM783 - The Grandview at Las Vegas,2108B,Evolve M2
10:2b:aa:51:fb:aa,2026-08-04 03:46:48,E8X6iojo46RFyYc5zaAI4n7RYMR6jJXK,MVM783 - The Grandview at Las Vegas,8208A,Evolve M2
10:2b:aa:51:54:d8,2026-08-04 03:46:47,E8X6iojo46RFyYc5zaAI4n7RYMR6jJXK,MVM783 - The Grandview at Las Vegas,8408B,Evolve M2
10:2b:aa:51:5d:1e,2026-08-04 03:46:47,E8X6iojo46RFyYc5zaAI4n7RYMR6jJXK,MVM783 - The Grandview at Las Vegas,51703A,Evolve M2
10:2b:aa:51:6b:ac,2026-08-04 03:46:47,E8X6iojo46RFyYc5zaAI4n7RYMR6jJXK,MVM783 - The Grandview at Las Vegas,51506B,Evolve M2
68:ab:a9:f8:a6:8b,2026-08-04 03:46:47,E8X6iojo46RFyYc5zaAI4n7RYMR6jJXK,MVM783 - The Grandview at Las Vegas,91102A,Evolve M2
68:ab:a9:fc:56:28,2026-08-04 03:46:47,E8X6iojo46RFyYc5zaAI4n7RYMR6jJXK,MVM783 - The Grandview at Las Vegas,91102A,Evolve M2
64:18:df:73:f1:2d,2026-08-04 03:46:46,E8X6iojo46RFyYc5zaAI4n7RYMR6jJXK,MVM783 - The Grandview at Las Vegas,51401B,Evolve M2
64:18:df:74:3f:64,2026-08-04 03:46:46,E8X6iojo46RFyYc5zaAI4n7RYMR6jJXK,MVM783 - The Grandview at Las Vegas,61808B,Evolve M2
64:18:df:73:d9:2a,2026-08-04 03:46:46,E8X6iojo46RFyYc5zaAI4n7RYMR6jJXK,MVM783 - The Grandview at Las Vegas,31109B,Evolve M2
10:2b:aa:51:4d:8e,2026-08-04 03:46:46,E8X6iojo46RFyYc5zaAI4n7RYMR6jJXK,MVM783 - The Grandview at Las Vegas,4502B,Evolve M2
10:2b:aa:51:52:44,2026-08-04 03:46:46,E8X6iojo46RFyYc5zaAI4n7RYMR6jJXK,MVM783 - The Grandview at Las Vegas,4410A,Evolve M2
64:18:df:73:d9:93,2026-08-04 03:46:46,E8X6iojo46RFyYc5zaAI4n7RYMR6jJXK,MVM783 - The Grandview at Las Vegas,91207B,Evolve M2
10:2b:aa:51:60:60,2026-08-04 03:46:46,E8X6iojo46RFyYc5zaAI4n7RYMR6jJXK,MVM783 - The Grandview at Las Vegas,5805A,Evolve M2
10:2b:aa:51:52:62,2026-08-04 03:46:46,E8X6iojo46RFyYc5zaAI4n7RYMR6jJXK,MVM783 - The Grandview at Las Vegas,51209A,Evolve M2
10:2b:aa:51:f4:f9,2026-08-04 03:46:45,E8X6iojo46RFyYc5zaAI4n7RYMR6jJXK,MVM783 - The Grandview at Las Vegas,41607B,Evolve M2
68:ab:a9:fc:8e:9d,2026-08-04 03:46:45,E8X6iojo46RFyYc5zaAI4n7RYMR6jJXK,MVM783 - The Grandview at Las Vegas,2805B,Evolve M2
64:18:df:74:84:a0,2026-08-04 03:46:45,E8X6iojo46RFyYc5zaAI4n7RYMR6jJXK,MVM783 - The Grandview at Las Vegas,3605A,Evolve M2
68:ab:a9:f8:b3:ff,2026-08-04 03:46:45,E8X6iojo46RFyYc5zaAI4n7RYMR6jJXK,MVM783 - The Grandview at Las Vegas,8702B,Evolve M2
68:ab:a9:fe:b7:a6,2026-08-04 03:46:45,E8X6iojo46RFyYc5zaAI4n7RYMR6jJXK,MVM783 - The Grandview at Las Vegas,1101B,Evolve M2
68:ab:a9:f7:c3:e2,2026-08-04 03:46:45,E8X6iojo46RFyYc5zaAI4n7RYMR6jJXK,MVM783 - The Grandview at Las Vegas,31205B,Evolve M2
68:ab:a9:fc:23:30,2026-08-04 03:46:45,E8X6iojo46RFyYc5zaAI4n7RYMR6jJXK,MVM783 - The Grandview at Las Vegas,31007B,Evolve M2
10:2b:aa:51:68:16,2026-08-04 03:46:45,E8X6iojo46RFyYc5zaAI4n7RYMR6jJXK,MVM783 - The Grandview at Las Vegas,91210B,Evolve M2
64:18:df:74:0e:be,2026-08-04 03:46:45,E8X6iojo46RFyYc5zaAI4n7RYMR6jJXK,MVM783 - The Grandview at Las Vegas,61803B,Evolve M2
68:ab:a9:fc:7f:f1,2026-08-04 03:46:44,E8X6iojo46RFyYc5zaAI4n7RYMR6jJXK,MVM783 - The Grandview at Las Vegas,8803B,Evolve M2
10:2b:aa:51:64:1a,2026-08-04 03:46:44,E8X6iojo46RFyYc5zaAI4n7RYMR6jJXK,MVM783 - The Grandview at Las Vegas,3308B,Evolve M2
10:2b:aa:51:63:ae,2026-08-04 03:46:44,E8X6iojo46RFyYc5zaAI4n7RYMR6jJXK,MVM783 - The Grandview at Las Vegas,3706B,Evolve M2
10:2b:aa:51:56:9a,2026-08-04 03:46:44,E8X6iojo46RFyYc5zaAI4n7RYMR6jJXK,MVM783 - The Grandview at Las Vegas,42105A,Evolve M2
10:2b:aa:51:4a:e5,2026-08-04 03:46:44,E8X6iojo46RFyYc5zaAI4n7RYMR6jJXK,MVM783 - The Grandview at Las Vegas,3802B,Evolve M2
10:2b:aa:51:68:94,2026-08-04 03:46:44,E8X6iojo46RFyYc5zaAI4n7RYMR6jJXK,MVM783 - The Grandview at Las Vegas,41805A,Evolve M2
68:ab:a9:fc:33:10,2026-08-04 03:46:44,E8X6iojo46RFyYc5zaAI4n7RYMR6jJXK,MVM783 - The Grandview at Las Vegas,51501A,Evolve M2
68:ab:a9:fe:d8:5d,2026-08-04 03:46:43,E8X6iojo46RFyYc5zaAI4n7RYMR6jJXK,MVM783 - The Grandview at Las Vegas,1302B@L,Evolve M2
68:ab:a9:fc:19:06,2026-08-04 03:46:43,E8X6iojo46RFyYc5zaAI4n7RYMR6jJXK,MVM783 - The Grandview at Las Vegas,31002A,Evolve M2
10:2b:aa:51:53:ac,2026-08-04 03:46:43,E8X6iojo46RFyYc5zaAI4n7RYMR6jJXK,MVM783 - The Grandview at Las Vegas,61805A,Evolve M2
68:ab:a9:fe:a3:7e,2026-08-04 03:46:43,E8X6iojo46RFyYc5zaAI4n7RYMR6jJXK,MVM783 - The Grandview at Las Vegas,1303B@B,Evolve M2
68:ab:a9:fc:12:c9,2026-08-04 03:46:42,E8X6iojo46RFyYc5zaAI4n7RYMR6jJXK,MVM783 - The Grandview at Las Vegas,9403B,Evolve M2
68:ab:a9:fe:a9:c5,2026-08-04 03:46:42,E8X6iojo46RFyYc5zaAI4n7RYMR6jJXK,MVM783 - The Grandview at Las Vegas,41202B,Evolve M2
68:ab:a9:fc:7f:92,2026-08-04 03:46:42,E8X6iojo46RFyYc5zaAI4n7RYMR6jJXK,MVM783 - The Grandview at Las Vegas,1401A@B,Evolve M2
64:18:df:74:86:e4,2026-08-04 03:46:42,E8X6iojo46RFyYc5zaAI4n7RYMR6jJXK,MVM783 - The Grandview at Las Vegas,91006A,Evolve M2
10:2b:aa:51:65:07,2026-08-04 03:46:42,E8X6iojo46RFyYc5zaAI4n7RYMR6jJXK,MVM783 - The Grandview at Las Vegas,3304B,Evolve M2
10:2b:aa:51:55:83,2026-08-04 03:46:41,E8X6iojo46RFyYc5zaAI4n7RYMR6jJXK,MVM783 - The Grandview at Las Vegas,3904A,Evolve M2
64:18:df:74:02:42,2026-08-04 03:46:41,E8X6iojo46RFyYc5zaAI4n7RYMR6jJXK,MVM783 - The Grandview at Las Vegas,61109B,Evolve M2
64:18:df:74:02:b6,2026-08-04 03:46:41,E8X6iojo46RFyYc5zaAI4n7RYMR6jJXK,MVM783 - The Grandview at Las Vegas,91205A,Evolve M2
10:2b:aa:51:fd:4b,2026-08-04 03:46:41,E8X6iojo46RFyYc5zaAI4n7RYMR6jJXK,MVM783 - The Grandview at Las Vegas,9504B,Evolve M2
64:18:df:74:05:a5,2026-08-04 03:46:41,E8X6iojo46RFyYc5zaAI4n7RYMR6jJXK,MVM783 - The Grandview at Las Vegas,51705B,Evolve M2
10:2b:aa:51:51:03,2026-08-04 03:46:41,E8X6iojo46RFyYc5zaAI4n7RYMR6jJXK,MVM783 - The Grandview at Las Vegas,6108B,Evolve M2
68:ab:a9:ff:02:9a,2026-08-04 03:46:41,E8X6iojo46RFyYc5zaAI4n7RYMR6jJXK,MVM783 - The Grandview at Las Vegas,21102A,Evolve M2
68:ab:a9:fc:34:5d,2026-08-04 03:46:40,E8X6iojo46RFyYc5zaAI4n7RYMR6jJXK,MVM783 - The Grandview at Las Vegas,1506B,Evolve M2
10:2b:aa:51:4a:bb,2026-08-04 03:46:40,E8X6iojo46RFyYc5zaAI4n7RYMR6jJXK,MVM783 - The Grandview at Las Vegas,5707B,Evolve M2
10:2b:aa:51:5a:e1,2026-08-04 03:46:40,E8X6iojo46RFyYc5zaAI4n7RYMR6jJXK,MVM783 - The Grandview at Las Vegas,4505A,Evolve M2
10:2b:aa:51:51:bd,2026-08-04 03:46:39,E8X6iojo46RFyYc5zaAI4n7RYMR6jJXK,MVM783 - The Grandview at Las Vegas,41109B,Evolve M2
68:ab:a9:f7:d5:e6,2026-08-04 03:46:39,E8X6iojo46RFyYc5zaAI4n7RYMR6jJXK,MVM783 - The Grandview at Las Vegas,9902A,Evolve M2
68:ab:a9:fb:ea:19,2026-08-04 03:46:39,E8X6iojo46RFyYc5zaAI4n7RYMR6jJXK,MVM783 - The Grandview at Las Vegas,1402A@L,Evolve M2
68:ab:a9:f9:46:63,2026-08-04 03:46:39,E8X6iojo46RFyYc5zaAI4n7RYMR6jJXK,MVM783 - The Grandview at Las Vegas,81101B,Evolve M2
10:2b:aa:51:6b:52,2026-08-04 03:46:38,E8X6iojo46RFyYc5zaAI4n7RYMR6jJXK,MVM783 - The Grandview at Las Vegas,91010B,Evolve M2
10:2b:aa:51:50:b2,2026-08-04 03:46:38,E8X6iojo46RFyYc5zaAI4n7RYMR6jJXK,MVM783 - The Grandview at Las Vegas,51203B,Evolve M2
68:ab:a9:fc:8a:02,2026-08-04 03:46:38,E8X6iojo46RFyYc5zaAI4n7RYMR6jJXK,MVM783 - The Grandview at Las Vegas,8403A,Evolve M2
68:ab:a9:f9:fa:b9,2026-08-04 03:46:38,E8X6iojo46RFyYc5zaAI4n7RYMR6jJXK,MVM783 - The Grandview at Las Vegas,2307B,Evolve M2
68:ab:a9:f7:be:8c,2026-08-04 03:46:38,E8X6iojo46RFyYc5zaAI4n7RYMR6jJXK,MVM783 - The Grandview at Las Vegas,9043A,Evolve M2
68:ab:a9:fe:a1:1b,2026-08-04 03:46:38,E8X6iojo46RFyYc5zaAI4n7RYMR6jJXK,MVM783 - The Grandview at Las Vegas,9204B,Evolve M2
68:ab:a9:f8:cf:9e,2026-08-04 03:46:38,E8X6iojo46RFyYc5zaAI4n7RYMR6jJXK,MVM783 - The Grandview at Las Vegas,31003B,Evolve M2
10:2b:aa:51:5c:10,2026-08-04 03:46:37,E8X6iojo46RFyYc5zaAI4n7RYMR6jJXK,MVM783 - The Grandview at Las Vegas,4706A,Evolve M2
68:ab:a9:fc:2f:16,2026-08-04 03:46:37,E8X6iojo46RFyYc5zaAI4n7RYMR6jJXK,MVM783 - The Grandview at Las Vegas,1807A@B,Evolve M2
10:2b:aa:51:54:12,2026-08-04 03:46:37,E8X6iojo46RFyYc5zaAI4n7RYMR6jJXK,MVM783 - The Grandview at Las Vegas,61708B,Evolve M2
10:2b:aa:51:5f:c1,2026-08-04 03:46:36,E8X6iojo46RFyYc5zaAI4n7RYMR6jJXK,MVM783 - The Grandview at Las Vegas,4201A,Evolve M2
68:ab:a9:fc:48:74,2026-08-04 03:46:35,E8X6iojo46RFyYc5zaAI4n7RYMR6jJXK,MVM783 - The Grandview at Las Vegas,21002B,Evolve M2
10:2b:aa:51:fb:47,2026-08-04 03:46:35,E8X6iojo46RFyYc5zaAI4n7RYMR6jJXK,MVM783 - The Grandview at Las Vegas,9503B,Evolve M2
10:2b:aa:51:50:c1,2026-08-04 03:46:35,E8X6iojo46RFyYc5zaAI4n7RYMR6jJXK,MVM783 - The Grandview at Las Vegas,51203A,Evolve M2
10:2b:aa:51:f5:68,2026-08-04 03:46:35,E8X6iojo46RFyYc5zaAI4n7RYMR6jJXK,MVM783 - The Grandview at Las Vegas,8704A,Evolve M2
68:ab:a9:fe:bf:35,2026-08-04 03:46:35,E8X6iojo46RFyYc5zaAI4n7RYMR6jJXK,MVM783 - The Grandview at Las Vegas,8501A,Evolve M2
68:ab:a9:fe:a8:39,2026-08-04 03:46:34,E8X6iojo46RFyYc5zaAI4n7RYMR6jJXK,MVM783 - The Grandview at Las Vegas,1707B,Evolve M2
68:ab:a9:fe:c5:4b,2026-08-04 03:46:34,E8X6iojo46RFyYc5zaAI4n7RYMR6jJXK,MVM783 - The Grandview at Las Vegas,21006A,Evolve M2
10:2b:aa:51:56:e8,2026-08-04 03:46:34,E8X6iojo46RFyYc5zaAI4n7RYMR6jJXK,MVM783 - The Grandview at Las Vegas,4607A,Evolve M2
10:2b:aa:50:b6:17,2026-08-04 03:46:34,E8X6iojo46RFyYc5zaAI4n7RYMR6jJXK,MVM783 - The Grandview at Las Vegas,91003B,Evolve M2
68:ab:a9:fc:26:3a,2026-08-04 03:46:33,E8X6iojo46RFyYc5zaAI4n7RYMR6jJXK,MVM783 - The Grandview at Las Vegas,8801B,Evolve M2
68:ab:a9:fe:2a:c2,2026-08-04 03:46:33,E8X6iojo46RFyYc5zaAI4n7RYMR6jJXK,MVM783 - The Grandview at Las Vegas,91202A,Evolve M2
10:2b:aa:51:5b:6e,2026-08-04 03:46:33,E8X6iojo46RFyYc5zaAI4n7RYMR6jJXK,MVM783 - The Grandview at Las Vegas,5501A,Evolve M2
10:2b:aa:52:65:d6,2026-08-04 03:46:33,E8X6iojo46RFyYc5zaAI4n7RYMR6jJXK,MVM783 - The Grandview at Las Vegas,11201B,Evolve M2
10:2b:aa:51:f9:fa,2026-08-04 03:46:33,E8X6iojo46RFyYc5zaAI4n7RYMR6jJXK,MVM783 - The Grandview at Las Vegas,8705A,Evolve M2
10:2b:aa:51:64:68,2026-08-04 03:46:33,E8X6iojo46RFyYc5zaAI4n7RYMR6jJXK,MVM783 - The Grandview at Las Vegas,91201A,Evolve M2
10:2b:aa:52:65:9a,2026-08-04 03:46:33,E8X6iojo46RFyYc5zaAI4n7RYMR6jJXK,MVM783 - The Grandview at Las Vegas,2506A,Evolve M2
64:18:df:73:c2:4c,2026-08-04 03:46:32,E8X6iojo46RFyYc5zaAI4n7RYMR6jJXK,MVM783 - The Grandview at Las Vegas,4410B,Evolve M2
64:18:df:73:e2:84,2026-08-04 03:46:32,E8X6iojo46RFyYc5zaAI4n7RYMR6jJXK,MVM783 - The Grandview at Las Vegas,61109A,Evolve M2
10:2b:aa:51:4c:bf,2026-08-04 03:46:32,E8X6iojo46RFyYc5zaAI4n7RYMR6jJXK,MVM783 - The Grandview at Las Vegas,5706A,Evolve M2
10:2b:aa:51:fe:b6,2026-08-04 03:46:32,E8X6iojo46RFyYc5zaAI4n7RYMR6jJXK,MVM783 - The Grandview at Las Vegas,41710A,Evolve M2
10:2b:aa:51:57:63,2026-08-04 03:46:32,E8X6iojo46RFyYc5zaAI4n7RYMR6jJXK,MVM783 - The Grandview at Las Vegas,51504A,Evolve M2
10:2b:aa:51:59:bb,2026-08-04 03:46:32,E8X6iojo46RFyYc5zaAI4n7RYMR6jJXK,MVM783 - The Grandview at Las Vegas,61905B,Evolve M2
68:ab:a9:fe:a2:d8,2026-08-04 03:46:31,E8X6iojo46RFyYc5zaAI4n7RYMR6jJXK,MVM783 - The Grandview at Las Vegas,8505A,Evolve M2
64:18:df:74:00:69,2026-08-04 03:46:31,E8X6iojo46RFyYc5zaAI4n7RYMR6jJXK,MVM783 - The Grandview at Las Vegas,51804B,Evolve M2
68:ab:a9:f8:cf:35,2026-08-04 03:46:31,E8X6iojo46RFyYc5zaAI4n7RYMR6jJXK,MVM783 - The Grandview at Las Vegas,11108B,Evolve M2
10:2b:aa:51:57:0f,2026-08-04 03:46:31,E8X6iojo46RFyYc5zaAI4n7RYMR6jJXK,MVM783 - The Grandview at Las Vegas,61505B,Evolve M2
68:ab:a9:fa:dd:9a,2026-08-04 03:46:31,E8X6iojo46RFyYc5zaAI4n7RYMR6jJXK,MVM783 - The Grandview at Las Vegas,5403A,Evolve M2
68:ab:a9:f8:c5:80,2026-08-04 03:46:30,E8X6iojo46RFyYc5zaAI4n7RYMR6jJXK,MVM783 - The Grandview at Las Vegas,21106A,Evolve M2
68:ab:a9:fe:3b:a5,2026-08-04 03:46:30,E8X6iojo46RFyYc5zaAI4n7RYMR6jJXK,MVM783 - The Grandview at Las Vegas,51410A,Evolve M2
10:2b:aa:51:68:43,2026-08-04 03:46:30,E8X6iojo46RFyYc5zaAI4n7RYMR6jJXK,MVM783 - The Grandview at Las Vegas,9802A,Evolve M2
10:2b:aa:51:61:5f,2026-08-04 03:46:30,E8X6iojo46RFyYc5zaAI4n7RYMR6jJXK,MVM783 - The Grandview at Las Vegas,4502B,Evolve M2
10:2b:aa:51:54:45,2026-08-04 03:46:30,E8X6iojo46RFyYc5zaAI4n7RYMR6jJXK,MVM783 - The Grandview at Las Vegas,51508B,Evolve M2
10:2b:aa:51:59:2e,2026-08-04 03:46:30,E8X6iojo46RFyYc5zaAI4n7RYMR6jJXK,MVM783 - The Grandview at Las Vegas,3906A,Evolve M2
10:2b:aa:51:f8:ec,2026-08-04 03:46:30,E8X6iojo46RFyYc5zaAI4n7RYMR6jJXK,MVM783 - The Grandview at Las Vegas,31002A,Evolve M2
68:ab:a9:fe:dd:d7,2026-08-04 03:46:29,E8X6iojo46RFyYc5zaAI4n7RYMR6jJXK,MVM783 - The Grandview at Las Vegas,6301A,Evolve M2
64:18:df:73:a6:92,2026-08-04 03:46:29,E8X6iojo46RFyYc5zaAI4n7RYMR6jJXK,MVM783 - The Grandview at Las Vegas,404A,Evolve M2
68:ab:a9:f8:be:69,2026-08-04 03:46:29,E8X6iojo46RFyYc5zaAI4n7RYMR6jJXK,MVM783 - The Grandview at Las Vegas,3102A,Evolve M2
10:2b:aa:51:6a:5c,2026-08-04 03:46:29,E8X6iojo46RFyYc5zaAI4n7RYMR6jJXK,MVM783 - The Grandview at Las Vegas,41508B,Evolve M2
68:ab:a9:f8:06:fa,2026-08-04 03:46:29,E8X6iojo46RFyYc5zaAI4n7RYMR6jJXK,MVM783 - The Grandview at Las Vegas,1901B@L,Evolve M2
68:ab:a9:fc:33:a1,2026-08-04 03:46:28,E8X6iojo46RFyYc5zaAI4n7RYMR6jJXK,MVM783 - The Grandview at Las Vegas,2402B,Evolve M2
64:18:df:74:60:31,2026-08-04 03:46:28,E8X6iojo46RFyYc5zaAI4n7RYMR6jJXK,MVM783 - The Grandview at Las Vegas,41506B,Evolve M2
10:2b:aa:51:f9:88,2026-08-04 03:46:28,E8X6iojo46RFyYc5zaAI4n7RYMR6jJXK,MVM783 - The Grandview at Las Vegas,2708B,Evolve M2
68:ab:a9:ff:0b:08,2026-08-04 03:46:28,E8X6iojo46RFyYc5zaAI4n7RYMR6jJXK,MVM783 - The Grandview at Las Vegas,5806B,Evolve M2
10:2b:aa:51:5f:dc,2026-08-04 03:46:28,E8X6iojo46RFyYc5zaAI4n7RYMR6jJXK,MVM783 - The Grandview at Las Vegas,4201B,Evolve M2
10:2b:aa:51:57:5a,2026-08-04 03:46:28,E8X6iojo46RFyYc5zaAI4n7RYMR6jJXK,MVM783 - The Grandview at Las Vegas,4301A,Evolve M2
10:2b:aa:51:f8:e9,2026-08-04 03:46:28,E8X6iojo46RFyYc5zaAI4n7RYMR6jJXK,MVM783 - The Grandview at Las Vegas,3903B,Evolve M2
64:18:df:73:c7:00,2026-08-04 03:46:28,E8X6iojo46RFyYc5zaAI4n7RYMR6jJXK,MVM783 - The Grandview at Las Vegas,61207A,Evolve M2
10:2b:aa:51:60:f6,2026-08-04 03:46:27,E8X6iojo46RFyYc5zaAI4n7RYMR6jJXK,MVM783 - The Grandview at Las Vegas,5201A,Evolve M2
10:2b:aa:51:66:e7,2026-08-04 03:46:27,E8X6iojo46RFyYc5zaAI4n7RYMR6jJXK,MVM783 - The Grandview at Las Vegas,51001A,Evolve M2
68:ab:a9:f8:29:44,2026-08-04 03:46:27,E8X6iojo46RFyYc5zaAI4n7RYMR6jJXK,MVM783 - The Grandview at Las Vegas,2602A,Evolve M2
64:18:df:73:a1:8d,2026-08-04 03:46:26,E8X6iojo46RFyYc5zaAI4n7RYMR6jJXK,MVM783 - The Grandview at Las Vegas,41210A,Evolve M2
10:2b:aa:51:5b:e9,2026-08-04 03:46:26,E8X6iojo46RFyYc5zaAI4n7RYMR6jJXK,MVM783 - The Grandview at Las Vegas,5201A,Evolve M2
10:2b:aa:51:f3:bb,2026-08-04 03:46:26,E8X6iojo46RFyYc5zaAI4n7RYMR6jJXK,MVM783 - The Grandview at Las Vegas,11205A,Evolve M2
68:ab:a9:f8:e1:57,2026-08-04 03:46:26,E8X6iojo46RFyYc5zaAI4n7RYMR6jJXK,MVM783 - The Grandview at Las Vegas,1101A,Evolve M2
10:2b:aa:51:fc:f4,2026-08-04 03:46:26,E8X6iojo46RFyYc5zaAI4n7RYMR6jJXK,MVM783 - The Grandview at Las Vegas,2308A,Evolve M2
68:ab:a9:fe:66:9c,2026-08-04 03:46:25,E8X6iojo46RFyYc5zaAI4n7RYMR6jJXK,MVM783 - The Grandview at Las Vegas,41001B,Evolve M2
68:ab:a9:fe:6c:80,2026-08-04 03:46:25,E8X6iojo46RFyYc5zaAI4n7RYMR6jJXK,MVM783 - The Grandview at Las Vegas,8902A,Evolve M2
68:ab:a9:fe:aa:06,2026-08-04 03:46:25,E8X6iojo46RFyYc5zaAI4n7RYMR6jJXK,MVM783 - The Grandview at Las Vegas,1707B,Evolve M2
68:ab:a9:fb:1e:4c,2026-08-04 03:46:25,E8X6iojo46RFyYc5zaAI4n7RYMR6jJXK,MVM783 - The Grandview at Las Vegas,62009A,Evolve M2
68:ab:a9:fc:45:54,2026-08-04 03:46:25,E8X6iojo46RFyYc5zaAI4n7RYMR6jJXK,MVM783 - The Grandview at Las Vegas,61504B,Evolve M2
10:2b:aa:51:f5:4a,2026-08-04 03:46:25,E8X6iojo46RFyYc5zaAI4n7RYMR6jJXK,MVM783 - The Grandview at Las Vegas,41203B,Evolve M2
68:ab:a9:fc:25:3c,2026-08-04 03:46:25,E8X6iojo46RFyYc5zaAI4n7RYMR6jJXK,MVM783 - The Grandview at Las Vegas,21204A,Evolve M2
10:2b:aa:51:ff:cd,2026-08-04 03:46:25,E8X6iojo46RFyYc5zaAI4n7RYMR6jJXK,MVM783 - The Grandview at Las Vegas,2701A,Evolve M2
68:ab:a9:fc:80:da,2026-08-04 03:46:25,E8X6iojo46RFyYc5zaAI4n7RYMR6jJXK,MVM783 - The Grandview at Las Vegas,11103B,Evolve M2
64:18:df:74:69:0b,2026-08-04 03:46:25,E8X6iojo46RFyYc5zaAI4n7RYMR6jJXK,MVM783 - The Grandview at Las Vegas,6202A,Evolve M2
10:2b:aa:51:6c:36,2026-08-04 03:46:24,E8X6iojo46RFyYc5zaAI4n7RYMR6jJXK,MVM783 - The Grandview at Las Vegas,4806B,Evolve M2
68:ab:a9:fe:a4:b9,2026-08-04 03:46:24,E8X6iojo46RFyYc5zaAI4n7RYMR6jJXK,MVM783 - The Grandview at Las Vegas,41704A,Evolve M2
64:18:df:74:0b:f1,2026-08-04 03:46:24,E8X6iojo46RFyYc5zaAI4n7RYMR6jJXK,MVM783 - The Grandview at Las Vegas,5904B,Evolve M2
64:18:df:73:ed:70,2026-08-04 03:46:24,E8X6iojo46RFyYc5zaAI4n7RYMR6jJXK,MVM783 - The Grandview at Las Vegas,31204B,Evolve M2
10:2b:aa:51:4f:32,2026-08-04 03:46:24,E8X6iojo46RFyYc5zaAI4n7RYMR6jJXK,MVM783 - The Grandview at Las Vegas,61605B,Evolve M2
10:2b:aa:51:57:33,2026-08-04 03:46:24,E8X6iojo46RFyYc5zaAI4n7RYMR6jJXK,MVM783 - The Grandview at Las Vegas,61506B,Evolve M2
10:2b:aa:51:49:9e,2026-08-04 03:46:23,E8X6iojo46RFyYc5zaAI4n7RYMR6jJXK,MVM783 - The Grandview at Las Vegas,61607B,Evolve M2
68:ab:a9:fc:a5:65,2026-08-04 03:46:23,E8X6iojo46RFyYc5zaAI4n7RYMR6jJXK,MVM783 - The Grandview at Las Vegas,3206A,Evolve M2
68:ab:a9:fe:fd:b1,2026-08-04 03:46:23,E8X6iojo46RFyYc5zaAI4n7RYMR6jJXK,MVM783 - The Grandview at Las Vegas,51409A,Evolve M2
10:2b:aa:51:4a:97,2026-08-04 03:46:23,E8X6iojo46RFyYc5zaAI4n7RYMR6jJXK,MVM783 - The Grandview at Las Vegas,3803B,Evolve M2
10:2b:aa:51:4f:e0,2026-08-04 03:46:23,E8X6iojo46RFyYc5zaAI4n7RYMR6jJXK,MVM783 - The Grandview at Las Vegas,6209B,Evolve M2
10:2b:aa:51:fc:1f,2026-08-04 03:46:22,E8X6iojo46RFyYc5zaAI4n7RYMR6jJXK,MVM783 - The Grandview at Las Vegas,21003B,Evolve M2
10:2b:aa:51:4d:34,2026-08-04 03:46:22,E8X6iojo46RFyYc5zaAI4n7RYMR6jJXK,MVM783 - The Grandview at Las Vegas,61204B,Evolve M2
68:ab:a9:fe:53:ea,2026-08-04 03:46:22,E8X6iojo46RFyYc5zaAI4n7RYMR6jJXK,MVM783 - The Grandview at Las Vegas,8908A,Evolve M2
68:ab:a9:f8:57:e0,2026-08-04 03:46:22,E8X6iojo46RFyYc5zaAI4n7RYMR6jJXK,MVM783 - The Grandview at Las Vegas,11204A,Evolve M2
68:ab:a9:fe:de:a3,2026-08-04 03:46:22,E8X6iojo46RFyYc5zaAI4n7RYMR6jJXK,MVM783 - The Grandview at Las Vegas,91104B,Evolve M2
68:ab:a9:fe:cd:7c,2026-08-04 03:46:21,E8X6iojo46RFyYc5zaAI4n7RYMR6jJXK,MVM783 - The Grandview at Las Vegas,41406B,Evolve M2
68:ab:a9:fe:fb:fb,2026-08-04 03:46:21,E8X6iojo46RFyYc5zaAI4n7RYMR6jJXK,MVM783 - The Grandview at Las Vegas,8205A,Evolve M2
68:ab:a9:f7:bf:1f,2026-08-04 03:46:20,E8X6iojo46RFyYc5zaAI4n7RYMR6jJXK,MVM783 - The Grandview at Las Vegas,9305A,Evolve M2
64:18:df:74:36:2b,2026-08-04 03:46:20,E8X6iojo46RFyYc5zaAI4n7RYMR6jJXK,MVM783 - The Grandview at Las Vegas,42009A,Evolve M2
68:ab:a9:fc:4e:5a,2026-08-04 03:46:20,E8X6iojo46RFyYc5zaAI4n7RYMR6jJXK,MVM783 - The Grandview at Las Vegas,31005B,Evolve M2
10:2b:aa:51:4d:73,2026-08-04 03:46:20,E8X6iojo46RFyYc5zaAI4n7RYMR6jJXK,MVM783 - The Grandview at Las Vegas,61507A,Evolve M2
10:2b:aa:51:4d:d9,2026-08-04 03:46:19,E8X6iojo46RFyYc5zaAI4n7RYMR6jJXK,MVM783 - The Grandview at Las Vegas,4504A,Evolve M2
10:2b:aa:51:53:9d,2026-08-04 03:46:19,E8X6iojo46RFyYc5zaAI4n7RYMR6jJXK,MVM783 - The Grandview at Las Vegas,41101A,Evolve M2
68:ab:a9:fe:7e:ce,2026-08-04 03:46:19,E8X6iojo46RFyYc5zaAI4n7RYMR6jJXK,MVM783 - The Grandview at Las Vegas,81006B,Evolve M2
10:2b:aa:51:58:9e,2026-08-04 03:46:19,E8X6iojo46RFyYc5zaAI4n7RYMR6jJXK,MVM783 - The Grandview at Las Vegas,61902B,Evolve M2
10:2b:aa:51:50:e5,2026-08-04 03:46:19,E8X6iojo46RFyYc5zaAI4n7RYMR6jJXK,MVM783 - The Grandview at Las Vegas,8802A,Evolve M2
68:ab:a9:fc:8f:b5,2026-08-04 03:46:19,E8X6iojo46RFyYc5zaAI4n7RYMR6jJXK,MVM783 - The Grandview at Las Vegas,1607B,Evolve M2
68:ab:a9:f8:06:e5,2026-08-04 03:46:18,E8X6iojo46RFyYc5zaAI4n7RYMR6jJXK,MVM783 - The Grandview at Las Vegas,9403A,Evolve M2
10:2b:aa:51:f4:b1,2026-08-04 03:46:18,E8X6iojo46RFyYc5zaAI4n7RYMR6jJXK,MVM783 - The Grandview at Las Vegas,8504A,Evolve M2
10:2b:aa:50:37:a2,2026-08-04 03:46:18,E8X6iojo46RFyYc5zaAI4n7RYMR6jJXK,MVM783 - The Grandview at Las Vegas,6606B,Evolve M2
10:2b:aa:51:5a:a5,2026-08-04 03:46:18,E8X6iojo46RFyYc5zaAI4n7RYMR6jJXK,MVM783 - The Grandview at Las Vegas,51407A,Evolve M2
10:2b:aa:51:57:18,2026-08-04 03:46:18,E8X6iojo46RFyYc5zaAI4n7RYMR6jJXK,MVM783 - The Grandview at Las Vegas,91207B,Evolve M2
64:18:df:74:95:f4,2026-08-04 03:46:17,E8X6iojo46RFyYc5zaAI4n7RYMR6jJXK,MVM783 - The Grandview at Las Vegas,3406B,Evolve M2
68:ab:a9:f8:bb:92,2026-08-04 03:46:17,E8X6iojo46RFyYc5zaAI4n7RYMR6jJXK,MVM783 - The Grandview at Las Vegas,52010A,Evolve M2
10:2b:aa:51:5b:47,2026-08-04 03:46:17,E8X6iojo46RFyYc5zaAI4n7RYMR6jJXK,MVM783 - The Grandview at Las Vegas,3906B,Evolve M2
64:18:df:74:38:31,2026-08-04 03:46:17,E8X6iojo46RFyYc5zaAI4n7RYMR6jJXK,MVM783 - The Grandview at Las Vegas,5906B,Evolve M2
10:2b:aa:51:55:23,2026-08-04 03:46:16,E8X6iojo46RFyYc5zaAI4n7RYMR6jJXK,MVM783 - The Grandview at Las Vegas,REGBREAK,Evolve M2
10:2b:aa:51:5d:e4,2026-08-04 03:46:16,E8X6iojo46RFyYc5zaAI4n7RYMR6jJXK,MVM783 - The Grandview at Las Vegas,91202B,Evolve M2
64:18:df:74:35:bc,2026-08-04 03:46:16,E8X6iojo46RFyYc5zaAI4n7RYMR6jJXK,MVM783 - The Grandview at Las Vegas,41907B,Evolve M2
10:2b:aa:51:67:d4,2026-08-04 03:46:16,E8X6iojo46RFyYc5zaAI4n7RYMR6jJXK,MVM783 - The Grandview at Las Vegas,91107A,Evolve M2
10:2b:aa:51:59:52,2026-08-04 03:46:16,E8X6iojo46RFyYc5zaAI4n7RYMR6jJXK,MVM783 - The Grandview at Las Vegas,61202B,Evolve M2
68:ab:a9:fe:e8:35,2026-08-04 03:46:16,E8X6iojo46RFyYc5zaAI4n7RYMR6jJXK,MVM783 - The Grandview at Las Vegas,41009B,Evolve M2
68:ab:a9:f8:c2:09,2026-08-04 03:46:16,E8X6iojo46RFyYc5zaAI4n7RYMR6jJXK,MVM783 - The Grandview at Las Vegas,9508A,Evolve M2
64:18:df:73:aa:fd,2026-08-04 03:46:16,E8X6iojo46RFyYc5zaAI4n7RYMR6jJXK,MVM783 - The Grandview at Las Vegas,61406B,Evolve M2
64:18:df:73:d6:d2,2026-08-04 03:46:15,E8X6iojo46RFyYc5zaAI4n7RYMR6jJXK,MVM783 - The Grandview at Las Vegas,5606A,Evolve M2
10:2b:aa:51:65:25,2026-08-04 03:46:15,E8X6iojo46RFyYc5zaAI4n7RYMR6jJXK,MVM783 - The Grandview at Las Vegas,3708A,Evolve M2
68:ab:a9:fe:f2:54,2026-08-04 03:46:15,E8X6iojo46RFyYc5zaAI4n7RYMR6jJXK,MVM783 - The Grandview at Las Vegas,9204A,Evolve M2
10:2b:aa:51:69:00,2026-08-04 03:46:15,E8X6iojo46RFyYc5zaAI4n7RYMR6jJXK,MVM783 - The Grandview at Las Vegas,5202A,Evolve M2
10:2b:aa:51:50:31,2026-08-04 03:46:15,E8X6iojo46RFyYc5zaAI4n7RYMR6jJXK,MVM783 - The Grandview at Las Vegas,6209A,Evolve M2
64:18:df:74:2f:b6,2026-08-04 03:46:15,E8X6iojo46RFyYc5zaAI4n7RYMR6jJXK,MVM783 - The Grandview at Las Vegas,52009B,Evolve M2
68:ab:a9:f7:c2:47,2026-08-04 03:46:15,E8X6iojo46RFyYc5zaAI4n7RYMR6jJXK,MVM783 - The Grandview at Las Vegas,2107B,Evolve M2
10:2b:aa:51:fb:b6,2026-08-04 03:46:15,E8X6iojo46RFyYc5zaAI4n7RYMR6jJXK,MVM783 - The Grandview at Las Vegas,1804B@B,Evolve M2
10:2b:aa:51:62:25,2026-08-04 03:46:15,E8X6iojo46RFyYc5zaAI4n7RYMR6jJXK,MVM783 - The Grandview at Las Vegas,5101B,Evolve M2
10:2b:aa:51:57:42,2026-08-04 03:46:14,E8X6iojo46RFyYc5zaAI4n7RYMR6jJXK,MVM783 - The Grandview at Las Vegas,91009B,Evolve M2
10:2b:aa:51:62:97,2026-08-04 03:46:14,E8X6iojo46RFyYc5zaAI4n7RYMR6jJXK,MVM783 - The Grandview at Las Vegas,42109A,Evolve M2
10:2b:aa:51:58:02,2026-08-04 03:46:14,E8X6iojo46RFyYc5zaAI4n7RYMR6jJXK,MVM783 - The Grandview at Las Vegas,31202A,Evolve M2
68:ab:a9:fe:f8:29,2026-08-04 03:46:14,E8X6iojo46RFyYc5zaAI4n7RYMR6jJXK,MVM783 - The Grandview at Las Vegas,41010B,Evolve M2
10:2b:aa:51:5b:ef,2026-08-04 03:46:14,E8X6iojo46RFyYc5zaAI4n7RYMR6jJXK,MVM783 - The Grandview at Las Vegas,5604B,Evolve M2
64:18:df:74:28:56,2026-08-04 03:46:13,E8X6iojo46RFyYc5zaAI4n7RYMR6jJXK,MVM783 - The Grandview at Las Vegas,61806A,Evolve M2
10:2b:aa:51:69:66,2026-08-04 03:46:13,E8X6iojo46RFyYc5zaAI4n7RYMR6jJXK,MVM783 - The Grandview at Las Vegas,52102A,Evolve M2
68:ab:a9:fc:21:2e,2026-08-04 03:46:13,E8X6iojo46RFyYc5zaAI4n7RYMR6jJXK,MVM783 - The Grandview at Las Vegas,2206B,Evolve M2
68:ab:a9:f8:c4:27,2026-08-04 03:46:13,E8X6iojo46RFyYc5zaAI4n7RYMR6jJXK,MVM783 - The Grandview at Las Vegas,11106B,Evolve M2
64:18:df:74:4c:2f,2026-08-04 03:46:13,E8X6iojo46RFyYc5zaAI4n7RYMR6jJXK,MVM783 - The Grandview at Las Vegas,62106A,Evolve M2
10:2b:aa:51:fa:87,2026-08-04 03:46:13,E8X6iojo46RFyYc5zaAI4n7RYMR6jJXK,MVM783 - The Grandview at Las Vegas,81207A,Evolve M2
10:2b:aa:51:f5:f8,2026-08-04 03:46:13,E8X6iojo46RFyYc5zaAI4n7RYMR6jJXK,MVM783 - The Grandview at Las Vegas,9101B,Evolve M2
64:18:df:73:a2:ae,2026-08-04 03:46:12,E8X6iojo46RFyYc5zaAI4n7RYMR6jJXK,MVM783 - The Grandview at Las Vegas,41510A,Evolve M2
68:ab:a9:ff:09:be,2026-08-04 03:46:12,E8X6iojo46RFyYc5zaAI4n7RYMR6jJXK,MVM783 - The Grandview at Las Vegas,6806B,Evolve M2
64:18:df:73:da:b6,2026-08-04 03:46:12,E8X6iojo46RFyYc5zaAI4n7RYMR6jJXK,MVM783 - The Grandview at Las Vegas,61207A,Evolve M2
68:ab:a9:fc:7f:8f,2026-08-04 03:46:11,E8X6iojo46RFyYc5zaAI4n7RYMR6jJXK,MVM783 - The Grandview at Las Vegas,1108B,Evolve M2
10:2b:aa:51:5d:33,2026-08-04 03:46:11,E8X6iojo46RFyYc5zaAI4n7RYMR6jJXK,MVM783 - The Grandview at Las Vegas,5104A,Evolve M2
68:ab:a9:fe:62:21,2026-08-04 03:46:11,E8X6iojo46RFyYc5zaAI4n7RYMR6jJXK,MVM783 - The Grandview at Las Vegas,8905A,Evolve M2
68:ab:a9:fc:f6:bb,2026-08-04 03:46:11,E8X6iojo46RFyYc5zaAI4n7RYMR6jJXK,MVM783 - The Grandview at Las Vegas,51606A,Evolve M2
10:2b:aa:51:61:1a,2026-08-04 03:46:11,E8X6iojo46RFyYc5zaAI4n7RYMR6jJXK,MVM783 - The Grandview at Las Vegas,4104A,Evolve M2
10:2b:aa:51:fd:9c,2026-08-04 03:46:11,E8X6iojo46RFyYc5zaAI4n7RYMR6jJXK,MVM783 - The Grandview at Las Vegas,9202A,Evolve M2
68:ab:a9:fe:bd:f4,2026-08-04 03:46:11,E8X6iojo46RFyYc5zaAI4n7RYMR6jJXK,MVM783 - The Grandview at Las Vegas,2904B,Evolve M2
68:ab:a9:f8:58:52,2026-08-04 03:46:11,E8X6iojo46RFyYc5zaAI4n7RYMR6jJXK,MVM783 - The Grandview at Las Vegas,11005B,Evolve M2
68:ab:a9:fe:43:e8,2026-08-04 03:46:11,E8X6iojo46RFyYc5zaAI4n7RYMR6jJXK,MVM783 - The Grandview at Las Vegas,6608B,Evolve M2
68:ab:a9:fc:fe:3e,2026-08-04 03:46:11,E8X6iojo46RFyYc5zaAI4n7RYMR6jJXK,MVM783 - The Grandview at Las Vegas,3908B,Evolve M2
10:2b:aa:51:57:30,2026-08-04 03:46:11,E8X6iojo46RFyYc5zaAI4n7RYMR6jJXK,MVM783 - The Grandview at Las Vegas,31202A,Evolve M2
68:ab:a9:f8:64:7d,2026-08-04 03:46:10,E8X6iojo46RFyYc5zaAI4n7RYMR6jJXK,MVM783 - The Grandview at Las Vegas,1701B@B,Evolve M2
10:2b:aa:51:6c:60,2026-08-04 03:46:10,E8X6iojo46RFyYc5zaAI4n7RYMR6jJXK,MVM783 - The Grandview at Las Vegas,91107A,Evolve M2
64:18:df:74:04:9c,2026-08-04 03:46:10,E8X6iojo46RFyYc5zaAI4n7RYMR6jJXK,MVM783 - The Grandview at Las Vegas,51107A,Evolve M2
68:ab:a9:fe:a4:05,2026-08-04 03:46:10,E8X6iojo46RFyYc5zaAI4n7RYMR6jJXK,MVM783 - The Grandview at Las Vegas,9504A,Evolve M2
10:2b:aa:51:52:26,2026-08-04 03:46:10,E8X6iojo46RFyYc5zaAI4n7RYMR6jJXK,MVM783 - The Grandview at Las Vegas,51205B,Evolve M2
68:ab:a9:fc:49:6b,2026-08-04 03:46:10,E8X6iojo46RFyYc5zaAI4n7RYMR6jJXK,MVM783 - The Grandview at Las Vegas,1508B,Evolve M2
68:ab:a9:fe:ab:cf,2026-08-04 03:46:10,E8X6iojo46RFyYc5zaAI4n7RYMR6jJXK,MVM783 - The Grandview at Las Vegas,8902B,Evolve M2
68:ab:a9:fb:1f:1e,2026-08-04 03:46:09,E8X6iojo46RFyYc5zaAI4n7RYMR6jJXK,MVM783 - The Grandview at Las Vegas,4609B,Evolve M2
10:2b:aa:51:52:aa,2026-08-04 03:46:09,E8X6iojo46RFyYc5zaAI4n7RYMR6jJXK,MVM783 - The Grandview at Las Vegas,4905A,Evolve M2
10:2b:aa:51:62:28,2026-08-04 03:46:09,E8X6iojo46RFyYc5zaAI4n7RYMR6jJXK,MVM783 - The Grandview at Las Vegas,5805A,Evolve M2
10:2b:aa:51:f9:4c,2026-08-04 03:46:09,E8X6iojo46RFyYc5zaAI4n7RYMR6jJXK,MVM783 - The Grandview at Las Vegas,11206A,Evolve M2
68:ab:a9:fe:f2:04,2026-08-04 03:46:09,E8X6iojo46RFyYc5zaAI4n7RYMR6jJXK,MVM783 - The Grandview at Las Vegas,11003B,Evolve M2
68:ab:a9:fb:a9:a8,2026-08-04 03:46:09,E8X6iojo46RFyYc5zaAI4n7RYMR6jJXK,MVM783 - The Grandview at Las Vegas,8103B,Evolve M2
68:ab:a9:f9:3f:53,2026-08-04 03:46:08,E8X6iojo46RFyYc5zaAI4n7RYMR6jJXK,MVM783 - The Grandview at Las Vegas,3205B,Evolve M2
64:18:df:74:55:0a,2026-08-04 03:46:08,E8X6iojo46RFyYc5zaAI4n7RYMR6jJXK,MVM783 - The Grandview at Las Vegas,4509A,Evolve M2
10:2b:aa:51:f5:20,2026-08-04 03:46:08,E8X6iojo46RFyYc5zaAI4n7RYMR6jJXK,MVM783 - The Grandview at Las Vegas,41610A,Evolve M2
68:ab:a9:f8:e3:a8,2026-08-04 03:46:08,E8X6iojo46RFyYc5zaAI4n7RYMR6jJXK,MVM783 - The Grandview at Las Vegas,11007A,Evolve M2
68:ab:a9:fe:74:ef,2026-08-04 03:46:07,E8X6iojo46RFyYc5zaAI4n7RYMR6jJXK,MVM783 - The Grandview at Las Vegas,41701B,Evolve M2
68:ab:a9:f9:e0:0f,2026-08-04 03:46:07,E8X6iojo46RFyYc5zaAI4n7RYMR6jJXK,MVM783 - The Grandview at Las Vegas,5102A,Evolve M2
64:18:df:74:02:05,2026-08-04 03:46:07,E8X6iojo46RFyYc5zaAI4n7RYMR6jJXK,MVM783 - The Grandview at Las Vegas,4309B,Evolve M2
10:2b:aa:51:f6:0a,2026-08-04 03:46:07,E8X6iojo46RFyYc5zaAI4n7RYMR6jJXK,MVM783 - The Grandview at Las Vegas,2906B,Evolve M2
68:ab:a9:fe:a3:cf,2026-08-04 03:46:06,E8X6iojo46RFyYc5zaAI4n7RYMR6jJXK,MVM783 - The Grandview at Las Vegas,6608A,Evolve M2
68:ab:a9:fe:c0:9a,2026-08-04 03:46:06,E8X6iojo46RFyYc5zaAI4n7RYMR6jJXK,MVM783 - The Grandview at Las Vegas,8501B,Evolve M2
10:2b:aa:51:55:4d,2026-08-04 03:46:06,E8X6iojo46RFyYc5zaAI4n7RYMR6jJXK,MVM783 - The Grandview at Las Vegas,5603B,Evolve M2
10:2b:aa:51:6c:b1,2026-08-04 03:46:06,E8X6iojo46RFyYc5zaAI4n7RYMR6jJXK,MVM783 - The Grandview at Las Vegas,61503A,Evolve M2
10:2b:aa:51:69:4e,2026-08-04 03:46:06,E8X6iojo46RFyYc5zaAI4n7RYMR6jJXK,MVM783 - The Grandview at Las Vegas,5903A,Evolve M2
68:ab:a9:fe:db:db,2026-08-04 03:46:06,E8X6iojo46RFyYc5zaAI4n7RYMR6jJXK,MVM783 - The Grandview at Las Vegas,8206B,Evolve M2
10:2b:aa:51:61:f2,2026-08-04 03:46:05,E8X6iojo46RFyYc5zaAI4n7RYMR6jJXK,MVM783 - The Grandview at Las Vegas,4109B,Evolve M2
10:2b:aa:51:5d:36,2026-08-04 03:46:05,E8X6iojo46RFyYc5zaAI4n7RYMR6jJXK,MVM783 - The Grandview at Las Vegas,5904A,Evolve M2
68:ab:a9:f8:9b:b7,2026-08-04 03:46:05,E8X6iojo46RFyYc5zaAI4n7RYMR6jJXK,MVM783 - The Grandview at Las Vegas,51805A,Evolve M2
10:2b:aa:51:6b:f1,2026-08-04 03:46:05,E8X6iojo46RFyYc5zaAI4n7RYMR6jJXK,MVM783 - The Grandview at Las Vegas,6510B,Evolve M2
10:2b:aa:51:5a:93,2026-08-04 03:46:04,E8X6iojo46RFyYc5zaAI4n7RYMR6jJXK,MVM783 - The Grandview at Las Vegas,3104A,Evolve M2
68:ab:a9:fc:1d:5f,2026-08-04 03:46:04,E8X6iojo46RFyYc5zaAI4n7RYMR6jJXK,MVM783 - The Grandview at Las Vegas,8102A,Evolve M2
68:ab:a9:f8:bc:0f,2026-08-04 03:46:04,E8X6iojo46RFyYc5zaAI4n7RYMR6jJXK,MVM783 - The Grandview at Las Vegas,1302B@B,Evolve M2
64:18:df:74:65:4b,2026-08-04 03:46:04,E8X6iojo46RFyYc5zaAI4n7RYMR6jJXK,MVM783 - The Grandview at Las Vegas,3604A,Evolve M2
68:ab:a9:fe:3b:81,2026-08-04 03:46:04,E8X6iojo46RFyYc5zaAI4n7RYMR6jJXK,MVM783 - The Grandview at Las Vegas,51410B,Evolve M2
64:18:df:74:1f:11,2026-08-04 03:46:04,E8X6iojo46RFyYc5zaAI4n7RYMR6jJXK,MVM783 - The Grandview at Las Vegas,5908B,Evolve M2
10:2b:aa:51:fd:d5,2026-08-04 03:46:04,E8X6iojo46RFyYc5zaAI4n7RYMR6jJXK,MVM783 - The Grandview at Las Vegas,2104B,Evolve M2
10:2b:aa:51:f6:8e,2026-08-04 03:46:04,E8X6iojo46RFyYc5zaAI4n7RYMR6jJXK,MVM783 - The Grandview at Las Vegas,21001B,Evolve M2
10:2b:aa:51:f7:e1,2026-08-04 03:46:04,E8X6iojo46RFyYc5zaAI4n7RYMR6jJXK,MVM783 - The Grandview at Las Vegas,9205B,Evolve M2
10:2b:aa:51:50:58,2026-08-04 03:46:03,E8X6iojo46RFyYc5zaAI4n7RYMR6jJXK,MVM783 - The Grandview at Las Vegas,52106B,Evolve M2
64:18:df:74:33:6f,2026-08-04 03:46:03,E8X6iojo46RFyYc5zaAI4n7RYMR6jJXK,MVM783 - The Grandview at Las Vegas,41903B,Evolve M2
68:ab:a9:f8:97:8d,2026-08-04 03:46:03,E8X6iojo46RFyYc5zaAI4n7RYMR6jJXK,MVM783 - The Grandview at Las Vegas,8702A,Evolve M2
64:18:df:73:f8:39,2026-08-04 03:46:03,E8X6iojo46RFyYc5zaAI4n7RYMR6jJXK,MVM783 - The Grandview at Las Vegas,4404B,Evolve M2
10:2b:aa:51:49:17,2026-08-04 03:46:03,E8X6iojo46RFyYc5zaAI4n7RYMR6jJXK,MVM783 - The Grandview at Las Vegas,91008B,Evolve M2
10:2b:aa:51:5f:1f,2026-08-04 03:46:02,E8X6iojo46RFyYc5zaAI4n7RYMR6jJXK,MVM783 - The Grandview at Las Vegas,4804B,Evolve M2
10:2b:aa:51:6a:fe,2026-08-04 03:46:02,E8X6iojo46RFyYc5zaAI4n7RYMR6jJXK,MVM783 - The Grandview at Las Vegas,51405A,Evolve M2
10:2b:aa:51:64:89,2026-08-04 03:46:02,E8X6iojo46RFyYc5zaAI4n7RYMR6jJXK,MVM783 - The Grandview at Las Vegas,6506A,Evolve M2
68:ab:a9:fe:4f:b8,2026-08-04 03:46:02,E8X6iojo46RFyYc5zaAI4n7RYMR6jJXK,MVM783 - The Grandview at Las Vegas,9301B,Evolve M2
10:2b:aa:51:63:ff,2026-08-04 03:46:01,E8X6iojo46RFyYc5zaAI4n7RYMR6jJXK,MVM783 - The Grandview at Las Vegas,5805B,Evolve M2
68:ab:a9:fe:a3:3c,2026-08-04 03:46:01,E8X6iojo46RFyYc5zaAI4n7RYMR6jJXK,MVM783 - The Grandview at Las Vegas,2907B,Evolve M2
68:ab:a9:f8:d4:50,2026-08-04 03:46:01,E8X6iojo46RFyYc5zaAI4n7RYMR6jJXK,MVM783 - The Grandview at Las Vegas,8405B,Evolve M2
10:2b:aa:51:4e:45,2026-08-04 03:46:01,E8X6iojo46RFyYc5zaAI4n7RYMR6jJXK,MVM783 - The Grandview at Las Vegas,4109A,Evolve M2
68:ab:a9:fc:25:f5,2026-08-04 03:46:01,E8X6iojo46RFyYc5zaAI4n7RYMR6jJXK,MVM783 - The Grandview at Las Vegas,31006A,Evolve M2
68:ab:a9:fc:4c:73,2026-08-04 03:46:01,E8X6iojo46RFyYc5zaAI4n7RYMR6jJXK,MVM783 - The Grandview at Las Vegas,21204B,Evolve M2
10:2b:aa:51:50:ee,2026-08-04 03:46:00,E8X6iojo46RFyYc5zaAI4n7RYMR6jJXK,MVM783 - The Grandview at Las Vegas,41109B,Evolve M2
68:ab:a9:f8:78:7b,2026-08-04 03:46:00,E8X6iojo46RFyYc5zaAI4n7RYMR6jJXK,MVM783 - The Grandview at Las Vegas,8405A,Evolve M2
68:ab:a9:fe:dc:17,2026-08-04 03:46:00,E8X6iojo46RFyYc5zaAI4n7RYMR6jJXK,MVM783 - The Grandview at Las Vegas,1705B,Evolve M2
10:2b:aa:51:6b:94,2026-08-04 03:46:00,E8X6iojo46RFyYc5zaAI4n7RYMR6jJXK,MVM783 - The Grandview at Las Vegas,3502B,Evolve M2
10:2b:aa:51:6b:df,2026-08-04 03:46:00,E8X6iojo46RFyYc5zaAI4n7RYMR6jJXK,MVM783 - The Grandview at Las Vegas,9401B,Evolve M2
68:ab:a9:f8:d4:90,2026-08-04 03:46:00,E8X6iojo46RFyYc5zaAI4n7RYMR6jJXK,MVM783 - The Grandview at Las Vegas,8406A,Evolve M2
10:2b:aa:51:68:82,2026-08-04 03:46:00,E8X6iojo46RFyYc5zaAI4n7RYMR6jJXK,MVM783 - The Grandview at Las Vegas,3710B,Evolve M2
10:2b:aa:51:5b:65,2026-08-04 03:46:00,E8X6iojo46RFyYc5zaAI4n7RYMR6jJXK,MVM783 - The Grandview at Las Vegas,91203A,Evolve M2
10:2b:aa:51:f6:40,2026-08-04 03:46:00,E8X6iojo46RFyYc5zaAI4n7RYMR6jJXK,MVM783 - The Grandview at Las Vegas,21003A,Evolve M2
68:ab:a9:fe:e7:51,2026-08-04 03:45:59,E8X6iojo46RFyYc5zaAI4n7RYMR6jJXK,MVM783 - The Grandview at Las Vegas,42104B,Evolve M2
10:2b:aa:51:67:ec,2026-08-04 03:45:59,E8X6iojo46RFyYc5zaAI4n7RYMR6jJXK,MVM783 - The Grandview at Las Vegas,5604A,Evolve M2
68:ab:a9:fc:2d:71,2026-08-04 03:45:59,E8X6iojo46RFyYc5zaAI4n7RYMR6jJXK,MVM783 - The Grandview at Las Vegas,3107B,Evolve M2
10:2b:aa:51:68:d0,2026-08-04 03:45:59,E8X6iojo46RFyYc5zaAI4n7RYMR6jJXK,MVM783 - The Grandview at Las Vegas,41504B,Evolve M2
10:2b:aa:51:52:11,2026-08-04 03:45:59,E8X6iojo46RFyYc5zaAI4n7RYMR6jJXK,MVM783 - The Grandview at Las Vegas,4905A,Evolve M2
10:2b:aa:51:66:9f,2026-08-04 03:45:59,E8X6iojo46RFyYc5zaAI4n7RYMR6jJXK,MVM783 - The Grandview at Las Vegas,8801B,Evolve M2
64:18:df:74:15:97,2026-08-04 03:45:59,E8X6iojo46RFyYc5zaAI4n7RYMR6jJXK,MVM783 - The Grandview at Las Vegas,0000A,Evolve M2
68:ab:a9:f9:3f:5a,2026-08-04 03:45:59,E8X6iojo46RFyYc5zaAI4n7RYMR6jJXK,MVM783 - The Grandview at Las Vegas,91108A,Evolve M2
10:2b:aa:51:50:25,2026-08-04 03:45:58,E8X6iojo46RFyYc5zaAI4n7RYMR6jJXK,MVM783 - The Grandview at Las Vegas,61802B,Evolve M2
10:2b:aa:51:5c:e8,2026-08-04 03:45:58,E8X6iojo46RFyYc5zaAI4n7RYMR6jJXK,MVM783 - The Grandview at Las Vegas,51003B,Evolve M2
10:2b:aa:51:53:be,2026-08-04 03:45:58,E8X6iojo46RFyYc5zaAI4n7RYMR6jJXK,MVM783 - The Grandview at Las Vegas,3710A,Evolve M2
64:18:df:74:33:d2,2026-08-04 03:45:58,E8X6iojo46RFyYc5zaAI4n7RYMR6jJXK,MVM783 - The Grandview at Las Vegas,5901B,Evolve M2
64:18:df:74:0f:9a,2026-08-04 03:45:58,E8X6iojo46RFyYc5zaAI4n7RYMR6jJXK,MVM783 - The Grandview at Las Vegas,61804A,Evolve M2
10:2b:aa:50:bf:f2,2026-08-04 03:45:58,E8X6iojo46RFyYc5zaAI4n7RYMR6jJXK,MVM783 - The Grandview at Las Vegas,51005A,Evolve M2
68:ab:a9:f8:ed:9f,2026-08-04 03:45:58,E8X6iojo46RFyYc5zaAI4n7RYMR6jJXK,MVM783 - The Grandview at Las Vegas,1702B,Evolve M2
10:2b:aa:51:ff:8b,2026-08-04 03:45:58,E8X6iojo46RFyYc5zaAI4n7RYMR6jJXK,MVM783 - The Grandview at Las Vegas,81005A,Evolve M2
10:2b:aa:51:53:e2,2026-08-04 03:45:57,E8X6iojo46RFyYc5zaAI4n7RYMR6jJXK,MVM783 - The Grandview at Las Vegas,41803B,Evolve M2
10:2b:aa:51:52:47,2026-08-04 03:45:57,E8X6iojo46RFyYc5zaAI4n7RYMR6jJXK,MVM783 - The Grandview at Las Vegas,51205A,Evolve M2
10:2b:aa:51:54:27,2026-08-04 03:45:57,E8X6iojo46RFyYc5zaAI4n7RYMR6jJXK,MVM783 - The Grandview at Las Vegas,4302A,Evolve M2
68:ab:a9:ff:0b:3e,2026-08-04 03:45:57,E8X6iojo46RFyYc5zaAI4n7RYMR6jJXK,MVM783 - The Grandview at Las Vegas,3902B,Evolve M2
68:ab:a9:fa:1c:d1,2026-08-04 03:45:56,E8X6iojo46RFyYc5zaAI4n7RYMR6jJXK,MVM783 - The Grandview at Las Vegas,51909B,Evolve M2
68:ab:a9:fe:d7:97,2026-08-04 03:45:56,E8X6iojo46RFyYc5zaAI4n7RYMR6jJXK,MVM783 - The Grandview at Las Vegas,41205B,Evolve M2
10:2b:aa:51:5a:78,2026-08-04 03:45:56,E8X6iojo46RFyYc5zaAI4n7RYMR6jJXK,MVM783 - The Grandview at Las Vegas,4704A,Evolve M2
10:2b:aa:51:4e:e1,2026-08-04 03:45:56,E8X6iojo46RFyYc5zaAI4n7RYMR6jJXK,MVM783 - The Grandview at Las Vegas,51508A,Evolve M2
10:2b:aa:51:f8:17,2026-08-04 03:45:56,E8X6iojo46RFyYc5zaAI4n7RYMR6jJXK,MVM783 - The Grandview at Las Vegas,2807B,Evolve M2
68:ab:a9:f8:64:1e,2026-08-04 03:45:56,E8X6iojo46RFyYc5zaAI4n7RYMR6jJXK,MVM783 - The Grandview at Las Vegas,2202B,Evolve M2
10:2b:aa:51:60:8d,2026-08-04 03:45:56,E8X6iojo46RFyYc5zaAI4n7RYMR6jJXK,MVM783 - The Grandview at Las Vegas,61505A,Evolve M2
10:2b:aa:51:63:ea,2026-08-04 03:45:55,E8X6iojo46RFyYc5zaAI4n7RYMR6jJXK,MVM783 - The Grandview at Las Vegas,4504A,Evolve M2
10:2b:aa:51:ff:af,2026-08-04 03:45:55,E8X6iojo46RFyYc5zaAI4n7RYMR6jJXK,MVM783 - The Grandview at Las Vegas,2607A,Evolve M2
10:2b:aa:51:68:01,2026-08-04 03:45:55,E8X6iojo46RFyYc5zaAI4n7RYMR6jJXK,MVM783 - The Grandview at Las Vegas,3402A,Evolve M2
64:18:df:74:3a:c0,2026-08-04 03:45:55,E8X6iojo46RFyYc5zaAI4n7RYMR6jJXK,MVM783 - The Grandview at Las Vegas,4107A,Evolve M2
64:18:df:74:18:18,2026-08-04 03:45:55,E8X6iojo46RFyYc5zaAI4n7RYMR6jJXK,MVM783 - The Grandview at Las Vegas,41602B,Evolve M2
64:18:df:74:63:46,2026-08-04 03:45:55,E8X6iojo46RFyYc5zaAI4n7RYMR6jJXK,MVM783 - The Grandview at Las Vegas,6903A,Evolve M2
68:ab:a9:fe:a3:51,2026-08-04 03:45:55,E8X6iojo46RFyYc5zaAI4n7RYMR6jJXK,MVM783 - The Grandview at Las Vegas,9801A,Evolve M2
68:ab:a9:ff:14:40,2026-08-04 03:45:55,E8X6iojo46RFyYc5zaAI4n7RYMR6jJXK,MVM783 - The Grandview at Las Vegas,61003A,Evolve M2
68:ab:a9:fc:2d:21,2026-08-04 03:45:55,E8X6iojo46RFyYc5zaAI4n7RYMR6jJXK,MVM783 - The Grandview at Las Vegas,2606B,Evolve M2
64:18:df:73:f6:00,2026-08-04 03:45:55,E8X6iojo46RFyYc5zaAI4n7RYMR6jJXK,MVM783 - The Grandview at Las Vegas,91205A,Evolve M2
10:2b:aa:51:67:ef,2026-08-04 03:45:55,E8X6iojo46RFyYc5zaAI4n7RYMR6jJXK,MVM783 - The Grandview at Las Vegas,3606B,Evolve M2
10:2b:aa:51:60:21,2026-08-04 03:45:55,E8X6iojo46RFyYc5zaAI4n7RYMR6jJXK,MVM783 - The Grandview at Las Vegas,4209A,Evolve M2
64:18:df:74:16:89,2026-08-04 03:45:54,E8X6iojo46RFyYc5zaAI4n7RYMR6jJXK,MVM783 - The Grandview at Las Vegas,51906A,Evolve M2
10:2b:aa:51:5e:98,2026-08-04 03:45:54,E8X6iojo46RFyYc5zaAI4n7RYMR6jJXK,MVM783 - The Grandview at Las Vegas,51108A,Evolve M2
64:18:df:73:c1:aa,2026-08-04 03:45:54,E8X6iojo46RFyYc5zaAI4n7RYMR6jJXK,MVM783 - The Grandview at Las Vegas,31106B,Evolve M2
68:ab:a9:f8:ba:6b,2026-08-04 03:45:54,E8X6iojo46RFyYc5zaAI4n7RYMR6jJXK,MVM783 - The Grandview at Las Vegas,6307B,Evolve M2
68:ab:a9:fe:85:0e,2026-08-04 03:45:54,E8X6iojo46RFyYc5zaAI4n7RYMR6jJXK,MVM783 - The Grandview at Las Vegas,9102B,Evolve M2
68:ab:a9:fb:d5:9f,2026-08-04 03:45:54,E8X6iojo46RFyYc5zaAI4n7RYMR6jJXK,MVM783 - The Grandview at Las Vegas,21206A,Evolve M2
68:ab:a9:f8:5e:db,2026-08-04 03:45:54,E8X6iojo46RFyYc5zaAI4n7RYMR6jJXK,MVM783 - The Grandview at Las Vegas,3102A,Evolve M2
68:ab:a9:fc:9d:60,2026-08-04 03:45:54,E8X6iojo46RFyYc5zaAI4n7RYMR6jJXK,MVM783 - The Grandview at Las Vegas,31108B,Evolve M2
10:2b:aa:51:f3:dc,2026-08-04 03:45:53,E8X6iojo46RFyYc5zaAI4n7RYMR6jJXK,MVM783 - The Grandview at Las Vegas,11205B,Evolve M2
68:ab:a9:f8:ce:d8,2026-08-04 03:45:53,E8X6iojo46RFyYc5zaAI4n7RYMR6jJXK,MVM783 - The Grandview at Las Vegas,41701A,Evolve M2
64:18:df:74:4f:42,2026-08-04 03:45:53,E8X6iojo46RFyYc5zaAI4n7RYMR6jJXK,MVM783 - The Grandview at Las Vegas,6303A,Evolve M2
10:2b:aa:51:4d:52,2026-08-04 03:45:53,E8X6iojo46RFyYc5zaAI4n7RYMR6jJXK,MVM783 - The Grandview at Las Vegas,4907A,Evolve M2
64:18:df:74:06:f0,2026-08-04 03:45:53,E8X6iojo46RFyYc5zaAI4n7RYMR6jJXK,MVM783 - The Grandview at Las Vegas,51901B,Evolve M2
68:ab:a9:fe:f7:85,2026-08-04 03:45:53,E8X6iojo46RFyYc5zaAI4n7RYMR6jJXK,MVM783 - The Grandview at Las Vegas,8204A,Evolve M2
68:ab:a9:fc:50:67,2026-08-04 03:45:53,E8X6iojo46RFyYc5zaAI4n7RYMR6jJXK,MVM783 - The Grandview at Las Vegas,3204B,Evolve M2
64:18:df:73:d1:73,2026-08-04 03:45:52,E8X6iojo46RFyYc5zaAI4n7RYMR6jJXK,MVM783 - The Grandview at Las Vegas,8808B,Evolve M2
68:ab:a9:fe:5f:fb,2026-08-04 03:45:52,E8X6iojo46RFyYc5zaAI4n7RYMR6jJXK,MVM783 - The Grandview at Las Vegas,41709B,Evolve M2
68:ab:a9:fb:21:17,2026-08-04 03:45:52,E8X6iojo46RFyYc5zaAI4n7RYMR6jJXK,MVM783 - The Grandview at Las Vegas,62004A,Evolve M2
10:2b:aa:51:6b:88,2026-08-04 03:45:52,E8X6iojo46RFyYc5zaAI4n7RYMR6jJXK,MVM783 - The Grandview at Las Vegas,3504A,Evolve M2
68:ab:a9:ff:0e:ae,2026-08-04 03:45:52,E8X6iojo46RFyYc5zaAI4n7RYMR6jJXK,MVM783 - The Grandview at Las Vegas,51409B,Evolve M2
10:2b:aa:51:5d:21,2026-08-04 03:45:51,E8X6iojo46RFyYc5zaAI4n7RYMR6jJXK,MVM783 - The Grandview at Las Vegas,52101B,Evolve M2
10:2b:aa:50:be:78,2026-08-04 03:45:51,E8X6iojo46RFyYc5zaAI4n7RYMR6jJXK,MVM783 - The Grandview at Las Vegas,4708B,Evolve M2
10:2b:aa:51:52:b3,2026-08-04 03:45:51,E8X6iojo46RFyYc5zaAI4n7RYMR6jJXK,MVM783 - The Grandview at Las Vegas,41108B,Evolve M2
68:ab:a9:fe:f6:64,2026-08-04 03:45:51,E8X6iojo46RFyYc5zaAI4n7RYMR6jJXK,MVM783 - The Grandview at Las Vegas,52105A,Evolve M2
10:2b:aa:51:69:c3,2026-08-04 03:45:51,E8X6iojo46RFyYc5zaAI4n7RYMR6jJXK,MVM783 - The Grandview at Las Vegas,9909B,Evolve M2
64:18:df:74:3c:00,2026-08-04 03:45:51,E8X6iojo46RFyYc5zaAI4n7RYMR6jJXK,MVM783 - The Grandview at Las Vegas,41906A,Evolve M2
10:2b:aa:51:53:b5,2026-08-04 03:45:50,E8X6iojo46RFyYc5zaAI4n7RYMR6jJXK,MVM783 - The Grandview at Las Vegas,51703B,Evolve M2
10:2b:aa:51:58:08,2026-08-04 03:45:50,E8X6iojo46RFyYc5zaAI4n7RYMR6jJXK,MVM783 - The Grandview at Las Vegas,51508A,Evolve M2
10:2b:aa:51:4c:47,2026-08-04 03:45:50,E8X6iojo46RFyYc5zaAI4n7RYMR6jJXK,MVM783 - The Grandview at Las Vegas,51205A,Evolve M2
10:2b:aa:51:f5:53,2026-08-04 03:45:50,E8X6iojo46RFyYc5zaAI4n7RYMR6jJXK,MVM783 - The Grandview at Las Vegas,9310B,Evolve M2
68:ab:a9:fc:35:5b,2026-08-04 03:45:50,E8X6iojo46RFyYc5zaAI4n7RYMR6jJXK,MVM783 - The Grandview at Las Vegas,11103A,Evolve M2
10:2b:aa:51:62:df,2026-08-04 03:45:49,E8X6iojo46RFyYc5zaAI4n7RYMR6jJXK,MVM783 - The Grandview at Las Vegas,5302B,Evolve M2
64:18:df:73:d9:5d,2026-08-04 03:45:49,E8X6iojo46RFyYc5zaAI4n7RYMR6jJXK,MVM783 - The Grandview at Las Vegas,41104B,Evolve M2
10:2b:aa:51:62:07,2026-08-04 03:45:49,E8X6iojo46RFyYc5zaAI4n7RYMR6jJXK,MVM783 - The Grandview at Las Vegas,4104A,Evolve M2
64:18:df:74:0f:37,2026-08-04 03:45:49,E8X6iojo46RFyYc5zaAI4n7RYMR6jJXK,MVM783 - The Grandview at Las Vegas,61109A,Evolve M2
68:ab:a9:f8:40:03,2026-08-04 03:45:49,E8X6iojo46RFyYc5zaAI4n7RYMR6jJXK,MVM783 - The Grandview at Las Vegas,8104B,Evolve M2
64:18:df:73:de:9d,2026-08-04 03:45:49,E8X6iojo46RFyYc5zaAI4n7RYMR6jJXK,MVM783 - The Grandview at Las Vegas,31103B,Evolve M2
64:18:df:74:61:4a,2026-08-04 03:45:48,E8X6iojo46RFyYc5zaAI4n7RYMR6jJXK,MVM783 - The Grandview at Las Vegas,41903A,Evolve M2
10:2b:aa:51:f4:8a,2026-08-04 03:45:48,E8X6iojo46RFyYc5zaAI4n7RYMR6jJXK,MVM783 - The Grandview at Las Vegas,8606B,Evolve M2
10:2b:aa:51:fa:1e,2026-08-04 03:45:48,E8X6iojo46RFyYc5zaAI4n7RYMR6jJXK,MVM783 - The Grandview at Las Vegas,9303A,Evolve M2
10:2b:aa:51:f4:db,2026-08-04 03:45:48,E8X6iojo46RFyYc5zaAI4n7RYMR6jJXK,MVM783 - The Grandview at Las Vegas,41406B,Evolve M2
68:ab:a9:f8:63:78,2026-08-04 03:45:48,E8X6iojo46RFyYc5zaAI4n7RYMR6jJXK,MVM783 - The Grandview at Las Vegas,3103B,Evolve M2
68:ab:a9:fb:08:c3,2026-08-04 03:45:48,E8X6iojo46RFyYc5zaAI4n7RYMR6jJXK,MVM783 - The Grandview at Las Vegas,91001A,Evolve M2
64:18:df:73:d9:e4,2026-08-04 03:45:47,E8X6iojo46RFyYc5zaAI4n7RYMR6jJXK,MVM783 - The Grandview at Las Vegas,61905B,Evolve M2
10:2b:aa:51:5e:a7,2026-08-04 03:45:47,E8X6iojo46RFyYc5zaAI4n7RYMR6jJXK,MVM783 - The Grandview at Las Vegas,31201A,Evolve M2
10:2b:aa:51:4c:0e,2026-08-04 03:45:46,E8X6iojo46RFyYc5zaAI4n7RYMR6jJXK,MVM783 - The Grandview at Las Vegas,61801B,Evolve M2
10:2b:aa:51:67:dd,2026-08-04 03:45:46,E8X6iojo46RFyYc5zaAI4n7RYMR6jJXK,MVM783 - The Grandview at Las Vegas,31204B,Evolve M2
10:2b:aa:51:53:d9,2026-08-04 03:45:46,E8X6iojo46RFyYc5zaAI4n7RYMR6jJXK,MVM783 - The Grandview at Las Vegas,41803B,Evolve M2
68:ab:a9:fb:e3:af,2026-08-04 03:45:46,E8X6iojo46RFyYc5zaAI4n7RYMR6jJXK,MVM783 - The Grandview at Las Vegas,51609B,Evolve M2
64:18:df:73:e3:7a,2026-08-04 03:45:46,E8X6iojo46RFyYc5zaAI4n7RYMR6jJXK,MVM783 - The Grandview at Las Vegas,61005A,Evolve M2
64:18:df:73:bf:79,2026-08-04 03:45:46,E8X6iojo46RFyYc5zaAI4n7RYMR6jJXK,MVM783 - The Grandview at Las Vegas,6702A,Evolve M2
68:ab:a9:fe:56:d5,2026-08-04 03:45:46,E8X6iojo46RFyYc5zaAI4n7RYMR6jJXK,MVM783 - The Grandview at Las Vegas,9509A,Evolve M2
64:18:df:74:62:65,2026-08-04 03:45:46,E8X6iojo46RFyYc5zaAI4n7RYMR6jJXK,MVM783 - The Grandview at Las Vegas,4504B,Evolve M2
64:18:df:74:4d:12,2026-08-04 03:45:45,E8X6iojo46RFyYc5zaAI4n7RYMR6jJXK,MVM783 - The Grandview at Las Vegas,61808A,Evolve M2
10:2b:aa:51:61:1d,2026-08-04 03:45:45,E8X6iojo46RFyYc5zaAI4n7RYMR6jJXK,MVM783 - The Grandview at Las Vegas,61404A,Evolve M2
68:ab:a9:fe:c1:ef,2026-08-04 03:45:45,E8X6iojo46RFyYc5zaAI4n7RYMR6jJXK,MVM783 - The Grandview at Las Vegas,41701A,Evolve M2
10:2b:aa:51:61:95,2026-08-04 03:45:45,E8X6iojo46RFyYc5zaAI4n7RYMR6jJXK,MVM783 - The Grandview at Las Vegas,4207B,Evolve M2
10:2b:aa:51:4c:c5,2026-08-04 03:45:44,E8X6iojo46RFyYc5zaAI4n7RYMR6jJXK,MVM783 - The Grandview at Las Vegas,5608A,Evolve M2
68:ab:a9:fe:a4:26,2026-08-04 03:45:44,E8X6iojo46RFyYc5zaAI4n7RYMR6jJXK,MVM783 - The Grandview at Las Vegas,41604A,Evolve M2
68:ab:a9:fe:fb:a2,2026-08-04 03:45:44,E8X6iojo46RFyYc5zaAI4n7RYMR6jJXK,MVM783 - The Grandview at Las Vegas,21102A,Evolve M2
68:ab:a9:f8:d0:6a,2026-08-04 03:45:44,E8X6iojo46RFyYc5zaAI4n7RYMR6jJXK,MVM783 - The Grandview at Las Vegas,1701A@L,Evolve M2
10:2b:aa:51:4e:06,2026-08-04 03:45:44,E8X6iojo46RFyYc5zaAI4n7RYMR6jJXK,MVM783 - The Grandview at Las Vegas,42107A,Evolve M2
10:2b:aa:51:f9:9a,2026-08-04 03:45:44,E8X6iojo46RFyYc5zaAI4n7RYMR6jJXK,MVM783 - The Grandview at Las Vegas,6809B,Evolve M2
68:ab:a9:fd:fc:bf,2026-08-04 03:45:44,E8X6iojo46RFyYc5zaAI4n7RYMR6jJXK,MVM783 - The Grandview at Las Vegas,6405B,Evolve M2
68:ab:a9:f8:5d:c5,2026-08-04 03:45:43,E8X6iojo46RFyYc5zaAI4n7RYMR6jJXK,MVM783 - The Grandview at Las Vegas,1703A@L,Evolve M2
68:ab:a9:fe:85:59,2026-08-04 03:45:43,E8X6iojo46RFyYc5zaAI4n7RYMR6jJXK,MVM783 - The Grandview at Las Vegas,81206A,Evolve M2
10:2b:aa:51:fe:e6,2026-08-04 03:45:43,E8X6iojo46RFyYc5zaAI4n7RYMR6jJXK,MVM783 - The Grandview at Las Vegas,8604A,Evolve M2
10:2b:aa:52:65:79,2026-08-04 03:45:42,E8X6iojo46RFyYc5zaAI4n7RYMR6jJXK,MVM783 - The Grandview at Las Vegas,2505B,Evolve M2
64:18:df:74:85:4b,2026-08-04 03:45:42,E8X6iojo46RFyYc5zaAI4n7RYMR6jJXK,MVM783 - The Grandview at Las Vegas,6310B,Evolve M2
10:2b:aa:51:4c:fb,2026-08-04 03:45:42,E8X6iojo46RFyYc5zaAI4n7RYMR6jJXK,MVM783 - The Grandview at Las Vegas,61708B,Evolve M2
64:18:df:74:14:9d,2026-08-04 03:45:41,E8X6iojo46RFyYc5zaAI4n7RYMR6jJXK,MVM783 - The Grandview at Las Vegas,51806A,Evolve M2
68:ab:a9:fb:48:2e,2026-08-04 03:45:41,E8X6iojo46RFyYc5zaAI4n7RYMR6jJXK,MVM783 - The Grandview at Las Vegas,1402A@B,Evolve M2
10:2b:aa:51:fb:74,2026-08-04 03:45:41,E8X6iojo46RFyYc5zaAI4n7RYMR6jJXK,MVM783 - The Grandview at Las Vegas,8208B,Evolve M2
68:ab:a9:fe:e6:bb,2026-08-04 03:45:41,E8X6iojo46RFyYc5zaAI4n7RYMR6jJXK,MVM783 - The Grandview at Las Vegas,6607B,Evolve M2
64:18:df:73:e2:57,2026-08-04 03:45:41,E8X6iojo46RFyYc5zaAI4n7RYMR6jJXK,MVM783 - The Grandview at Las Vegas,31205A,Evolve M2
64:18:df:73:eb:d2,2026-08-04 03:45:41,E8X6iojo46RFyYc5zaAI4n7RYMR6jJXK,MVM783 - The Grandview at Las Vegas,61104A,Evolve M2
68:ab:a9:fb:1b:98,2026-08-04 03:45:41,E8X6iojo46RFyYc5zaAI4n7RYMR6jJXK,MVM783 - The Grandview at Las Vegas,6704A,Evolve M2
64:18:df:73:a2:e4,2026-08-04 03:45:40,E8X6iojo46RFyYc5zaAI4n7RYMR6jJXK,MVM783 - The Grandview at Las Vegas,5510A,Evolve M2
10:2b:aa:51:68:1c,2026-08-04 03:45:40,E8X6iojo46RFyYc5zaAI4n7RYMR6jJXK,MVM783 - The Grandview at Las Vegas,3702B,Evolve M2
68:ab:a9:ff:15:6e,2026-08-04 03:45:40,E8X6iojo46RFyYc5zaAI4n7RYMR6jJXK,MVM783 - The Grandview at Las Vegas,41206B,Evolve M2
68:ab:a9:fb:42:2b,2026-08-04 03:45:40,E8X6iojo46RFyYc5zaAI4n7RYMR6jJXK,MVM783 - The Grandview at Las Vegas,3509A,Evolve M2
10:2b:aa:51:4e:f6,2026-08-04 03:45:40,E8X6iojo46RFyYc5zaAI4n7RYMR6jJXK,MVM783 - The Grandview at Las Vegas,61404A,Evolve M2
64:18:df:73:b1:49,2026-08-04 03:45:40,E8X6iojo46RFyYc5zaAI4n7RYMR6jJXK,MVM783 - The Grandview at Las Vegas,62102A,Evolve M2
10:2b:aa:51:5e:d4,2026-08-04 03:45:39,E8X6iojo46RFyYc5zaAI4n7RYMR6jJXK,MVM783 - The Grandview at Las Vegas,51208A,Evolve M2
64:18:df:74:0d:c9,2026-08-04 03:45:39,E8X6iojo46RFyYc5zaAI4n7RYMR6jJXK,MVM783 - The Grandview at Las Vegas,5603A,Evolve M2
68:ab:a9:f7:fd:b8,2026-08-04 03:45:39,E8X6iojo46RFyYc5zaAI4n7RYMR6jJXK,MVM783 - The Grandview at Las Vegas,6404B,Evolve M2
64:18:df:73:c1:71,2026-08-04 03:45:39,E8X6iojo46RFyYc5zaAI4n7RYMR6jJXK,MVM783 - The Grandview at Las Vegas,4306A,Evolve M2
64:18:df:74:4d:b3,2026-08-04 03:45:38,E8X6iojo46RFyYc5zaAI4n7RYMR6jJXK,MVM783 - The Grandview at Las Vegas,6101A,Evolve M2
64:18:df:73:fd:4a,2026-08-04 03:45:38,E8X6iojo46RFyYc5zaAI4n7RYMR6jJXK,MVM783 - The Grandview at Las Vegas,52004B,Evolve M2
64:18:df:74:29:04,2026-08-04 03:45:38,E8X6iojo46RFyYc5zaAI4n7RYMR6jJXK,MVM783 - The Grandview at Las Vegas,6203B,Evolve M2
68:ab:a9:fe:4c:a3,2026-08-04 03:45:38,E8X6iojo46RFyYc5zaAI4n7RYMR6jJXK,MVM783 - The Grandview at Las Vegas,6607B,Evolve M2
64:18:df:74:0c:e3,2026-08-04 03:45:37,E8X6iojo46RFyYc5zaAI4n7RYMR6jJXK,MVM783 - The Grandview at Las Vegas,5401A,Evolve M2
10:2b:aa:51:52:4a,2026-08-04 03:45:37,E8X6iojo46RFyYc5zaAI4n7RYMR6jJXK,MVM783 - The Grandview at Las Vegas,51206A,Evolve M2
10:2b:aa:51:4d:25,2026-08-04 03:45:37,E8X6iojo46RFyYc5zaAI4n7RYMR6jJXK,MVM783 - The Grandview at Las Vegas,6801B,Evolve M2
68:ab:a9:fe:59:12,2026-08-04 03:45:37,E8X6iojo46RFyYc5zaAI4n7RYMR6jJXK,MVM783 - The Grandview at Las Vegas,5908B,Evolve M2
68:ab:a9:fc:1a:0f,2026-08-04 03:45:37,E8X6iojo46RFyYc5zaAI4n7RYMR6jJXK,MVM783 - The Grandview at Las Vegas,8108B,Evolve M2
68:ab:a9:fe:17:19,2026-08-04 03:45:36,E8X6iojo46RFyYc5zaAI4n7RYMR6jJXK,MVM783 - The Grandview at Las Vegas,42104A,Evolve M2
68:ab:a9:fe:ff:76,2026-08-04 03:45:36,E8X6iojo46RFyYc5zaAI4n7RYMR6jJXK,MVM783 - The Grandview at Las Vegas,8205B,Evolve M2
64:18:df:74:0b:6a,2026-08-04 03:45:36,E8X6iojo46RFyYc5zaAI4n7RYMR6jJXK,MVM783 - The Grandview at Las Vegas,52008A,Evolve M2
64:18:df:74:3b:b7,2026-08-04 03:45:36,E8X6iojo46RFyYc5zaAI4n7RYMR6jJXK,MVM783 - The Grandview at Las Vegas,6103A,Evolve M2
10:2b:aa:51:fc:f1,2026-08-04 03:45:35,E8X6iojo46RFyYc5zaAI4n7RYMR6jJXK,MVM783 - The Grandview at Las Vegas,2408A,Evolve M2
68:ab:a9:fe:ab:51,2026-08-04 03:45:35,E8X6iojo46RFyYc5zaAI4n7RYMR6jJXK,MVM783 - The Grandview at Las Vegas,1801A,Evolve M2
10:2b:aa:51:f8:c2,2026-08-04 03:45:35,E8X6iojo46RFyYc5zaAI4n7RYMR6jJXK,MVM783 - The Grandview at Las Vegas,61601A,Evolve M2
10:2b:aa:51:52:e0,2026-08-04 03:45:35,E8X6iojo46RFyYc5zaAI4n7RYMR6jJXK,MVM783 - The Grandview at Las Vegas,41606A,Evolve M2
10:2b:aa:51:51:21,2026-08-04 03:45:35,E8X6iojo46RFyYc5zaAI4n7RYMR6jJXK,MVM783 - The Grandview at Las Vegas,51006A,Evolve M2
10:2b:aa:51:68:0d,2026-08-04 03:45:35,E8X6iojo46RFyYc5zaAI4n7RYMR6jJXK,MVM783 - The Grandview at Las Vegas,3401B,Evolve M2
68:ab:a9:fc:35:8e,2026-08-04 03:45:35,E8X6iojo46RFyYc5zaAI4n7RYMR6jJXK,MVM783 - The Grandview at Las Vegas,1504A,Evolve M2
68:ab:a9:fe:f3:ef,2026-08-04 03:45:35,E8X6iojo46RFyYc5zaAI4n7RYMR6jJXK,MVM783 - The Grandview at Las Vegas,9404B,Evolve M2
10:2b:aa:51:61:fb,2026-08-04 03:45:34,E8X6iojo46RFyYc5zaAI4n7RYMR6jJXK,MVM783 - The Grandview at Las Vegas,4109A,Evolve M2
10:2b:aa:51:50:7c,2026-08-04 03:45:34,E8X6iojo46RFyYc5zaAI4n7RYMR6jJXK,MVM783 - The Grandview at Las Vegas,6107A,Evolve M2
10:2b:aa:51:5f:91,2026-08-04 03:45:34,E8X6iojo46RFyYc5zaAI4n7RYMR6jJXK,MVM783 - The Grandview at Las Vegas,3405B,Evolve M2
68:ab:a9:fe:a4:ce,2026-08-04 03:45:34,E8X6iojo46RFyYc5zaAI4n7RYMR6jJXK,MVM783 - The Grandview at Las Vegas,81201B,Evolve M2
10:2b:aa:50:bf:05,2026-08-04 03:45:34,E8X6iojo46RFyYc5zaAI4n7RYMR6jJXK,MVM783 - The Grandview at Las Vegas,51007B,Evolve M2
68:ab:a9:fc:cd:fe,2026-08-04 03:45:33,E8X6iojo46RFyYc5zaAI4n7RYMR6jJXK,MVM783 - The Grandview at Las Vegas,4707B,Evolve M2
10:2b:aa:52:00:12,2026-08-04 03:45:33,E8X6iojo46RFyYc5zaAI4n7RYMR6jJXK,MVM783 - The Grandview at Las Vegas,2707B,Evolve M2
68:ab:a9:fc:36:30,2026-08-04 03:45:33,E8X6iojo46RFyYc5zaAI4n7RYMR6jJXK,MVM783 - The Grandview at Las Vegas,21206B,Evolve M2
64:18:df:74:10:ba,2026-08-04 03:45:33,E8X6iojo46RFyYc5zaAI4n7RYMR6jJXK,MVM783 - The Grandview at Las Vegas,5508B,Evolve M2
68:ab:a9:f8:48:b6,2026-08-04 03:45:32,E8X6iojo46RFyYc5zaAI4n7RYMR6jJXK,MVM783 - The Grandview at Las Vegas,11104A,Evolve M2
68:ab:a9:fc:27:43,2026-08-04 03:45:32,E8X6iojo46RFyYc5zaAI4n7RYMR6jJXK,MVM783 - The Grandview at Las Vegas,3602A,Evolve M2
68:ab:a9:fe:75:71,2026-08-04 03:45:32,E8X6iojo46RFyYc5zaAI4n7RYMR6jJXK,MVM783 - The Grandview at Las Vegas,41705A,Evolve M2
68:ab:a9:fe:e4:5a,2026-08-04 03:45:32,E8X6iojo46RFyYc5zaAI4n7RYMR6jJXK,MVM783 - The Grandview at Las Vegas,1706A@B,Evolve M2
10:2b:aa:51:5a:12,2026-08-04 03:45:32,E8X6iojo46RFyYc5zaAI4n7RYMR6jJXK,MVM783 - The Grandview at Las Vegas,91108B,Evolve M2
68:ab:a9:f8:86:6e,2026-08-04 03:45:32,E8X6iojo46RFyYc5zaAI4n7RYMR6jJXK,MVM783 - The Grandview at Las Vegas,8201A,Evolve M2
64:18:df:73:fb:db,2026-08-04 03:45:32,E8X6iojo46RFyYc5zaAI4n7RYMR6jJXK,MVM783 - The Grandview at Las Vegas,52002A,Evolve M2
68:ab:a9:fe:fb:58,2026-08-04 03:45:32,E8X6iojo46RFyYc5zaAI4n7RYMR6jJXK,MVM783 - The Grandview at Las Vegas,1806B@B,Evolve M2
68:ab:a9:fe:d5:99,2026-08-04 03:45:31,E8X6iojo46RFyYc5zaAI4n7RYMR6jJXK,MVM783 - The Grandview at Las Vegas,1206B,Evolve M2
68:ab:a9:fc:8d:98,2026-08-04 03:45:31,E8X6iojo46RFyYc5zaAI4n7RYMR6jJXK,MVM783 - The Grandview at Las Vegas,9504B,Evolve M2
68:ab:a9:ff:00:1a,2026-08-04 03:45:31,E8X6iojo46RFyYc5zaAI4n7RYMR6jJXK,MVM783 - The Grandview at Las Vegas,8205B,Evolve M2
10:2b:aa:51:fd:12,2026-08-04 03:45:31,E8X6iojo46RFyYc5zaAI4n7RYMR6jJXK,MVM783 - The Grandview at Las Vegas,2308A,Evolve M2
10:2b:aa:51:62:f1,2026-08-04 03:45:31,E8X6iojo46RFyYc5zaAI4n7RYMR6jJXK,MVM783 - The Grandview at Las Vegas,51403B,Evolve M2
10:2b:aa:51:fd:6c,2026-08-04 03:45:31,E8X6iojo46RFyYc5zaAI4n7RYMR6jJXK,MVM783 - The Grandview at Las Vegas,3308A,Evolve M2
10:2b:aa:50:91:7b,2026-08-04 03:45:31,E8X6iojo46RFyYc5zaAI4n7RYMR6jJXK,MVM783 - The Grandview at Las Vegas,91209B,Evolve M2
10:2b:aa:51:fe:2c,2026-08-04 03:45:30,E8X6iojo46RFyYc5zaAI4n7RYMR6jJXK,MVM783 - The Grandview at Las Vegas,2207A,Evolve M2
68:ab:a9:fe:a3:01,2026-08-04 03:45:30,E8X6iojo46RFyYc5zaAI4n7RYMR6jJXK,MVM783 - The Grandview at Las Vegas,1208A,Evolve M2
68:ab:a9:fe:c2:6e,2026-08-04 03:45:30,E8X6iojo46RFyYc5zaAI4n7RYMR6jJXK,MVM783 - The Grandview at Las Vegas,81204B,Evolve M2
64:18:df:74:52:72,2026-08-04 03:45:30,E8X6iojo46RFyYc5zaAI4n7RYMR6jJXK,MVM783 - The Grandview at Las Vegas,42002B,Evolve M2
68:ab:a9:f8:a4:8b,2026-08-04 03:45:30,E8X6iojo46RFyYc5zaAI4n7RYMR6jJXK,MVM783 - The Grandview at Las Vegas,8707B,Evolve M2
10:2b:aa:51:f7:c3,2026-08-04 03:45:30,E8X6iojo46RFyYc5zaAI4n7RYMR6jJXK,MVM783 - The Grandview at Las Vegas,2806B,Evolve M2
10:2b:aa:51:f6:1c,2026-08-04 03:45:30,E8X6iojo46RFyYc5zaAI4n7RYMR6jJXK,MVM783 - The Grandview at Las Vegas,9309A,Evolve M2
68:ab:a9:fe:ff:fa,2026-08-04 03:45:29,E8X6iojo46RFyYc5zaAI4n7RYMR6jJXK,MVM783 - The Grandview at Las Vegas,81005B,Evolve M2
10:2b:aa:51:6c:d5,2026-08-04 03:45:29,E8X6iojo46RFyYc5zaAI4n7RYMR6jJXK,MVM783 - The Grandview at Las Vegas,51505B,Evolve M2
10:2b:aa:51:69:06,2026-08-04 03:45:29,E8X6iojo46RFyYc5zaAI4n7RYMR6jJXK,MVM783 - The Grandview at Las Vegas,5805B,Evolve M2
68:ab:a9:fa:96:d3,2026-08-04 03:45:29,E8X6iojo46RFyYc5zaAI4n7RYMR6jJXK,MVM783 - The Grandview at Las Vegas,61808A,Evolve M2
68:ab:a9:fe:a3:5d,2026-08-04 03:45:29,E8X6iojo46RFyYc5zaAI4n7RYMR6jJXK,MVM783 - The Grandview at Las Vegas,51706B,Evolve M2
10:2b:aa:51:4d:d0,2026-08-04 03:45:28,E8X6iojo46RFyYc5zaAI4n7RYMR6jJXK,MVM783 - The Grandview at Las Vegas,4907B,Evolve M2
68:ab:a9:f7:bf:b5,2026-08-04 03:45:28,E8X6iojo46RFyYc5zaAI4n7RYMR6jJXK,MVM783 - The Grandview at Las Vegas,2107B,Evolve M2
10:2b:aa:51:6b:40,2026-08-04 03:45:28,E8X6iojo46RFyYc5zaAI4n7RYMR6jJXK,MVM783 - The Grandview at Las Vegas,91004A,Evolve M2
10:2b:aa:51:fd:7e,2026-08-04 03:45:28,E8X6iojo46RFyYc5zaAI4n7RYMR6jJXK,MVM783 - The Grandview at Las Vegas,9202A,Evolve M2
68:ab:a9:fe:9f:f6,2026-08-04 03:45:28,E8X6iojo46RFyYc5zaAI4n7RYMR6jJXK,MVM783 - The Grandview at Las Vegas,3703B,Evolve M2
64:18:df:74:16:55,2026-08-04 03:45:27,E8X6iojo46RFyYc5zaAI4n7RYMR6jJXK,MVM783 - The Grandview at Las Vegas,51803B,Evolve M2
64:18:df:73:b4:81,2026-08-04 03:45:27,E8X6iojo46RFyYc5zaAI4n7RYMR6jJXK,MVM783 - The Grandview at Las Vegas,6308A,Evolve M2
64:18:df:73:ec:dd,2026-08-04 03:45:27,E8X6iojo46RFyYc5zaAI4n7RYMR6jJXK,MVM783 - The Grandview at Las Vegas,41503A,Evolve M2
64:18:df:74:32:ee,2026-08-04 03:45:27,E8X6iojo46RFyYc5zaAI4n7RYMR6jJXK,MVM783 - The Grandview at Las Vegas,6308B,Evolve M2
68:ab:a9:fb:d0:60,2026-08-04 03:45:27,E8X6iojo46RFyYc5zaAI4n7RYMR6jJXK,MVM783 - The Grandview at Las Vegas,1201A,Evolve M2
64:18:df:73:fe:ee,2026-08-04 03:45:27,E8X6iojo46RFyYc5zaAI4n7RYMR6jJXK,MVM783 - The Grandview at Las Vegas,51707B,Evolve M2
64:18:df:74:19:61,2026-08-04 03:45:26,E8X6iojo46RFyYc5zaAI4n7RYMR6jJXK,MVM783 - The Grandview at Las Vegas,6208A,Evolve M2
64:18:df:74:35:41,2026-08-04 03:45:26,E8X6iojo46RFyYc5zaAI4n7RYMR6jJXK,MVM783 - The Grandview at Las Vegas,4508B,Evolve M2
68:ab:a9:fb:ed:4c,2026-08-04 03:45:26,E8X6iojo46RFyYc5zaAI4n7RYMR6jJXK,MVM783 - The Grandview at Las Vegas,3509B,Evolve M2
64:18:df:74:00:09,2026-08-04 03:45:26,E8X6iojo46RFyYc5zaAI4n7RYMR6jJXK,MVM783 - The Grandview at Las Vegas,5907A,Evolve M2
64:18:df:73:d3:d2,2026-08-04 03:45:26,E8X6iojo46RFyYc5zaAI4n7RYMR6jJXK,MVM783 - The Grandview at Las Vegas,9905A,Evolve M2
64:18:df:74:50:87,2026-08-04 03:45:26,E8X6iojo46RFyYc5zaAI4n7RYMR6jJXK,MVM783 - The Grandview at Las Vegas,61809B,Evolve M2
64:18:df:73:af:5d,2026-08-04 03:45:25,E8X6iojo46RFyYc5zaAI4n7RYMR6jJXK,MVM783 - The Grandview at Las Vegas,62002A,Evolve M2
68:ab:a9:fe:a9:ad,2026-08-04 03:45:25,E8X6iojo46RFyYc5zaAI4n7RYMR6jJXK,MVM783 - The Grandview at Las Vegas,2805A,Evolve M2
10:2b:aa:51:64:7a,2026-08-04 03:45:25,E8X6iojo46RFyYc5zaAI4n7RYMR6jJXK,MVM783 - The Grandview at Las Vegas,4809B,Evolve M2
10:2b:aa:51:66:b7,2026-08-04 03:45:25,E8X6iojo46RFyYc5zaAI4n7RYMR6jJXK,MVM783 - The Grandview at Las Vegas,9909B,Evolve M2
10:2b:aa:51:6d:26,2026-08-04 03:45:25,E8X6iojo46RFyYc5zaAI4n7RYMR6jJXK,MVM783 - The Grandview at Las Vegas,4102A,Evolve M2
64:18:df:73:c3:1e,2026-08-04 03:45:25,E8X6iojo46RFyYc5zaAI4n7RYMR6jJXK,MVM783 - The Grandview at Las Vegas,91009A,Evolve M2
10:2b:aa:51:fc:9d,2026-08-04 03:45:25,E8X6iojo46RFyYc5zaAI4n7RYMR6jJXK,MVM783 - The Grandview at Las Vegas,2503B,Evolve M2
10:2b:aa:51:4b:75,2026-08-04 03:45:24,E8X6iojo46RFyYc5zaAI4n7RYMR6jJXK,MVM783 - The Grandview at Las Vegas,3805B,Evolve M2
68:ab:a9:ff:1d:cb,2026-08-04 03:45:24,E8X6iojo46RFyYc5zaAI4n7RYMR6jJXK,MVM783 - The Grandview at Las Vegas,41507B,Evolve M2
64:18:df:74:52:1a,2026-08-04 03:45:24,E8X6iojo46RFyYc5zaAI4n7RYMR6jJXK,MVM783 - The Grandview at Las Vegas,42009B,Evolve M2
64:18:df:74:58:c3,2026-08-04 03:45:24,E8X6iojo46RFyYc5zaAI4n7RYMR6jJXK,MVM783 - The Grandview at Las Vegas,6310B,Evolve M2
10:2b:aa:51:58:c2,2026-08-04 03:45:24,E8X6iojo46RFyYc5zaAI4n7RYMR6jJXK,MVM783 - The Grandview at Las Vegas,5901A,Evolve M2
68:ab:a9:f8:41:48,2026-08-04 03:45:24,E8X6iojo46RFyYc5zaAI4n7RYMR6jJXK,MVM783 - The Grandview at Las Vegas,31202B,Evolve M2
64:18:df:74:62:3e,2026-08-04 03:45:23,E8X6iojo46RFyYc5zaAI4n7RYMR6jJXK,MVM783 - The Grandview at Las Vegas,51908A,Evolve M2
10:2b:aa:51:53:b8,2026-08-04 03:45:23,E8X6iojo46RFyYc5zaAI4n7RYMR6jJXK,MVM783 - The Grandview at Las Vegas,51206B,Evolve M2
10:2b:aa:51:65:b8,2026-08-04 03:45:23,E8X6iojo46RFyYc5zaAI4n7RYMR6jJXK,MVM783 - The Grandview at Las Vegas,4304A,Evolve M2
68:ab:a9:fe:e8:db,2026-08-04 03:45:23,E8X6iojo46RFyYc5zaAI4n7RYMR6jJXK,MVM783 - The Grandview at Las Vegas,91104A,Evolve M2
10:2b:aa:50:93:be,2026-08-04 03:45:23,E8X6iojo46RFyYc5zaAI4n7RYMR6jJXK,MVM783 - The Grandview at Las Vegas,81207B,Evolve M2
68:ab:a9:f8:84:e6,2026-08-04 03:45:23,E8X6iojo46RFyYc5zaAI4n7RYMR6jJXK,MVM783 - The Grandview at Las Vegas,2701A,Evolve M2
68:ab:a9:ff:03:b2,2026-08-04 03:45:22,E8X6iojo46RFyYc5zaAI4n7RYMR6jJXK,MVM783 - The Grandview at Las Vegas,42105B,Evolve M2
68:ab:a9:fe:b5:79,2026-08-04 03:45:22,E8X6iojo46RFyYc5zaAI4n7RYMR6jJXK,MVM783 - The Grandview at Las Vegas,3609A,Evolve M2
10:2b:aa:51:60:57,2026-08-04 03:45:22,E8X6iojo46RFyYc5zaAI4n7RYMR6jJXK,MVM783 - The Grandview at Las Vegas,5702A,Evolve M2
64:18:df:73:ff:17,2026-08-04 03:45:22,E8X6iojo46RFyYc5zaAI4n7RYMR6jJXK,MVM783 - The Grandview at Las Vegas,51808B,Evolve M2
10:2b:aa:51:fe:4a,2026-08-04 03:45:22,E8X6iojo46RFyYc5zaAI4n7RYMR6jJXK,MVM783 - The Grandview at Las Vegas,2104A,Evolve M2
68:ab:a9:f8:87:61,2026-08-04 03:45:22,E8X6iojo46RFyYc5zaAI4n7RYMR6jJXK,MVM783 - The Grandview at Las Vegas,1608A@L,Evolve M2
68:ab:a9:fc:a0:95,2026-08-04 03:45:22,E8X6iojo46RFyYc5zaAI4n7RYMR6jJXK,MVM783 - The Grandview at Las Vegas,2902B,Evolve M2
68:ab:a9:fe:f5:24,2026-08-04 03:45:21,E8X6iojo46RFyYc5zaAI4n7RYMR6jJXK,MVM783 - The Grandview at Las Vegas,61006A,Evolve M2
64:18:df:74:27:f6,2026-08-04 03:45:21,E8X6iojo46RFyYc5zaAI4n7RYMR6jJXK,MVM783 - The Grandview at Las Vegas,5502B,Evolve M2
10:2b:aa:51:f9:5e,2026-08-04 03:45:21,E8X6iojo46RFyYc5zaAI4n7RYMR6jJXK,MVM783 - The Grandview at Las Vegas,81201A,Evolve M2
68:ab:a9:fe:a3:24,2026-08-04 03:45:21,E8X6iojo46RFyYc5zaAI4n7RYMR6jJXK,MVM783 - The Grandview at Las Vegas,8206A,Evolve M2
10:2b:aa:51:49:2c,2026-08-04 03:45:21,E8X6iojo46RFyYc5zaAI4n7RYMR6jJXK,MVM783 - The Grandview at Las Vegas,9906A,Evolve M2
68:ab:a9:fc:36:54,2026-08-04 03:45:21,E8X6iojo46RFyYc5zaAI4n7RYMR6jJXK,MVM783 - The Grandview at Las Vegas,1408B@L,Evolve M2
10:2b:aa:51:5c:a3,2026-08-04 03:45:21,E8X6iojo46RFyYc5zaAI4n7RYMR6jJXK,MVM783 - The Grandview at Las Vegas,51003B,Evolve M2
64:18:df:73:c2:0a,2026-08-04 03:45:21,E8X6iojo46RFyYc5zaAI4n7RYMR6jJXK,MVM783 - The Grandview at Las Vegas,5909A,Evolve M2
64:18:df:73:eb:8a,2026-08-04 03:45:21,E8X6iojo46RFyYc5zaAI4n7RYMR6jJXK,MVM783 - The Grandview at Las Vegas,4703A,Evolve M2
10:2b:aa:51:52:5c,2026-08-04 03:45:21,E8X6iojo46RFyYc5zaAI4n7RYMR6jJXK,MVM783 - The Grandview at Las Vegas,51108A,Evolve M2
68:ab:a9:fe:fd:71,2026-08-04 03:45:21,E8X6iojo46RFyYc5zaAI4n7RYMR6jJXK,MVM783 - The Grandview at Las Vegas,8205A,Evolve M2
10:2b:aa:51:51:c6,2026-08-04 03:45:21,E8X6iojo46RFyYc5zaAI4n7RYMR6jJXK,MVM783 - The Grandview at Las Vegas,61610A,Evolve M2
10:2b:aa:51:48:ea,2026-08-04 03:45:21,E8X6iojo46RFyYc5zaAI4n7RYMR6jJXK,MVM783 - The Grandview at Las Vegas,61207B,Evolve M2
10:2b:aa:51:5d:4b,2026-08-04 03:45:20,E8X6iojo46RFyYc5zaAI4n7RYMR6jJXK,MVM783 - The Grandview at Las Vegas,51208B,Evolve M2
10:2b:aa:51:6d:38,2026-08-04 03:45:20,E8X6iojo46RFyYc5zaAI4n7RYMR6jJXK,MVM783 - The Grandview at Las Vegas,4101A,Evolve M2
10:2b:aa:51:59:eb,2026-08-04 03:45:20,E8X6iojo46RFyYc5zaAI4n7RYMR6jJXK,MVM783 - The Grandview at Las Vegas,6907B,Evolve M2
68:ab:a9:fe:75:c0,2026-08-04 03:45:20,E8X6iojo46RFyYc5zaAI4n7RYMR6jJXK,MVM783 - The Grandview at Las Vegas,4908A,Evolve M2
10:2b:aa:51:61:ad,2026-08-04 03:45:19,E8X6iojo46RFyYc5zaAI4n7RYMR6jJXK,MVM783 - The Grandview at Las Vegas,4208B,Evolve M2
68:ab:a9:fe:db:b5,2026-08-04 03:45:19,E8X6iojo46RFyYc5zaAI4n7RYMR6jJXK,MVM783 - The Grandview at Las Vegas,4107B,Evolve M2
68:ab:a9:fc:83:aa,2026-08-04 03:45:19,E8X6iojo46RFyYc5zaAI4n7RYMR6jJXK,MVM783 - The Grandview at Las Vegas,1606B@L,Evolve M2
64:18:df:73:d4:50,2026-08-04 03:45:19,E8X6iojo46RFyYc5zaAI4n7RYMR6jJXK,MVM783 - The Grandview at Las Vegas,3701B,Evolve M2
68:ab:a9:fb:0b:4a,2026-08-04 03:45:19,E8X6iojo46RFyYc5zaAI4n7RYMR6jJXK,MVM783 - The Grandview at Las Vegas,62010A,Evolve M2
68:ab:a9:fe:f0:18,2026-08-04 03:45:19,E8X6iojo46RFyYc5zaAI4n7RYMR6jJXK,MVM783 - The Grandview at Las Vegas,21103A,Evolve M2
64:18:df:74:52:d9,2026-08-04 03:45:19,E8X6iojo46RFyYc5zaAI4n7RYMR6jJXK,MVM783 - The Grandview at Las Vegas,91001A,Evolve M2
10:2b:aa:51:f8:98,2026-08-04 03:45:19,E8X6iojo46RFyYc5zaAI4n7RYMR6jJXK,MVM783 - The Grandview at Las Vegas,3904B,Evolve M2
68:ab:a9:f8:d1:e0,2026-08-04 03:45:18,E8X6iojo46RFyYc5zaAI4n7RYMR6jJXK,MVM783 - The Grandview at Las Vegas,9404A,Evolve M2
68:ab:a9:fe:50:06,2026-08-04 03:45:18,E8X6iojo46RFyYc5zaAI4n7RYMR6jJXK,MVM783 - The Grandview at Las Vegas,81108B,Evolve M2
64:18:df:74:03:3c,2026-08-04 03:45:17,E8X6iojo46RFyYc5zaAI4n7RYMR6jJXK,MVM783 - The Grandview at Las Vegas,5601B,Evolve M2
64:18:df:74:82:41,2026-08-04 03:45:17,E8X6iojo46RFyYc5zaAI4n7RYMR6jJXK,MVM783 - The Grandview at Las Vegas,61202B,Evolve M2
68:ab:a9:f8:62:33,2026-08-04 03:45:17,E8X6iojo46RFyYc5zaAI4n7RYMR6jJXK,MVM783 - The Grandview at Las Vegas,1308B,Evolve M2
64:18:df:73:fc:9c,2026-08-04 03:45:17,E8X6iojo46RFyYc5zaAI4n7RYMR6jJXK,MVM783 - The Grandview at Las Vegas,52007B,Evolve M2
68:ab:a9:f8:d0:80,2026-08-04 03:45:16,E8X6iojo46RFyYc5zaAI4n7RYMR6jJXK,MVM783 - The Grandview at Las Vegas,1308B,Evolve M2
68:ab:a9:fe:ac:f9,2026-08-04 03:45:16,E8X6iojo46RFyYc5zaAI4n7RYMR6jJXK,MVM783 - The Grandview at Las Vegas,41208A,Evolve M2
10:2b:aa:51:6a:29,2026-08-04 03:45:16,E8X6iojo46RFyYc5zaAI4n7RYMR6jJXK,MVM783 - The Grandview at Las Vegas,6510B,Evolve M2
10:2b:aa:51:4a:34,2026-08-04 03:45:16,E8X6iojo46RFyYc5zaAI4n7RYMR6jJXK,MVM783 - The Grandview at Las Vegas,8807B,Evolve M2
64:18:df:74:4c:b1,2026-08-04 03:45:15,E8X6iojo46RFyYc5zaAI4n7RYMR6jJXK,MVM783 - The Grandview at Las Vegas,4609B,Evolve M2
64:18:df:73:fe:91,2026-08-04 03:45:15,E8X6iojo46RFyYc5zaAI4n7RYMR6jJXK,MVM783 - The Grandview at Las Vegas,51802B,Evolve M2
10:2b:aa:50:be:ae,2026-08-04 03:45:15,E8X6iojo46RFyYc5zaAI4n7RYMR6jJXK,MVM783 - The Grandview at Las Vegas,51009A,Evolve M2
68:ab:a9:f8:52:40,2026-08-04 03:45:14,E8X6iojo46RFyYc5zaAI4n7RYMR6jJXK,MVM783 - The Grandview at Las Vegas,31203B,Evolve M2
68:ab:a9:fe:4b:2f,2026-08-04 03:45:14,E8X6iojo46RFyYc5zaAI4n7RYMR6jJXK,MVM783 - The Grandview at Las Vegas,51809B,Evolve M2
68:ab:a9:fc:a2:2c,2026-08-04 03:45:14,E8X6iojo46RFyYc5zaAI4n7RYMR6jJXK,MVM783 - The Grandview at Las Vegas,2905B,Evolve M2
68:ab:a9:fc:28:37,2026-08-04 03:45:14,E8X6iojo46RFyYc5zaAI4n7RYMR6jJXK,MVM783 - The Grandview at Las Vegas,31107B,Evolve M2
10:2b:aa:51:68:04,2026-08-04 03:45:14,E8X6iojo46RFyYc5zaAI4n7RYMR6jJXK,MVM783 - The Grandview at Las Vegas,9802A,Evolve M2
10:2b:aa:51:f9:ac,2026-08-04 03:45:14,E8X6iojo46RFyYc5zaAI4n7RYMR6jJXK,MVM783 - The Grandview at Las Vegas,6810A,Evolve M2
68:ab:a9:ff:0a:4b,2026-08-04 03:45:13,E8X6iojo46RFyYc5zaAI4n7RYMR6jJXK,MVM783 - The Grandview at Las Vegas,41607A,Evolve M2
68:ab:a9:fe:e1:ce,2026-08-04 03:45:13,E8X6iojo46RFyYc5zaAI4n7RYMR6jJXK,MVM783 - The Grandview at Las Vegas,41208B,Evolve M2
10:2b:aa:51:62:b8,2026-08-04 03:45:13,E8X6iojo46RFyYc5zaAI4n7RYMR6jJXK,MVM783 - The Grandview at Las Vegas,51502B,Evolve M2
10:2b:aa:51:5c:c1,2026-08-04 03:45:13,E8X6iojo46RFyYc5zaAI4n7RYMR6jJXK,MVM783 - The Grandview at Las Vegas,51010B,Evolve M2
64:18:df:74:81:83,2026-08-04 03:45:12,E8X6iojo46RFyYc5zaAI4n7RYMR6jJXK,MVM783 - The Grandview at Las Vegas,4108A,Evolve M2
10:2b:aa:51:60:78,2026-08-04 03:45:12,E8X6iojo46RFyYc5zaAI4n7RYMR6jJXK,MVM783 - The Grandview at Las Vegas,61107B,Evolve M2
10:2b:aa:51:f5:0e,2026-08-04 03:45:12,E8X6iojo46RFyYc5zaAI4n7RYMR6jJXK,MVM783 - The Grandview at Las Vegas,41508A,Evolve M2
68:ab:a9:fb:d4:b6,2026-08-04 03:45:12,E8X6iojo46RFyYc5zaAI4n7RYMR6jJXK,MVM783 - The Grandview at Las Vegas,8202B,Evolve M2
10:2b:aa:51:68:6d,2026-08-04 03:45:12,E8X6iojo46RFyYc5zaAI4n7RYMR6jJXK,MVM783 - The Grandview at Las Vegas,31204A,Evolve M2
68:ab:a9:fe:78:c3,2026-08-04 03:45:12,E8X6iojo46RFyYc5zaAI4n7RYMR6jJXK,MVM783 - The Grandview at Las Vegas,2801A,Evolve M2
68:ab:a9:fc:44:f1,2026-08-04 03:45:11,E8X6iojo46RFyYc5zaAI4n7RYMR6jJXK,MVM783 - The Grandview at Las Vegas,1405A@L,Evolve M2
68:ab:a9:fb:df:9a,2026-08-04 03:45:11,E8X6iojo46RFyYc5zaAI4n7RYMR6jJXK,MVM783 - The Grandview at Las Vegas,8201B,Evolve M2
68:ab:a9:fe:20:f6,2026-08-04 03:45:11,E8X6iojo46RFyYc5zaAI4n7RYMR6jJXK,MVM783 - The Grandview at Las Vegas,31110B,Evolve M2
68:ab:a9:fb:39:4f,2026-08-04 03:45:11,E8X6iojo46RFyYc5zaAI4n7RYMR6jJXK,MVM783 - The Grandview at Las Vegas,6408A,Evolve M2
68:ab:a9:fe:a3:ba,2026-08-04 03:45:11,E8X6iojo46RFyYc5zaAI4n7RYMR6jJXK,MVM783 - The Grandview at Las Vegas,9710B,Evolve M2
68:ab:a9:f8:23:a4,2026-08-04 03:45:11,E8X6iojo46RFyYc5zaAI4n7RYMR6jJXK,MVM783 - The Grandview at Las Vegas,9402B,Evolve M2
68:ab:a9:fc:43:02,2026-08-04 03:45:11,E8X6iojo46RFyYc5zaAI4n7RYMR6jJXK,MVM783 - The Grandview at Las Vegas,9209A,Evolve M2
10:2b:aa:51:60:45,2026-08-04 03:45:10,E8X6iojo46RFyYc5zaAI4n7RYMR6jJXK,MVM783 - The Grandview at Las Vegas,5603B,Evolve M2
68:ab:a9:fe:e0:91,2026-08-04 03:45:10,E8X6iojo46RFyYc5zaAI4n7RYMR6jJXK,MVM783 - The Grandview at Las Vegas,81106B,Evolve M2
68:ab:a9:fe:e7:bd,2026-08-04 03:45:10,E8X6iojo46RFyYc5zaAI4n7RYMR6jJXK,MVM783 - The Grandview at Las Vegas,42101A,Evolve M2
68:ab:a9:fe:a3:a5,2026-08-04 03:45:10,E8X6iojo46RFyYc5zaAI4n7RYMR6jJXK,MVM783 - The Grandview at Las Vegas,42103A,Evolve M2
68:ab:a9:fe:e6:f5,2026-08-04 03:45:10,E8X6iojo46RFyYc5zaAI4n7RYMR6jJXK,MVM783 - The Grandview at Las Vegas,41201B,Evolve M2
10:2b:aa:51:f4:c9,2026-08-04 03:45:09,E8X6iojo46RFyYc5zaAI4n7RYMR6jJXK,MVM783 - The Grandview at Las Vegas,8507B,Evolve M2
68:ab:a9:fc:1f:4d,2026-08-04 03:45:09,E8X6iojo46RFyYc5zaAI4n7RYMR6jJXK,MVM783 - The Grandview at Las Vegas,8107A,Evolve M2
68:ab:a9:fc:37:a9,2026-08-04 03:45:09,E8X6iojo46RFyYc5zaAI4n7RYMR6jJXK,MVM783 - The Grandview at Las Vegas,9604A,Evolve M2
68:ab:a9:fb:db:21,2026-08-04 03:45:09,E8X6iojo46RFyYc5zaAI4n7RYMR6jJXK,MVM783 - The Grandview at Las Vegas,9303B,Evolve M2
68:ab:a9:fe:f1:8e,2026-08-04 03:45:09,E8X6iojo46RFyYc5zaAI4n7RYMR6jJXK,MVM783 - The Grandview at Las Vegas,6710A,Evolve M2
10:2b:aa:51:52:20,2026-08-04 03:45:08,E8X6iojo46RFyYc5zaAI4n7RYMR6jJXK,MVM783 - The Grandview at Las Vegas,51110B,Evolve M2
68:ab:a9:fa:10:5c,2026-08-04 03:45:08,E8X6iojo46RFyYc5zaAI4n7RYMR6jJXK,MVM783 - The Grandview at Las Vegas,41510A,Evolve M2
10:2b:aa:51:5b:fe,2026-08-04 03:45:08,E8X6iojo46RFyYc5zaAI4n7RYMR6jJXK,MVM783 - The Grandview at Las Vegas,31209A,Evolve M2
64:18:df:73:b0:ca,2026-08-04 03:45:08,E8X6iojo46RFyYc5zaAI4n7RYMR6jJXK,MVM783 - The Grandview at Las Vegas,62101A,Evolve M2
10:2b:aa:51:53:52,2026-08-04 03:45:08,E8X6iojo46RFyYc5zaAI4n7RYMR6jJXK,MVM783 - The Grandview at Las Vegas,3710A,Evolve M2
68:ab:a9:f7:e4:eb,2026-08-04 03:45:07,E8X6iojo46RFyYc5zaAI4n7RYMR6jJXK,MVM783 - The Grandview at Las Vegas,8305B,Evolve M2
10:2b:aa:51:4a:04,2026-08-04 03:45:07,E8X6iojo46RFyYc5zaAI4n7RYMR6jJXK,MVM783 - The Grandview at Las Vegas,61606B,Evolve M2
10:2b:aa:51:65:31,2026-08-04 03:45:07,E8X6iojo46RFyYc5zaAI4n7RYMR6jJXK,MVM783 - The Grandview at Las Vegas,3404A,Evolve M2
68:ab:a9:fc:49:8f,2026-08-04 03:45:07,E8X6iojo46RFyYc5zaAI4n7RYMR6jJXK,MVM783 - The Grandview at Las Vegas,21004B,Evolve M2
10:2b:aa:51:6c:de,2026-08-04 03:45:07,E8X6iojo46RFyYc5zaAI4n7RYMR6jJXK,MVM783 - The Grandview at Las Vegas,51406A,Evolve M2
64:18:df:74:3a:2b,2026-08-04 03:45:07,E8X6iojo46RFyYc5zaAI4n7RYMR6jJXK,MVM783 - The Grandview at Las Vegas,42003A,Evolve M2
64:18:df:74:8a:77,2026-08-04 03:45:06,E8X6iojo46RFyYc5zaAI4n7RYMR6jJXK,MVM783 - The Grandview at Las Vegas,62002A,Evolve M2
10:2b:aa:51:ff:88,2026-08-04 03:45:06,E8X6iojo46RFyYc5zaAI4n7RYMR6jJXK,MVM783 - The Grandview at Las Vegas,81001A,Evolve M2
68:ab:a9:fe:7e:e6,2026-08-04 03:45:05,E8X6iojo46RFyYc5zaAI4n7RYMR6jJXK,MVM783 - The Grandview at Las Vegas,9705A,Evolve M2
68:ab:a9:fe:24:bf,2026-08-04 03:45:05,E8X6iojo46RFyYc5zaAI4n7RYMR6jJXK,MVM783 - The Grandview at Las Vegas,91110B,Evolve M2
64:18:df:74:51:9b,2026-08-04 03:45:05,E8X6iojo46RFyYc5zaAI4n7RYMR6jJXK,MVM783 - The Grandview at Las Vegas,6909A,Evolve M2
10:2b:aa:52:68:9a,2026-08-04 03:45:05,E8X6iojo46RFyYc5zaAI4n7RYMR6jJXK,MVM783 - The Grandview at Las Vegas,9808B,Evolve M2
64:18:df:74:1b:ca,2026-08-04 03:45:04,E8X6iojo46RFyYc5zaAI4n7RYMR6jJXK,MVM783 - The Grandview at Las Vegas,41409A,Evolve M2
64:18:df:73:ac:68,2026-08-04 03:45:04,E8X6iojo46RFyYc5zaAI4n7RYMR6jJXK,MVM783 - The Grandview at Las Vegas,61102B,Evolve M2
10:2b:aa:51:53:c1,2026-08-04 03:45:04,E8X6iojo46RFyYc5zaAI4n7RYMR6jJXK,MVM783 - The Grandview at Las Vegas,6304A,Evolve M2
10:2b:aa:50:a4:4d,2026-08-04 03:45:04,E8X6iojo46RFyYc5zaAI4n7RYMR6jJXK,MVM783 - The Grandview at Las Vegas,61603A,Evolve M2
10:2b:aa:51:fc:52,2026-08-04 03:45:04,E8X6iojo46RFyYc5zaAI4n7RYMR6jJXK,MVM783 - The Grandview at Las Vegas,9203A,Evolve M2
10:2b:aa:51:68:19,2026-08-04 03:45:03,E8X6iojo46RFyYc5zaAI4n7RYMR6jJXK,MVM783 - The Grandview at Las Vegas,3707B,Evolve M2
68:ab:a9:fe:7d:a2,2026-08-04 03:45:03,E8X6iojo46RFyYc5zaAI4n7RYMR6jJXK,MVM783 - The Grandview at Las Vegas,81202B,Evolve M2
68:ab:a9:fe:77:a9,2026-08-04 03:45:03,E8X6iojo46RFyYc5zaAI4n7RYMR6jJXK,MVM783 - The Grandview at Las Vegas,41005B,Evolve M2
10:2b:aa:51:4d:88,2026-08-04 03:45:03,E8X6iojo46RFyYc5zaAI4n7RYMR6jJXK,MVM783 - The Grandview at Las Vegas,61205B,Evolve M2
64:18:df:73:e4:6d,2026-08-04 03:45:02,E8X6iojo46RFyYc5zaAI4n7RYMR6jJXK,MVM783 - The Grandview at Las Vegas,4409A,Evolve M2
68:ab:a9:fe:b4:87,2026-08-04 03:45:02,E8X6iojo46RFyYc5zaAI4n7RYMR6jJXK,MVM783 - The Grandview at Las Vegas,41205A,Evolve M2
68:ab:a9:f8:8b:0b,2026-08-04 03:45:02,E8X6iojo46RFyYc5zaAI4n7RYMR6jJXK,MVM783 - The Grandview at Las Vegas,1606A@L,Evolve M2
10:2b:aa:51:6b:ee,2026-08-04 03:45:02,E8X6iojo46RFyYc5zaAI4n7RYMR6jJXK,MVM783 - The Grandview at Las Vegas,6505A,Evolve M2
68:ab:a9:f8:54:62,2026-08-04 03:45:02,E8X6iojo46RFyYc5zaAI4n7RYMR6jJXK,MVM783 - The Grandview at Las Vegas,1306B,Evolve M2
64:18:df:73:ef:3b,2026-08-04 03:45:02,E8X6iojo46RFyYc5zaAI4n7RYMR6jJXK,MVM783 - The Grandview at Las Vegas,52009B,Evolve M2
10:2b:aa:51:67:6e,2026-08-04 03:45:01,E8X6iojo46RFyYc5zaAI4n7RYMR6jJXK,MVM783 - The Grandview at Las Vegas,41809B,Evolve M2
10:2b:aa:51:50:19,2026-08-04 03:45:00,E8X6iojo46RFyYc5zaAI4n7RYMR6jJXK,MVM783 - The Grandview at Las Vegas,51907B,Evolve M2
68:ab:a9:fb:d2:77,2026-08-04 03:45:00,E8X6iojo46RFyYc5zaAI4n7RYMR6jJXK,MVM783 - The Grandview at Las Vegas,3110A,Evolve M2
10:2b:aa:51:57:6c,2026-08-04 03:45:00,E8X6iojo46RFyYc5zaAI4n7RYMR6jJXK,MVM783 - The Grandview at Las Vegas,3307A,Evolve M2
64:18:df:74:2c:81,2026-08-04 03:45:00,E8X6iojo46RFyYc5zaAI4n7RYMR6jJXK,MVM783 - The Grandview at Las Vegas,5908A,Evolve M2
10:2b:aa:51:60:f9,2026-08-04 03:45:00,E8X6iojo46RFyYc5zaAI4n7RYMR6jJXK,MVM783 - The Grandview at Las Vegas,51502B,Evolve M2
68:ab:a9:fe:1d:92,2026-08-04 03:45:00,E8X6iojo46RFyYc5zaAI4n7RYMR6jJXK,MVM783 - The Grandview at Las Vegas,8501B,Evolve M2
