Device ID,Timestamp (AST - America/Anguilla (UTC-04:00)),Site ID,Site Name,Room Number,Device Type
10:2b:aa:50:30:79,2026-07-30 12:14:59,NxAdYxekQZxahxWUdflx3oODft9AoCVH,The Berkley Las Vegas (MVM784) 006Ql00000f29sP,706A,Evolve M2
10:2b:aa:50:90:22,2026-07-30 12:14:59,NxAdYxekQZxahxWUdflx3oODft9AoCVH,The Berkley Las Vegas (MVM784) 006Ql00000f29sP,503B,Evolve M2
10:2b:aa:50:30:67,2026-07-30 12:14:59,NxAdYxekQZxahxWUdflx3oODft9AoCVH,The Berkley Las Vegas (MVM784) 006Ql00000f29sP,709B,Evolve M2
10:2b:aa:50:30:af,2026-07-30 12:14:58,NxAdYxekQZxahxWUdflx3oODft9AoCVH,The Berkley Las Vegas (MVM784) 006Ql00000f29sP,803A,Evolve M2
10:2b:aa:50:90:f7,2026-07-30 12:14:56,NxAdYxekQZxahxWUdflx3oODft9AoCVH,The Berkley Las Vegas (MVM784) 006Ql00000f29sP,1003A,Evolve M2
10:2b:aa:50:3b:f5,2026-07-30 12:14:48,NxAdYxekQZxahxWUdflx3oODft9AoCVH,The Berkley Las Vegas (MVM784) 006Ql00000f29sP,907A,Evolve M2
10:2b:aa:50:38:5c,2026-07-30 12:14:48,NxAdYxekQZxahxWUdflx3oODft9AoCVH,The Berkley Las Vegas (MVM784) 006Ql00000f29sP,306B@L,Evolve M2
10:2b:aa:50:8c:ec,2026-07-30 12:14:48,NxAdYxekQZxahxWUdflx3oODft9AoCVH,The Berkley Las Vegas (MVM784) 006Ql00000f29sP,412A,Evolve M2
10:2b:aa:50:32:bc,2026-07-30 12:14:47,NxAdYxekQZxahxWUdflx3oODft9AoCVH,The Berkley Las Vegas (MVM784) 006Ql00000f29sP,1807A@B,Evolve M2
10:2b:aa:50:2e:b1,2026-07-30 12:14:46,NxAdYxekQZxahxWUdflx3oODft9AoCVH,The Berkley Las Vegas (MVM784) 006Ql00000f29sP,712A,Evolve M2
10:2b:aa:50:31:6c,2026-07-30 12:14:46,NxAdYxekQZxahxWUdflx3oODft9AoCVH,The Berkley Las Vegas (MVM784) 006Ql00000f29sP,1810A@B,Evolve M2
10:2b:aa:50:92:2c,2026-07-30 12:14:44,NxAdYxekQZxahxWUdflx3oODft9AoCVH,The Berkley Las Vegas (MVM784) 006Ql00000f29sP,1609A@B,Evolve M2
10:2b:aa:50:3d:84,2026-07-30 12:14:44,NxAdYxekQZxahxWUdflx3oODft9AoCVH,The Berkley Las Vegas (MVM784) 006Ql00000f29sP,101AL,Evolve M2
10:2b:aa:50:90:a0,2026-07-30 12:14:44,NxAdYxekQZxahxWUdflx3oODft9AoCVH,The Berkley Las Vegas (MVM784) 006Ql00000f29sP,1702A@L,Evolve M2
10:2b:aa:50:32:f8,2026-07-30 12:14:42,NxAdYxekQZxahxWUdflx3oODft9AoCVH,The Berkley Las Vegas (MVM784) 006Ql00000f29sP,902B,Evolve M2
10:2b:aa:50:3d:8d,2026-07-30 12:14:41,NxAdYxekQZxahxWUdflx3oODft9AoCVH,The Berkley Las Vegas (MVM784) 006Ql00000f29sP,801A,Evolve M2
10:2b:aa:51:e7:94,2026-07-30 12:14:40,NxAdYxekQZxahxWUdflx3oODft9AoCVH,The Berkley Las Vegas (MVM784) 006Ql00000f29sP,1102A,Evolve M2
10:2b:aa:50:2e:30,2026-07-30 12:14:40,NxAdYxekQZxahxWUdflx3oODft9AoCVH,The Berkley Las Vegas (MVM784) 006Ql00000f29sP,1109B,Evolve M2
10:2b:aa:50:2f:29,2026-07-30 12:14:39,NxAdYxekQZxahxWUdflx3oODft9AoCVH,The Berkley Las Vegas (MVM784) 006Ql00000f29sP,711B,Evolve M2
10:2b:aa:50:35:9b,2026-07-30 12:14:36,NxAdYxekQZxahxWUdflx3oODft9AoCVH,The Berkley Las Vegas (MVM784) 006Ql00000f29sP,1604A@B,Evolve M2
10:2b:aa:50:30:3a,2026-07-30 12:14:36,NxAdYxekQZxahxWUdflx3oODft9AoCVH,The Berkley Las Vegas (MVM784) 006Ql00000f29sP,709A,Evolve M2
10:2b:aa:51:e0:9b,2026-07-30 12:14:30,NxAdYxekQZxahxWUdflx3oODft9AoCVH,The Berkley Las Vegas (MVM784) 006Ql00000f29sP,509A,Evolve M2
10:2b:aa:50:92:71,2026-07-30 12:14:29,NxAdYxekQZxahxWUdflx3oODft9AoCVH,The Berkley Las Vegas (MVM784) 006Ql00000f29sP,903B,Evolve M2
10:2b:aa:50:92:56,2026-07-30 12:14:28,NxAdYxekQZxahxWUdflx3oODft9AoCVH,The Berkley Las Vegas (MVM784) 006Ql00000f29sP,1512A@B,Evolve M2
10:2b:aa:50:37:72,2026-07-30 12:14:22,NxAdYxekQZxahxWUdflx3oODft9AoCVH,The Berkley Las Vegas (MVM784) 006Ql00000f29sP,808B,Evolve M2
10:2b:aa:50:32:ce,2026-07-30 12:14:21,NxAdYxekQZxahxWUdflx3oODft9AoCVH,The Berkley Las Vegas (MVM784) 006Ql00000f29sP,1111A,Evolve M2
10:2b:aa:50:2e:1e,2026-07-30 12:14:21,NxAdYxekQZxahxWUdflx3oODft9AoCVH,The Berkley Las Vegas (MVM784) 006Ql00000f29sP,1609B@B,Evolve M2
10:2b:aa:51:e9:17,2026-07-30 12:14:20,NxAdYxekQZxahxWUdflx3oODft9AoCVH,The Berkley Las Vegas (MVM784) 006Ql00000f29sP,511A,Evolve M2
10:2b:aa:50:38:80,2026-07-30 12:14:20,NxAdYxekQZxahxWUdflx3oODft9AoCVH,The Berkley Las Vegas (MVM784) 006Ql00000f29sP,404B,Evolve M2
10:2b:aa:50:30:22,2026-07-30 12:14:19,NxAdYxekQZxahxWUdflx3oODft9AoCVH,The Berkley Las Vegas (MVM784) 006Ql00000f29sP,1406B,Evolve M2
10:2b:aa:51:ea:58,2026-07-30 12:14:17,NxAdYxekQZxahxWUdflx3oODft9AoCVH,The Berkley Las Vegas (MVM784) 006Ql00000f29sP,1012A,Evolve M2
10:2b:aa:50:2e:48,2026-07-30 12:14:17,NxAdYxekQZxahxWUdflx3oODft9AoCVH,The Berkley Las Vegas (MVM784) 006Ql00000f29sP,1011A,Evolve M2
10:2b:aa:50:91:cc,2026-07-30 12:14:16,NxAdYxekQZxahxWUdflx3oODft9AoCVH,The Berkley Las Vegas (MVM784) 006Ql00000f29sP,GYM@2,Evolve M2
10:2b:aa:50:35:7a,2026-07-30 12:14:16,NxAdYxekQZxahxWUdflx3oODft9AoCVH,The Berkley Las Vegas (MVM784) 006Ql00000f29sP,702A,Evolve M2
10:2b:aa:50:04:00,2026-07-30 12:14:16,NxAdYxekQZxahxWUdflx3oODft9AoCVH,The Berkley Las Vegas (MVM784) 006Ql00000f29sP,1209A,Evolve M2
10:2b:aa:50:8f:50,2026-07-30 12:14:14,NxAdYxekQZxahxWUdflx3oODft9AoCVH,The Berkley Las Vegas (MVM784) 006Ql00000f29sP,701S,Evolve M2
10:2b:aa:50:2d:e2,2026-07-30 12:14:13,NxAdYxekQZxahxWUdflx3oODft9AoCVH,The Berkley Las Vegas (MVM784) 006Ql00000f29sP,605A,Evolve M2
10:2b:aa:50:3d:ea,2026-07-30 12:14:13,NxAdYxekQZxahxWUdflx3oODft9AoCVH,The Berkley Las Vegas (MVM784) 006Ql00000f29sP,1102B,Evolve M2
10:2b:aa:50:92:0e,2026-07-30 12:14:12,NxAdYxekQZxahxWUdflx3oODft9AoCVH,The Berkley Las Vegas (MVM784) 006Ql00000f29sP,1005B,Evolve M2
10:2b:aa:50:32:b0,2026-07-30 12:14:10,NxAdYxekQZxahxWUdflx3oODft9AoCVH,The Berkley Las Vegas (MVM784) 006Ql00000f29sP,702B,Evolve M2
10:2b:aa:50:3e:32,2026-07-30 12:14:09,NxAdYxekQZxahxWUdflx3oODft9AoCVH,The Berkley Las Vegas (MVM784) 006Ql00000f29sP,1712B@B,Evolve M2
10:2b:aa:50:2e:69,2026-07-30 12:14:09,NxAdYxekQZxahxWUdflx3oODft9AoCVH,The Berkley Las Vegas (MVM784) 006Ql00000f29sP,711A,Evolve M2
10:2b:aa:50:91:a5,2026-07-30 12:14:03,NxAdYxekQZxahxWUdflx3oODft9AoCVH,The Berkley Las Vegas (MVM784) 006Ql00000f29sP,1403B,Evolve M2
10:2b:aa:50:32:59,2026-07-30 12:14:03,NxAdYxekQZxahxWUdflx3oODft9AoCVH,The Berkley Las Vegas (MVM784) 006Ql00000f29sP,606A,Evolve M2
10:2b:aa:50:04:21,2026-07-30 12:14:01,NxAdYxekQZxahxWUdflx3oODft9AoCVH,The Berkley Las Vegas (MVM784) 006Ql00000f29sP,1502A@L,Evolve M2
10:2b:aa:50:2c:cb,2026-07-30 12:13:02,NxAdYxekQZxahxWUdflx3oODft9AoCVH,The Berkley Las Vegas (MVM784) 006Ql00000f29sP,1103A,Evolve M2
10:2b:aa:50:8d:b5,2026-07-30 12:13:01,NxAdYxekQZxahxWUdflx3oODft9AoCVH,The Berkley Las Vegas (MVM784) 006Ql00000f29sP,1211B,Evolve M2
10:2b:aa:50:04:0c,2026-07-30 12:13:00,NxAdYxekQZxahxWUdflx3oODft9AoCVH,The Berkley Las Vegas (MVM784) 006Ql00000f29sP,1108A,Evolve M2
10:2b:aa:50:30:2e,2026-07-30 12:13:00,NxAdYxekQZxahxWUdflx3oODft9AoCVH,The Berkley Las Vegas (MVM784) 006Ql00000f29sP,712B,Evolve M2
68:ab:a9:fc:ae:47,2026-07-30 12:12:59,NxAdYxekQZxahxWUdflx3oODft9AoCVH,The Berkley Las Vegas (MVM784) 006Ql00000f29sP,1810B@L,Evolve M2
10:2b:aa:50:8e:d5,2026-07-30 12:12:58,NxAdYxekQZxahxWUdflx3oODft9AoCVH,The Berkley Las Vegas (MVM784) 006Ql00000f29sP,205A,Evolve M2
10:2b:aa:50:33:10,2026-07-30 12:12:56,NxAdYxekQZxahxWUdflx3oODft9AoCVH,The Berkley Las Vegas (MVM784) 006Ql00000f29sP,1412A,Evolve M2
10:2b:aa:50:32:f2,2026-07-30 12:12:56,NxAdYxekQZxahxWUdflx3oODft9AoCVH,The Berkley Las Vegas (MVM784) 006Ql00000f29sP,810A,Evolve M2
10:2b:aa:50:31:5d,2026-07-30 12:12:53,NxAdYxekQZxahxWUdflx3oODft9AoCVH,The Berkley Las Vegas (MVM784) 006Ql00000f29sP,1207B,Evolve M2
10:2b:aa:50:3e:1a,2026-07-30 12:12:52,NxAdYxekQZxahxWUdflx3oODft9AoCVH,The Berkley Las Vegas (MVM784) 006Ql00000f29sP,1710A@L,Evolve M2
10:2b:aa:50:2e:db,2026-07-30 12:12:51,NxAdYxekQZxahxWUdflx3oODft9AoCVH,The Berkley Las Vegas (MVM784) 006Ql00000f29sP,707A,Evolve M2
10:2b:aa:50:30:bb,2026-07-30 12:12:50,NxAdYxekQZxahxWUdflx3oODft9AoCVH,The Berkley Las Vegas (MVM784) 006Ql00000f29sP,1005A,Evolve M2
10:2b:aa:51:ea:c4,2026-07-30 12:12:50,NxAdYxekQZxahxWUdflx3oODft9AoCVH,The Berkley Las Vegas (MVM784) 006Ql00000f29sP,710B,Evolve M2
10:2b:aa:50:33:0d,2026-07-30 12:12:49,NxAdYxekQZxahxWUdflx3oODft9AoCVH,The Berkley Las Vegas (MVM784) 006Ql00000f29sP,809B,Evolve M2
10:2b:aa:50:8f:2f,2026-07-30 12:12:49,NxAdYxekQZxahxWUdflx3oODft9AoCVH,The Berkley Las Vegas (MVM784) 006Ql00000f29sP,909B,Evolve M2
10:2b:aa:50:32:fb,2026-07-30 12:12:47,NxAdYxekQZxahxWUdflx3oODft9AoCVH,The Berkley Las Vegas (MVM784) 006Ql00000f29sP,1402A,Evolve M2
10:2b:aa:50:31:4b,2026-07-30 12:12:44,NxAdYxekQZxahxWUdflx3oODft9AoCVH,The Berkley Las Vegas (MVM784) 006Ql00000f29sP,1206B,Evolve M2
10:2b:aa:50:3e:5c,2026-07-30 12:12:44,NxAdYxekQZxahxWUdflx3oODft9AoCVH,The Berkley Las Vegas (MVM784) 006Ql00000f29sP,1211A,Evolve M2
10:2b:aa:50:3d:4e,2026-07-30 12:12:43,NxAdYxekQZxahxWUdflx3oODft9AoCVH,The Berkley Las Vegas (MVM784) 006Ql00000f29sP,606B,Evolve M2
10:2b:aa:51:ea:fd,2026-07-30 12:12:42,NxAdYxekQZxahxWUdflx3oODft9AoCVH,The Berkley Las Vegas (MVM784) 006Ql00000f29sP,1101B,Evolve M2
10:2b:aa:50:2c:aa,2026-07-30 12:12:41,NxAdYxekQZxahxWUdflx3oODft9AoCVH,The Berkley Las Vegas (MVM784) 006Ql00000f29sP,1705A@L,Evolve M2
10:2b:aa:50:3e:b9,2026-07-30 12:12:40,NxAdYxekQZxahxWUdflx3oODft9AoCVH,The Berkley Las Vegas (MVM784) 006Ql00000f29sP,308B@B,Evolve M2
10:2b:aa:50:36:76,2026-07-30 12:12:40,NxAdYxekQZxahxWUdflx3oODft9AoCVH,The Berkley Las Vegas (MVM784) 006Ql00000f29sP,1501B,Evolve M2
10:2b:aa:50:39:df,2026-07-30 12:12:39,NxAdYxekQZxahxWUdflx3oODft9AoCVH,The Berkley Las Vegas (MVM784) 006Ql00000f29sP,105B,Evolve M2
10:2b:aa:50:90:dc,2026-07-30 12:12:38,NxAdYxekQZxahxWUdflx3oODft9AoCVH,The Berkley Las Vegas (MVM784) 006Ql00000f29sP,1403B,Evolve M2
10:2b:aa:50:31:84,2026-07-30 12:12:37,NxAdYxekQZxahxWUdflx3oODft9AoCVH,The Berkley Las Vegas (MVM784) 006Ql00000f29sP,704A,Evolve M2
10:2b:aa:50:90:19,2026-07-30 12:12:35,NxAdYxekQZxahxWUdflx3oODft9AoCVH,The Berkley Las Vegas (MVM784) 006Ql00000f29sP,509A,Evolve M2
10:2b:aa:50:3f:d0,2026-07-30 12:12:33,NxAdYxekQZxahxWUdflx3oODft9AoCVH,The Berkley Las Vegas (MVM784) 006Ql00000f29sP,1611B@L,Evolve M2
10:2b:aa:50:32:89,2026-07-30 12:12:33,NxAdYxekQZxahxWUdflx3oODft9AoCVH,The Berkley Las Vegas (MVM784) 006Ql00000f29sP,412B,Evolve M2
10:2b:aa:50:34:ed,2026-07-30 12:12:32,NxAdYxekQZxahxWUdflx3oODft9AoCVH,The Berkley Las Vegas (MVM784) 006Ql00000f29sP,410B,Evolve M2
10:2b:aa:50:31:ba,2026-07-30 12:12:32,NxAdYxekQZxahxWUdflx3oODft9AoCVH,The Berkley Las Vegas (MVM784) 006Ql00000f29sP,706A,Evolve M2
68:ab:a9:fc:c4:3f,2026-07-30 12:12:29,NxAdYxekQZxahxWUdflx3oODft9AoCVH,The Berkley Las Vegas (MVM784) 006Ql00000f29sP,1709A,Evolve M2
10:2b:aa:50:8e:48,2026-07-30 12:12:28,NxAdYxekQZxahxWUdflx3oODft9AoCVH,The Berkley Las Vegas (MVM784) 006Ql00000f29sP,1003B,Evolve M2
10:2b:aa:51:e9:ef,2026-07-30 12:12:28,NxAdYxekQZxahxWUdflx3oODft9AoCVH,The Berkley Las Vegas (MVM784) 006Ql00000f29sP,705B,Evolve M2
10:2b:aa:50:8f:80,2026-07-30 12:12:27,NxAdYxekQZxahxWUdflx3oODft9AoCVH,The Berkley Las Vegas (MVM784) 006Ql00000f29sP,1808B@L,Evolve M2
68:ab:a9:fc:0a:10,2026-07-30 12:12:27,NxAdYxekQZxahxWUdflx3oODft9AoCVH,The Berkley Las Vegas (MVM784) 006Ql00000f29sP,1811B@B,Evolve M2
10:2b:aa:50:35:32,2026-07-30 12:12:26,NxAdYxekQZxahxWUdflx3oODft9AoCVH,The Berkley Las Vegas (MVM784) 006Ql00000f29sP,901B,Evolve M2
10:2b:aa:51:e8:d8,2026-07-30 12:12:25,NxAdYxekQZxahxWUdflx3oODft9AoCVH,The Berkley Las Vegas (MVM784) 006Ql00000f29sP,1504B,Evolve M2
10:2b:aa:50:3b:0b,2026-07-30 12:12:24,NxAdYxekQZxahxWUdflx3oODft9AoCVH,The Berkley Las Vegas (MVM784) 006Ql00000f29sP,301A@B,Evolve M2
10:2b:aa:50:2f:3e,2026-07-30 12:12:24,NxAdYxekQZxahxWUdflx3oODft9AoCVH,The Berkley Las Vegas (MVM784) 006Ql00000f29sP,1406B,Evolve M2
10:2b:aa:50:3f:2b,2026-07-30 12:12:22,NxAdYxekQZxahxWUdflx3oODft9AoCVH,The Berkley Las Vegas (MVM784) 006Ql00000f29sP,312A,Evolve M2
10:2b:aa:51:e8:ab,2026-07-30 12:12:22,NxAdYxekQZxahxWUdflx3oODft9AoCVH,The Berkley Las Vegas (MVM784) 006Ql00000f29sP,506B,Evolve M2
10:2b:aa:50:3b:ef,2026-07-30 12:12:20,NxAdYxekQZxahxWUdflx3oODft9AoCVH,The Berkley Las Vegas (MVM784) 006Ql00000f29sP,406B,Evolve M2
10:2b:aa:50:2e:54,2026-07-30 12:12:18,NxAdYxekQZxahxWUdflx3oODft9AoCVH,The Berkley Las Vegas (MVM784) 006Ql00000f29sP,1112A,Evolve M2
10:2b:aa:50:32:3b,2026-07-30 12:12:17,NxAdYxekQZxahxWUdflx3oODft9AoCVH,The Berkley Las Vegas (MVM784) 006Ql00000f29sP,1002A,Evolve M2
10:2b:aa:50:33:5b,2026-07-30 12:12:16,NxAdYxekQZxahxWUdflx3oODft9AoCVH,The Berkley Las Vegas (MVM784) 006Ql00000f29sP,608A,Evolve M2
10:2b:aa:50:3d:45,2026-07-30 12:12:16,NxAdYxekQZxahxWUdflx3oODft9AoCVH,The Berkley Las Vegas (MVM784) 006Ql00000f29sP,205B,Evolve M2
10:2b:aa:50:04:6f,2026-07-30 12:12:14,NxAdYxekQZxahxWUdflx3oODft9AoCVH,The Berkley Las Vegas (MVM784) 006Ql00000f29sP,708B,Evolve M2
10:2b:aa:50:30:4f,2026-07-30 12:12:10,NxAdYxekQZxahxWUdflx3oODft9AoCVH,The Berkley Las Vegas (MVM784) 006Ql00000f29sP,1106B,Evolve M2
10:2b:aa:50:3f:4f,2026-07-30 12:12:10,NxAdYxekQZxahxWUdflx3oODft9AoCVH,The Berkley Las Vegas (MVM784) 006Ql00000f29sP,1011B,Evolve M2
10:2b:aa:50:35:a7,2026-07-30 12:12:09,NxAdYxekQZxahxWUdflx3oODft9AoCVH,The Berkley Las Vegas (MVM784) 006Ql00000f29sP,1701B@L,Evolve M2
10:2b:aa:50:91:f6,2026-07-30 12:12:09,NxAdYxekQZxahxWUdflx3oODft9AoCVH,The Berkley Las Vegas (MVM784) 006Ql00000f29sP,GYM@1,Evolve M2
10:2b:aa:50:90:ee,2026-07-30 12:12:08,NxAdYxekQZxahxWUdflx3oODft9AoCVH,The Berkley Las Vegas (MVM784) 006Ql00000f29sP,1004B,Evolve M2
10:2b:aa:50:8f:a7,2026-07-30 12:12:08,NxAdYxekQZxahxWUdflx3oODft9AoCVH,The Berkley Las Vegas (MVM784) 006Ql00000f29sP,511A,Evolve M2
10:2b:aa:50:32:14,2026-07-30 12:12:08,NxAdYxekQZxahxWUdflx3oODft9AoCVH,The Berkley Las Vegas (MVM784) 006Ql00000f29sP,1503A@B,Evolve M2
10:2b:aa:50:8f:41,2026-07-30 12:12:07,NxAdYxekQZxahxWUdflx3oODft9AoCVH,The Berkley Las Vegas (MVM784) 006Ql00000f29sP,1608B@L,Evolve M2
10:2b:aa:50:3f:61,2026-07-30 12:12:07,NxAdYxekQZxahxWUdflx3oODft9AoCVH,The Berkley Las Vegas (MVM784) 006Ql00000f29sP,511B,Evolve M2
10:2b:aa:50:36:22,2026-07-30 12:12:07,NxAdYxekQZxahxWUdflx3oODft9AoCVH,The Berkley Las Vegas (MVM784) 006Ql00000f29sP,303A@B,Evolve M2
10:2b:aa:50:8e:12,2026-07-30 12:12:06,NxAdYxekQZxahxWUdflx3oODft9AoCVH,The Berkley Las Vegas (MVM784) 006Ql00000f29sP,803A,Evolve M2
10:2b:aa:50:2b:b7,2026-07-30 12:12:05,NxAdYxekQZxahxWUdflx3oODft9AoCVH,The Berkley Las Vegas (MVM784) 006Ql00000f29sP,1405@B,Evolve M2
10:2b:aa:50:33:fa,2026-07-30 12:12:04,NxAdYxekQZxahxWUdflx3oODft9AoCVH,The Berkley Las Vegas (MVM784) 006Ql00000f29sP,611B,Evolve M2
10:2b:aa:50:30:55,2026-07-30 12:12:04,NxAdYxekQZxahxWUdflx3oODft9AoCVH,The Berkley Las Vegas (MVM784) 006Ql00000f29sP,703A,Evolve M2
10:2b:aa:50:33:3a,2026-07-30 12:12:02,NxAdYxekQZxahxWUdflx3oODft9AoCVH,The Berkley Las Vegas (MVM784) 006Ql00000f29sP,1409A,Evolve M2
10:2b:aa:50:8d:6a,2026-07-30 12:12:01,NxAdYxekQZxahxWUdflx3oODft9AoCVH,The Berkley Las Vegas (MVM784) 006Ql00000f29sP,1409B,Evolve M2
10:2b:aa:50:3b:68,2026-07-30 12:12:00,NxAdYxekQZxahxWUdflx3oODft9AoCVH,The Berkley Las Vegas (MVM784) 006Ql00000f29sP,808A,Evolve M2
10:2b:aa:50:38:2c,2026-07-30 12:12:00,NxAdYxekQZxahxWUdflx3oODft9AoCVH,The Berkley Las Vegas (MVM784) 006Ql00000f29sP,805A,Evolve M2
10:2b:aa:50:90:34,2026-07-30 12:11:57,NxAdYxekQZxahxWUdflx3oODft9AoCVH,The Berkley Las Vegas (MVM784) 006Ql00000f29sP,504B,Evolve M2
10:2b:aa:50:8d:ca,2026-07-30 12:11:57,NxAdYxekQZxahxWUdflx3oODft9AoCVH,The Berkley Las Vegas (MVM784) 006Ql00000f29sP,1406A,Evolve M2
10:2b:aa:50:8f:b9,2026-07-30 12:11:56,NxAdYxekQZxahxWUdflx3oODft9AoCVH,The Berkley Las Vegas (MVM784) 006Ql00000f29sP,1707B@B,Evolve M2
10:2b:aa:50:2c:26,2026-07-30 12:11:56,NxAdYxekQZxahxWUdflx3oODft9AoCVH,The Berkley Las Vegas (MVM784) 006Ql00000f29sP,612B,Evolve M2
10:2b:aa:50:8f:e6,2026-07-30 12:11:55,NxAdYxekQZxahxWUdflx3oODft9AoCVH,The Berkley Las Vegas (MVM784) 006Ql00000f29sP,1601B@L,Evolve M2
10:2b:aa:50:2c:8f,2026-07-30 12:11:55,NxAdYxekQZxahxWUdflx3oODft9AoCVH,The Berkley Las Vegas (MVM784) 006Ql00000f29sP,901A,Evolve M2
10:2b:aa:50:32:a1,2026-07-30 12:11:53,NxAdYxekQZxahxWUdflx3oODft9AoCVH,The Berkley Las Vegas (MVM784) 006Ql00000f29sP,1704A,Evolve M2
10:2b:aa:50:33:4c,2026-07-30 12:11:50,NxAdYxekQZxahxWUdflx3oODft9AoCVH,The Berkley Las Vegas (MVM784) 006Ql00000f29sP,1412B,Evolve M2
10:2b:aa:50:37:ed,2026-07-30 12:11:46,NxAdYxekQZxahxWUdflx3oODft9AoCVH,The Berkley Las Vegas (MVM784) 006Ql00000f29sP,307B@L,Evolve M2
10:2b:aa:50:8f:71,2026-07-30 12:11:43,NxAdYxekQZxahxWUdflx3oODft9AoCVH,The Berkley Las Vegas (MVM784) 006Ql00000f29sP,1402B,Evolve M2
10:2b:aa:50:31:c3,2026-07-30 12:11:42,NxAdYxekQZxahxWUdflx3oODft9AoCVH,The Berkley Las Vegas (MVM784) 006Ql00000f29sP,704A,Evolve M2
10:2b:aa:51:e8:21,2026-07-30 12:11:41,NxAdYxekQZxahxWUdflx3oODft9AoCVH,The Berkley Las Vegas (MVM784) 006Ql00000f29sP,1212A,Evolve M2
10:2b:aa:50:92:5c,2026-07-30 12:11:40,NxAdYxekQZxahxWUdflx3oODft9AoCVH,The Berkley Las Vegas (MVM784) 006Ql00000f29sP,1612A,Evolve M2
10:2b:aa:50:33:e8,2026-07-30 12:11:39,NxAdYxekQZxahxWUdflx3oODft9AoCVH,The Berkley Las Vegas (MVM784) 006Ql00000f29sP,611B,Evolve M2
10:2b:aa:51:e9:b0,2026-07-30 12:11:39,NxAdYxekQZxahxWUdflx3oODft9AoCVH,The Berkley Las Vegas (MVM784) 006Ql00000f29sP,501B,Evolve M2
10:2b:aa:50:2f:98,2026-07-30 12:11:38,NxAdYxekQZxahxWUdflx3oODft9AoCVH,The Berkley Las Vegas (MVM784) 006Ql00000f29sP,406A,Evolve M2
10:2b:aa:50:2f:e0,2026-07-30 12:11:38,NxAdYxekQZxahxWUdflx3oODft9AoCVH,The Berkley Las Vegas (MVM784) 006Ql00000f29sP,903B,Evolve M2
10:2b:aa:50:3d:69,2026-07-30 12:11:37,NxAdYxekQZxahxWUdflx3oODft9AoCVH,The Berkley Las Vegas (MVM784) 006Ql00000f29sP,304B@L,Evolve M2
10:2b:aa:50:8f:b0,2026-07-30 12:11:37,NxAdYxekQZxahxWUdflx3oODft9AoCVH,The Berkley Las Vegas (MVM784) 006Ql00000f29sP,1407B@B,Evolve M2
10:2b:aa:50:33:ca,2026-07-30 12:11:37,NxAdYxekQZxahxWUdflx3oODft9AoCVH,The Berkley Las Vegas (MVM784) 006Ql00000f29sP,908A,Evolve M2
10:2b:aa:50:3b:5f,2026-07-30 12:11:36,NxAdYxekQZxahxWUdflx3oODft9AoCVH,The Berkley Las Vegas (MVM784) 006Ql00000f29sP,403B,Evolve M2
10:2b:aa:50:3f:b2,2026-07-30 12:11:32,NxAdYxekQZxahxWUdflx3oODft9AoCVH,The Berkley Las Vegas (MVM784) 006Ql00000f29sP,310B,Evolve M2
10:2b:aa:50:3b:14,2026-07-30 12:11:32,NxAdYxekQZxahxWUdflx3oODft9AoCVH,The Berkley Las Vegas (MVM784) 006Ql00000f29sP,1710A@B,Evolve M2
10:2b:aa:51:ea:82,2026-07-30 12:11:32,NxAdYxekQZxahxWUdflx3oODft9AoCVH,The Berkley Las Vegas (MVM784) 006Ql00000f29sP,1012A,Evolve M2
10:2b:aa:50:34:03,2026-07-30 12:11:30,NxAdYxekQZxahxWUdflx3oODft9AoCVH,The Berkley Las Vegas (MVM784) 006Ql00000f29sP,1006B,Evolve M2
10:2b:aa:50:33:c4,2026-07-30 12:11:30,NxAdYxekQZxahxWUdflx3oODft9AoCVH,The Berkley Las Vegas (MVM784) 006Ql00000f29sP,907B,Evolve M2
10:2b:aa:50:8d:88,2026-07-30 12:11:29,NxAdYxekQZxahxWUdflx3oODft9AoCVH,The Berkley Las Vegas (MVM784) 006Ql00000f29sP,1606B@B,Evolve M2
10:2b:aa:50:38:1d,2026-07-30 12:11:27,NxAdYxekQZxahxWUdflx3oODft9AoCVH,The Berkley Las Vegas (MVM784) 006Ql00000f29sP,312A,Evolve M2
10:2b:aa:50:3a:51,2026-07-30 12:11:27,NxAdYxekQZxahxWUdflx3oODft9AoCVH,The Berkley Las Vegas (MVM784) 006Ql00000f29sP,1503B@B,Evolve M2
10:2b:aa:50:36:e2,2026-07-30 12:11:27,NxAdYxekQZxahxWUdflx3oODft9AoCVH,The Berkley Las Vegas (MVM784) 006Ql00000f29sP,812B,Evolve M2
10:2b:aa:50:2c:59,2026-07-30 12:11:26,NxAdYxekQZxahxWUdflx3oODft9AoCVH,The Berkley Las Vegas (MVM784) 006Ql00000f29sP,1710B@B,Evolve M2
10:2b:aa:50:32:7a,2026-07-30 12:11:26,NxAdYxekQZxahxWUdflx3oODft9AoCVH,The Berkley Las Vegas (MVM784) 006Ql00000f29sP,1808B@B,Evolve M2
10:2b:aa:50:34:ab,2026-07-30 12:11:25,NxAdYxekQZxahxWUdflx3oODft9AoCVH,The Berkley Las Vegas (MVM784) 006Ql00000f29sP,907A,Evolve M2
10:2b:aa:50:36:d3,2026-07-30 12:11:24,NxAdYxekQZxahxWUdflx3oODft9AoCVH,The Berkley Las Vegas (MVM784) 006Ql00000f29sP,1808A@B,Evolve M2
10:2b:aa:50:3f:3a,2026-07-30 12:11:23,NxAdYxekQZxahxWUdflx3oODft9AoCVH,The Berkley Las Vegas (MVM784) 006Ql00000f29sP,308B,Evolve M2
10:2b:aa:50:38:98,2026-07-30 12:11:23,NxAdYxekQZxahxWUdflx3oODft9AoCVH,The Berkley Las Vegas (MVM784) 006Ql00000f29sP,1004A,Evolve M2
10:2b:aa:50:8f:95,2026-07-30 12:11:22,NxAdYxekQZxahxWUdflx3oODft9AoCVH,The Berkley Las Vegas (MVM784) 006Ql00000f29sP,1412B,Evolve M2
10:2b:aa:50:32:5f,2026-07-30 12:11:22,NxAdYxekQZxahxWUdflx3oODft9AoCVH,The Berkley Las Vegas (MVM784) 006Ql00000f29sP,607B,Evolve M2
10:2b:aa:50:33:16,2026-07-30 12:11:21,NxAdYxekQZxahxWUdflx3oODft9AoCVH,The Berkley Las Vegas (MVM784) 006Ql00000f29sP,1508B,Evolve M2
10:2b:aa:50:3d:1e,2026-07-30 12:11:21,NxAdYxekQZxahxWUdflx3oODft9AoCVH,The Berkley Las Vegas (MVM784) 006Ql00000f29sP,103A,Evolve M2
10:2b:aa:50:2c:ef,2026-07-30 12:11:21,NxAdYxekQZxahxWUdflx3oODft9AoCVH,The Berkley Las Vegas (MVM784) 006Ql00000f29sP,610B@L,Evolve M2
10:2b:aa:51:e8:1b,2026-07-30 12:11:20,NxAdYxekQZxahxWUdflx3oODft9AoCVH,The Berkley Las Vegas (MVM784) 006Ql00000f29sP,512B,Evolve M2
10:2b:aa:50:2f:0e,2026-07-30 12:11:19,NxAdYxekQZxahxWUdflx3oODft9AoCVH,The Berkley Las Vegas (MVM784) 006Ql00000f29sP,1106A,Evolve M2
68:ab:a9:f8:52:d5,2026-07-30 12:11:17,NxAdYxekQZxahxWUdflx3oODft9AoCVH,The Berkley Las Vegas (MVM784) 006Ql00000f29sP,1809A@B,Evolve M2
68:ab:a9:fb:04:24,2026-07-30 12:11:15,NxAdYxekQZxahxWUdflx3oODft9AoCVH,The Berkley Las Vegas (MVM784) 006Ql00000f29sP,1809B,Evolve M2
10:2b:aa:50:30:ca,2026-07-30 12:11:14,NxAdYxekQZxahxWUdflx3oODft9AoCVH,The Berkley Las Vegas (MVM784) 006Ql00000f29sP,710A,Evolve M2
10:2b:aa:50:8d:10,2026-07-30 12:11:10,NxAdYxekQZxahxWUdflx3oODft9AoCVH,The Berkley Las Vegas (MVM784) 006Ql00000f29sP,1011A,Evolve M2
10:2b:aa:50:2e:f6,2026-07-30 12:11:07,NxAdYxekQZxahxWUdflx3oODft9AoCVH,The Berkley Las Vegas (MVM784) 006Ql00000f29sP,904A,Evolve M2
10:2b:aa:50:38:35,2026-07-30 12:11:05,NxAdYxekQZxahxWUdflx3oODft9AoCVH,The Berkley Las Vegas (MVM784) 006Ql00000f29sP,304A@B,Evolve M2
10:2b:aa:50:34:99,2026-07-30 12:11:04,NxAdYxekQZxahxWUdflx3oODft9AoCVH,The Berkley Las Vegas (MVM784) 006Ql00000f29sP,1004A,Evolve M2
10:2b:aa:50:3d:3c,2026-07-30 12:11:03,NxAdYxekQZxahxWUdflx3oODft9AoCVH,The Berkley Las Vegas (MVM784) 006Ql00000f29sP,203A,Evolve M2
10:2b:aa:50:35:1d,2026-07-30 12:11:03,NxAdYxekQZxahxWUdflx3oODft9AoCVH,The Berkley Las Vegas (MVM784) 006Ql00000f29sP,408B,Evolve M2
10:2b:aa:50:3f:a3,2026-07-30 12:11:01,NxAdYxekQZxahxWUdflx3oODft9AoCVH,The Berkley Las Vegas (MVM784) 006Ql00000f29sP,301S,Evolve M2
10:2b:aa:50:8e:78,2026-07-30 12:10:58,NxAdYxekQZxahxWUdflx3oODft9AoCVH,The Berkley Las Vegas (MVM784) 006Ql00000f29sP,903A,Evolve M2
10:2b:aa:50:36:07,2026-07-30 12:10:58,NxAdYxekQZxahxWUdflx3oODft9AoCVH,The Berkley Las Vegas (MVM784) 006Ql00000f29sP,612A,Evolve M2
10:2b:aa:50:36:d0,2026-07-30 12:10:56,NxAdYxekQZxahxWUdflx3oODft9AoCVH,The Berkley Las Vegas (MVM784) 006Ql00000f29sP,1203B,Evolve M2
10:2b:aa:50:90:a9,2026-07-30 12:10:56,NxAdYxekQZxahxWUdflx3oODft9AoCVH,The Berkley Las Vegas (MVM784) 006Ql00000f29sP,911A,Evolve M2
10:2b:aa:51:e8:f6,2026-07-30 12:10:54,NxAdYxekQZxahxWUdflx3oODft9AoCVH,The Berkley Las Vegas (MVM784) 006Ql00000f29sP,1505B,Evolve M2
10:2b:aa:50:32:68,2026-07-30 12:10:53,NxAdYxekQZxahxWUdflx3oODft9AoCVH,The Berkley Las Vegas (MVM784) 006Ql00000f29sP,602A,Evolve M2
10:2b:aa:50:3d:ba,2026-07-30 12:10:52,NxAdYxekQZxahxWUdflx3oODft9AoCVH,The Berkley Las Vegas (MVM784) 006Ql00000f29sP,1201B,Evolve M2
10:2b:aa:50:8e:9c,2026-07-30 12:10:51,NxAdYxekQZxahxWUdflx3oODft9AoCVH,The Berkley Las Vegas (MVM784) 006Ql00000f29sP,1208B,Evolve M2
10:2b:aa:50:3c:1f,2026-07-30 12:10:50,NxAdYxekQZxahxWUdflx3oODft9AoCVH,The Berkley Las Vegas (MVM784) 006Ql00000f29sP,208B,Evolve M2
10:2b:aa:50:3e:50,2026-07-30 12:10:46,NxAdYxekQZxahxWUdflx3oODft9AoCVH,The Berkley Las Vegas (MVM784) 006Ql00000f29sP,1712B@L,Evolve M2
10:2b:aa:50:3a:03,2026-07-30 12:10:45,NxAdYxekQZxahxWUdflx3oODft9AoCVH,The Berkley Las Vegas (MVM784) 006Ql00000f29sP,311A,Evolve M2
10:2b:aa:50:3c:af,2026-07-30 12:10:45,NxAdYxekQZxahxWUdflx3oODft9AoCVH,The Berkley Las Vegas (MVM784) 006Ql00000f29sP,104B,Evolve M2
10:2b:aa:50:8e:96,2026-07-30 12:10:44,NxAdYxekQZxahxWUdflx3oODft9AoCVH,The Berkley Las Vegas (MVM784) 006Ql00000f29sP,906B,Evolve M2
10:2b:aa:50:32:fe,2026-07-30 12:10:43,NxAdYxekQZxahxWUdflx3oODft9AoCVH,The Berkley Las Vegas (MVM784) 006Ql00000f29sP,1602A@L,Evolve M2
10:2b:aa:50:3c:c1,2026-07-30 12:10:42,NxAdYxekQZxahxWUdflx3oODft9AoCVH,The Berkley Las Vegas (MVM784) 006Ql00000f29sP,1503A@L,Evolve M2
10:2b:aa:50:91:21,2026-07-30 12:10:42,NxAdYxekQZxahxWUdflx3oODft9AoCVH,The Berkley Las Vegas (MVM784) 006Ql00000f29sP,1512B@L,Evolve M2
10:2b:aa:50:37:5d,2026-07-30 12:10:41,NxAdYxekQZxahxWUdflx3oODft9AoCVH,The Berkley Las Vegas (MVM784) 006Ql00000f29sP,1706B@L,Evolve M2
10:2b:aa:50:3c:4c,2026-07-30 12:10:41,NxAdYxekQZxahxWUdflx3oODft9AoCVH,The Berkley Las Vegas (MVM784) 006Ql00000f29sP,209B,Evolve M2
10:2b:aa:50:31:45,2026-07-30 12:10:40,NxAdYxekQZxahxWUdflx3oODft9AoCVH,The Berkley Las Vegas (MVM784) 006Ql00000f29sP,1408B,Evolve M2
10:2b:aa:51:ea:31,2026-07-30 12:10:40,NxAdYxekQZxahxWUdflx3oODft9AoCVH,The Berkley Las Vegas (MVM784) 006Ql00000f29sP,1705B@B,Evolve M2
10:2b:aa:50:3f:e8,2026-07-30 12:10:39,NxAdYxekQZxahxWUdflx3oODft9AoCVH,The Berkley Las Vegas (MVM784) 006Ql00000f29sP,301B@L,Evolve M2
10:2b:aa:50:3b:23,2026-07-30 12:10:38,NxAdYxekQZxahxWUdflx3oODft9AoCVH,The Berkley Las Vegas (MVM784) 006Ql00000f29sP,409A,Evolve M2
10:2b:aa:50:2f:14,2026-07-30 12:10:34,NxAdYxekQZxahxWUdflx3oODft9AoCVH,The Berkley Las Vegas (MVM784) 006Ql00000f29sP,910B,Evolve M2
10:2b:aa:50:2c:74,2026-07-30 12:10:34,NxAdYxekQZxahxWUdflx3oODft9AoCVH,The Berkley Las Vegas (MVM784) 006Ql00000f29sP,510B,Evolve M2
10:2b:aa:50:3a:60,2026-07-30 12:10:33,NxAdYxekQZxahxWUdflx3oODft9AoCVH,The Berkley Las Vegas (MVM784) 006Ql00000f29sP,607B,Evolve M2
10:2b:aa:50:36:df,2026-07-30 12:10:32,NxAdYxekQZxahxWUdflx3oODft9AoCVH,The Berkley Las Vegas (MVM784) 006Ql00000f29sP,1604A@L,Evolve M2
10:2b:aa:50:33:0a,2026-07-30 12:10:31,NxAdYxekQZxahxWUdflx3oODft9AoCVH,The Berkley Las Vegas (MVM784) 006Ql00000f29sP,1807B@L,Evolve M2
10:2b:aa:50:3a:a2,2026-07-30 12:10:28,NxAdYxekQZxahxWUdflx3oODft9AoCVH,The Berkley Las Vegas (MVM784) 006Ql00000f29sP,407A,Evolve M2
10:2b:aa:50:3e:a1,2026-07-30 12:10:22,NxAdYxekQZxahxWUdflx3oODft9AoCVH,The Berkley Las Vegas (MVM784) 006Ql00000f29sP,311B,Evolve M2
10:2b:aa:50:37:27,2026-07-30 12:10:21,NxAdYxekQZxahxWUdflx3oODft9AoCVH,The Berkley Las Vegas (MVM784) 006Ql00000f29sP,1812A,Evolve M2
10:2b:aa:50:30:04,2026-07-30 12:10:18,NxAdYxekQZxahxWUdflx3oODft9AoCVH,The Berkley Las Vegas (MVM784) 006Ql00000f29sP,901S,Evolve M2
10:2b:aa:50:90:e8,2026-07-30 12:10:16,NxAdYxekQZxahxWUdflx3oODft9AoCVH,The Berkley Las Vegas (MVM784) 006Ql00000f29sP,1504A,Evolve M2
10:2b:aa:50:2b:f9,2026-07-30 12:10:14,NxAdYxekQZxahxWUdflx3oODft9AoCVH,The Berkley Las Vegas (MVM784) 006Ql00000f29sP,1612A,Evolve M2
10:2b:aa:50:39:c4,2026-07-30 12:10:13,NxAdYxekQZxahxWUdflx3oODft9AoCVH,The Berkley Las Vegas (MVM784) 006Ql00000f29sP,802B,Evolve M2
10:2b:aa:50:3f:be,2026-07-30 12:10:11,NxAdYxekQZxahxWUdflx3oODft9AoCVH,The Berkley Las Vegas (MVM784) 006Ql00000f29sP,302A@B,Evolve M2
10:2b:aa:50:3a:93,2026-07-30 12:10:11,NxAdYxekQZxahxWUdflx3oODft9AoCVH,The Berkley Las Vegas (MVM784) 006Ql00000f29sP,205A,Evolve M2
10:2b:aa:50:30:fa,2026-07-30 12:10:11,NxAdYxekQZxahxWUdflx3oODft9AoCVH,The Berkley Las Vegas (MVM784) 006Ql00000f29sP,1411B,Evolve M2
10:2b:aa:50:35:9e,2026-07-30 12:10:09,NxAdYxekQZxahxWUdflx3oODft9AoCVH,The Berkley Las Vegas (MVM784) 006Ql00000f29sP,603B,Evolve M2
10:2b:aa:50:33:76,2026-07-30 12:10:05,NxAdYxekQZxahxWUdflx3oODft9AoCVH,The Berkley Las Vegas (MVM784) 006Ql00000f29sP,911B,Evolve M2
10:2b:aa:50:92:d7,2026-07-30 12:10:04,NxAdYxekQZxahxWUdflx3oODft9AoCVH,The Berkley Las Vegas (MVM784) 006Ql00000f29sP,1606A@B,Evolve M2
10:2b:aa:50:32:98,2026-07-30 12:10:04,NxAdYxekQZxahxWUdflx3oODft9AoCVH,The Berkley Las Vegas (MVM784) 006Ql00000f29sP,1112B,Evolve M2
10:2b:aa:50:30:a3,2026-07-30 12:10:03,NxAdYxekQZxahxWUdflx3oODft9AoCVH,The Berkley Las Vegas (MVM784) 006Ql00000f29sP,701S,Evolve M2
10:2b:aa:50:91:ea,2026-07-30 12:10:03,NxAdYxekQZxahxWUdflx3oODft9AoCVH,The Berkley Las Vegas (MVM784) 006Ql00000f29sP,1406A,Evolve M2
10:2b:aa:50:37:12,2026-07-30 12:10:03,NxAdYxekQZxahxWUdflx3oODft9AoCVH,The Berkley Las Vegas (MVM784) 006Ql00000f29sP,710B,Evolve M2
10:2b:aa:50:3c:a0,2026-07-30 12:10:02,NxAdYxekQZxahxWUdflx3oODft9AoCVH,The Berkley Las Vegas (MVM784) 006Ql00000f29sP,203B,Evolve M2
10:2b:aa:50:3c:61,2026-07-30 12:09:59,NxAdYxekQZxahxWUdflx3oODft9AoCVH,The Berkley Las Vegas (MVM784) 006Ql00000f29sP,210B,Evolve M2
10:2b:aa:50:8e:3c,2026-07-30 12:09:58,NxAdYxekQZxahxWUdflx3oODft9AoCVH,The Berkley Las Vegas (MVM784) 006Ql00000f29sP,604B,Evolve M2
10:2b:aa:50:90:8b,2026-07-30 12:09:57,NxAdYxekQZxahxWUdflx3oODft9AoCVH,The Berkley Las Vegas (MVM784) 006Ql00000f29sP,506A,Evolve M2
10:2b:aa:50:35:5c,2026-07-30 12:09:52,NxAdYxekQZxahxWUdflx3oODft9AoCVH,The Berkley Las Vegas (MVM784) 006Ql00000f29sP,1808A@L,Evolve M2
10:2b:aa:50:2f:5c,2026-07-30 12:09:51,NxAdYxekQZxahxWUdflx3oODft9AoCVH,The Berkley Las Vegas (MVM784) 006Ql00000f29sP,1106A,Evolve M2
10:2b:aa:50:31:15,2026-07-30 12:09:50,NxAdYxekQZxahxWUdflx3oODft9AoCVH,The Berkley Las Vegas (MVM784) 006Ql00000f29sP,1608B@B,Evolve M2
10:2b:aa:50:36:b8,2026-07-30 12:09:49,NxAdYxekQZxahxWUdflx3oODft9AoCVH,The Berkley Las Vegas (MVM784) 006Ql00000f29sP,1007A,Evolve M2
10:2b:aa:50:2e:72,2026-07-30 12:09:48,NxAdYxekQZxahxWUdflx3oODft9AoCVH,The Berkley Las Vegas (MVM784) 006Ql00000f29sP,912A,Evolve M2
10:2b:aa:50:04:09,2026-07-30 12:09:47,NxAdYxekQZxahxWUdflx3oODft9AoCVH,The Berkley Las Vegas (MVM784) 006Ql00000f29sP,1005A,Evolve M2
10:2b:aa:50:34:ba,2026-07-30 12:09:46,NxAdYxekQZxahxWUdflx3oODft9AoCVH,The Berkley Las Vegas (MVM784) 006Ql00000f29sP,1009A,Evolve M2
10:2b:aa:50:31:cf,2026-07-30 12:09:45,NxAdYxekQZxahxWUdflx3oODft9AoCVH,The Berkley Las Vegas (MVM784) 006Ql00000f29sP,1009B,Evolve M2
10:2b:aa:50:34:f6,2026-07-30 12:09:45,NxAdYxekQZxahxWUdflx3oODft9AoCVH,The Berkley Las Vegas (MVM784) 006Ql00000f29sP,408A,Evolve M2
10:2b:aa:50:35:4d,2026-07-30 12:09:45,NxAdYxekQZxahxWUdflx3oODft9AoCVH,The Berkley Las Vegas (MVM784) 006Ql00000f29sP,403A,Evolve M2
10:2b:aa:50:3d:27,2026-07-30 12:09:44,NxAdYxekQZxahxWUdflx3oODft9AoCVH,The Berkley Las Vegas (MVM784) 006Ql00000f29sP,105A,Evolve M2
10:2b:aa:50:8d:2b,2026-07-30 12:09:44,NxAdYxekQZxahxWUdflx3oODft9AoCVH,The Berkley Las Vegas (MVM784) 006Ql00000f29sP,1401B,Evolve M2
10:2b:aa:50:03:d6,2026-07-30 12:09:44,NxAdYxekQZxahxWUdflx3oODft9AoCVH,The Berkley Las Vegas (MVM784) 006Ql00000f29sP,811A,Evolve M2
10:2b:aa:50:3f:85,2026-07-30 12:09:44,NxAdYxekQZxahxWUdflx3oODft9AoCVH,The Berkley Las Vegas (MVM784) 006Ql00000f29sP,1411A,Evolve M2
10:2b:aa:50:35:e9,2026-07-30 12:09:43,NxAdYxekQZxahxWUdflx3oODft9AoCVH,The Berkley Las Vegas (MVM784) 006Ql00000f29sP,508A,Evolve M2
10:2b:aa:50:91:1b,2026-07-30 12:09:42,NxAdYxekQZxahxWUdflx3oODft9AoCVH,The Berkley Las Vegas (MVM784) 006Ql00000f29sP,1202A,Evolve M2
10:2b:aa:50:32:ef,2026-07-30 12:09:42,NxAdYxekQZxahxWUdflx3oODft9AoCVH,The Berkley Las Vegas (MVM784) 006Ql00000f29sP,804B,Evolve M2
10:2b:aa:50:92:1a,2026-07-30 12:09:41,NxAdYxekQZxahxWUdflx3oODft9AoCVH,The Berkley Las Vegas (MVM784) 006Ql00000f29sP,1711A,Evolve M2
10:2b:aa:50:38:e9,2026-07-30 12:09:41,NxAdYxekQZxahxWUdflx3oODft9AoCVH,The Berkley Las Vegas (MVM784) 006Ql00000f29sP,510A,Evolve M2
10:2b:aa:51:e0:77,2026-07-30 12:09:40,NxAdYxekQZxahxWUdflx3oODft9AoCVH,The Berkley Las Vegas (MVM784) 006Ql00000f29sP,509B,Evolve M2
10:2b:aa:50:3c:b2,2026-07-30 12:09:40,NxAdYxekQZxahxWUdflx3oODft9AoCVH,The Berkley Las Vegas (MVM784) 006Ql00000f29sP,1109A,Evolve M2
10:2b:aa:50:31:57,2026-07-30 12:09:39,NxAdYxekQZxahxWUdflx3oODft9AoCVH,The Berkley Las Vegas (MVM784) 006Ql00000f29sP,1812B,Evolve M2
10:2b:aa:50:3f:d9,2026-07-30 12:09:37,NxAdYxekQZxahxWUdflx3oODft9AoCVH,The Berkley Las Vegas (MVM784) 006Ql00000f29sP,304A@L,Evolve M2
10:2b:aa:50:91:87,2026-07-30 12:09:37,NxAdYxekQZxahxWUdflx3oODft9AoCVH,The Berkley Las Vegas (MVM784) 006Ql00000f29sP,1504A,Evolve M2
10:2b:aa:51:e0:98,2026-07-30 12:09:36,NxAdYxekQZxahxWUdflx3oODft9AoCVH,The Berkley Las Vegas (MVM784) 006Ql00000f29sP,505B,Evolve M2
10:2b:aa:50:34:3f,2026-07-30 12:09:35,NxAdYxekQZxahxWUdflx3oODft9AoCVH,The Berkley Las Vegas (MVM784) 006Ql00000f29sP,201A,Evolve M2
10:2b:aa:50:31:e1,2026-07-30 12:09:35,NxAdYxekQZxahxWUdflx3oODft9AoCVH,The Berkley Las Vegas (MVM784) 006Ql00000f29sP,303A@L,Evolve M2
10:2b:aa:51:e6:65,2026-07-30 12:09:33,NxAdYxekQZxahxWUdflx3oODft9AoCVH,The Berkley Las Vegas (MVM784) 006Ql00000f29sP,505B,Evolve M2
10:2b:aa:50:91:15,2026-07-30 12:09:32,NxAdYxekQZxahxWUdflx3oODft9AoCVH,The Berkley Las Vegas (MVM784) 006Ql00000f29sP,1005B,Evolve M2
10:2b:aa:50:38:77,2026-07-30 12:09:32,NxAdYxekQZxahxWUdflx3oODft9AoCVH,The Berkley Las Vegas (MVM784) 006Ql00000f29sP,301B@B,Evolve M2
10:2b:aa:50:31:fc,2026-07-30 12:09:31,NxAdYxekQZxahxWUdflx3oODft9AoCVH,The Berkley Las Vegas (MVM784) 006Ql00000f29sP,104A,Evolve M2
10:2b:aa:50:3f:a0,2026-07-30 12:09:30,NxAdYxekQZxahxWUdflx3oODft9AoCVH,The Berkley Las Vegas (MVM784) 006Ql00000f29sP,312B,Evolve M2
10:2b:aa:51:ea:16,2026-07-30 12:09:28,NxAdYxekQZxahxWUdflx3oODft9AoCVH,The Berkley Las Vegas (MVM784) 006Ql00000f29sP,1210B,Evolve M2
10:2b:aa:50:34:78,2026-07-30 12:09:27,NxAdYxekQZxahxWUdflx3oODft9AoCVH,The Berkley Las Vegas (MVM784) 006Ql00000f29sP,201B,Evolve M2
10:2b:aa:50:90:82,2026-07-30 12:09:26,NxAdYxekQZxahxWUdflx3oODft9AoCVH,The Berkley Las Vegas (MVM784) 006Ql00000f29sP,908B,Evolve M2
10:2b:aa:50:3e:a7,2026-07-30 12:09:23,NxAdYxekQZxahxWUdflx3oODft9AoCVH,The Berkley Las Vegas (MVM784) 006Ql00000f29sP,405A,Evolve M2
10:2b:aa:50:39:5e,2026-07-30 12:09:23,NxAdYxekQZxahxWUdflx3oODft9AoCVH,The Berkley Las Vegas (MVM784) 006Ql00000f29sP,1001A,Evolve M2
10:2b:aa:51:e0:35,2026-07-30 12:09:23,NxAdYxekQZxahxWUdflx3oODft9AoCVH,The Berkley Las Vegas (MVM784) 006Ql00000f29sP,705A,Evolve M2
10:2b:aa:50:33:2b,2026-07-30 12:09:19,NxAdYxekQZxahxWUdflx3oODft9AoCVH,The Berkley Las Vegas (MVM784) 006Ql00000f29sP,802A,Evolve M2
68:ab:a9:fc:d1:a7,2026-07-30 12:09:19,NxAdYxekQZxahxWUdflx3oODft9AoCVH,The Berkley Las Vegas (MVM784) 006Ql00000f29sP,1811A@L,Evolve M2
10:2b:aa:51:e0:9e,2026-07-30 12:09:18,NxAdYxekQZxahxWUdflx3oODft9AoCVH,The Berkley Las Vegas (MVM784) 006Ql00000f29sP,512B,Evolve M2
10:2b:aa:50:2c:e0,2026-07-30 12:09:17,NxAdYxekQZxahxWUdflx3oODft9AoCVH,The Berkley Las Vegas (MVM784) 006Ql00000f29sP,1604B@L,Evolve M2
10:2b:aa:50:2f:50,2026-07-30 12:09:17,NxAdYxekQZxahxWUdflx3oODft9AoCVH,The Berkley Las Vegas (MVM784) 006Ql00000f29sP,810B,Evolve M2
10:2b:aa:50:33:df,2026-07-30 12:09:17,NxAdYxekQZxahxWUdflx3oODft9AoCVH,The Berkley Las Vegas (MVM784) 006Ql00000f29sP,201A,Evolve M2
10:2b:aa:50:90:07,2026-07-30 12:09:16,NxAdYxekQZxahxWUdflx3oODft9AoCVH,The Berkley Las Vegas (MVM784) 006Ql00000f29sP,501B,Evolve M2
10:2b:aa:50:32:c8,2026-07-30 12:09:14,NxAdYxekQZxahxWUdflx3oODft9AoCVH,The Berkley Las Vegas (MVM784) 006Ql00000f29sP,1707B@L,Evolve M2
10:2b:aa:50:39:d6,2026-07-30 12:09:12,NxAdYxekQZxahxWUdflx3oODft9AoCVH,The Berkley Las Vegas (MVM784) 006Ql00000f29sP,1001A,Evolve M2
10:2b:aa:50:04:30,2026-07-30 12:09:10,NxAdYxekQZxahxWUdflx3oODft9AoCVH,The Berkley Las Vegas (MVM784) 006Ql00000f29sP,1006A,Evolve M2
10:2b:aa:50:3d:fc,2026-07-30 12:09:09,NxAdYxekQZxahxWUdflx3oODft9AoCVH,The Berkley Las Vegas (MVM784) 006Ql00000f29sP,1712A@L,Evolve M2
10:2b:aa:50:38:f2,2026-07-30 12:09:06,NxAdYxekQZxahxWUdflx3oODft9AoCVH,The Berkley Las Vegas (MVM784) 006Ql00000f29sP,405A,Evolve M2
10:2b:aa:50:37:81,2026-07-30 12:09:06,NxAdYxekQZxahxWUdflx3oODft9AoCVH,The Berkley Las Vegas (MVM784) 006Ql00000f29sP,810B,Evolve M2
10:2b:aa:50:30:c7,2026-07-30 12:09:04,NxAdYxekQZxahxWUdflx3oODft9AoCVH,The Berkley Las Vegas (MVM784) 006Ql00000f29sP,1204B,Evolve M2
10:2b:aa:51:e9:a1,2026-07-30 12:09:04,NxAdYxekQZxahxWUdflx3oODft9AoCVH,The Berkley Las Vegas (MVM784) 006Ql00000f29sP,510B,Evolve M2
10:2b:aa:50:8f:74,2026-07-30 12:09:04,NxAdYxekQZxahxWUdflx3oODft9AoCVH,The Berkley Las Vegas (MVM784) 006Ql00000f29sP,205B,Evolve M2
10:2b:aa:50:2e:7b,2026-07-30 12:09:04,NxAdYxekQZxahxWUdflx3oODft9AoCVH,The Berkley Las Vegas (MVM784) 006Ql00000f29sP,1612B,Evolve M2
10:2b:aa:50:35:a1,2026-07-30 12:09:03,NxAdYxekQZxahxWUdflx3oODft9AoCVH,The Berkley Las Vegas (MVM784) 006Ql00000f29sP,1608A@L,Evolve M2
10:2b:aa:50:32:71,2026-07-30 12:09:02,NxAdYxekQZxahxWUdflx3oODft9AoCVH,The Berkley Las Vegas (MVM784) 006Ql00000f29sP,805B,Evolve M2
10:2b:aa:51:ea:d6,2026-07-30 12:09:01,NxAdYxekQZxahxWUdflx3oODft9AoCVH,The Berkley Las Vegas (MVM784) 006Ql00000f29sP,1102B,Evolve M2
10:2b:aa:50:3b:ec,2026-07-30 12:09:00,NxAdYxekQZxahxWUdflx3oODft9AoCVH,The Berkley Las Vegas (MVM784) 006Ql00000f29sP,103B,Evolve M2
10:2b:aa:50:3f:04,2026-07-30 12:08:59,NxAdYxekQZxahxWUdflx3oODft9AoCVH,The Berkley Las Vegas (MVM784) 006Ql00000f29sP,310A,Evolve M2
68:ab:a9:f8:51:d8,2026-07-30 12:08:57,NxAdYxekQZxahxWUdflx3oODft9AoCVH,The Berkley Las Vegas (MVM784) 006Ql00000f29sP,1809A@L,Evolve M2
10:2b:aa:50:34:30,2026-07-30 12:08:57,NxAdYxekQZxahxWUdflx3oODft9AoCVH,The Berkley Las Vegas (MVM784) 006Ql00000f29sP,201B,Evolve M2
10:2b:aa:50:30:5e,2026-07-30 12:08:57,NxAdYxekQZxahxWUdflx3oODft9AoCVH,The Berkley Las Vegas (MVM784) 006Ql00000f29sP,711A,Evolve M2
10:2b:aa:50:37:e1,2026-07-30 12:08:56,NxAdYxekQZxahxWUdflx3oODft9AoCVH,The Berkley Las Vegas (MVM784) 006Ql00000f29sP,904B,Evolve M2
10:2b:aa:50:8e:b4,2026-07-30 12:08:55,NxAdYxekQZxahxWUdflx3oODft9AoCVH,The Berkley Las Vegas (MVM784) 006Ql00000f29sP,1706B@B,Evolve M2
10:2b:aa:50:90:6a,2026-07-30 12:08:55,NxAdYxekQZxahxWUdflx3oODft9AoCVH,The Berkley Las Vegas (MVM784) 006Ql00000f29sP,1104A,Evolve M2
10:2b:aa:50:34:4b,2026-07-30 12:08:55,NxAdYxekQZxahxWUdflx3oODft9AoCVH,The Berkley Las Vegas (MVM784) 006Ql00000f29sP,302B@L,Evolve M2
10:2b:aa:50:3a:4e,2026-07-30 12:08:52,NxAdYxekQZxahxWUdflx3oODft9AoCVH,The Berkley Las Vegas (MVM784) 006Ql00000f29sP,1010A,Evolve M2
10:2b:aa:50:35:3b,2026-07-30 12:08:52,NxAdYxekQZxahxWUdflx3oODft9AoCVH,The Berkley Las Vegas (MVM784) 006Ql00000f29sP,909A,Evolve M2
10:2b:aa:50:8e:a5,2026-07-30 12:08:51,NxAdYxekQZxahxWUdflx3oODft9AoCVH,The Berkley Las Vegas (MVM784) 006Ql00000f29sP,1807A@L,Evolve M2
10:2b:aa:50:8f:47,2026-07-30 12:08:50,NxAdYxekQZxahxWUdflx3oODft9AoCVH,The Berkley Las Vegas (MVM784) 006Ql00000f29sP,1409A,Evolve M2
10:2b:aa:50:33:a3,2026-07-30 12:08:48,NxAdYxekQZxahxWUdflx3oODft9AoCVH,The Berkley Las Vegas (MVM784) 006Ql00000f29sP,910A,Evolve M2
10:2b:aa:50:37:1e,2026-07-30 12:08:47,NxAdYxekQZxahxWUdflx3oODft9AoCVH,The Berkley Las Vegas (MVM784) 006Ql00000f29sP,1606A@L,Evolve M2
10:2b:aa:50:30:43,2026-07-30 12:08:46,NxAdYxekQZxahxWUdflx3oODft9AoCVH,The Berkley Las Vegas (MVM784) 006Ql00000f29sP,1010A,Evolve M2
10:2b:aa:50:3e:ef,2026-07-30 12:08:43,NxAdYxekQZxahxWUdflx3oODft9AoCVH,The Berkley Las Vegas (MVM784) 006Ql00000f29sP,1506A@B,Evolve M2
10:2b:aa:50:8f:35,2026-07-30 12:08:42,NxAdYxekQZxahxWUdflx3oODft9AoCVH,The Berkley Las Vegas (MVM784) 006Ql00000f29sP,905B,Evolve M2
10:2b:aa:50:92:05,2026-07-30 12:08:41,NxAdYxekQZxahxWUdflx3oODft9AoCVH,The Berkley Las Vegas (MVM784) 006Ql00000f29sP,1404B,Evolve M2
10:2b:aa:50:38:dd,2026-07-30 12:08:41,NxAdYxekQZxahxWUdflx3oODft9AoCVH,The Berkley Las Vegas (MVM784) 006Ql00000f29sP,508A,Evolve M2
10:2b:aa:50:2e:63,2026-07-30 12:08:37,NxAdYxekQZxahxWUdflx3oODft9AoCVH,The Berkley Las Vegas (MVM784) 006Ql00000f29sP,1206A,Evolve M2
10:2b:aa:50:32:d7,2026-07-30 12:08:36,NxAdYxekQZxahxWUdflx3oODft9AoCVH,The Berkley Las Vegas (MVM784) 006Ql00000f29sP,1402B,Evolve M2
10:2b:aa:50:33:97,2026-07-30 12:08:36,NxAdYxekQZxahxWUdflx3oODft9AoCVH,The Berkley Las Vegas (MVM784) 006Ql00000f29sP,701A,Evolve M2
10:2b:aa:50:3e:05,2026-07-30 12:08:35,NxAdYxekQZxahxWUdflx3oODft9AoCVH,The Berkley Las Vegas (MVM784) 006Ql00000f29sP,1202B,Evolve M2
10:2b:aa:50:36:bb,2026-07-30 12:08:35,NxAdYxekQZxahxWUdflx3oODft9AoCVH,The Berkley Las Vegas (MVM784) 006Ql00000f29sP,1210A,Evolve M2
10:2b:aa:50:3c:73,2026-07-30 12:08:35,NxAdYxekQZxahxWUdflx3oODft9AoCVH,The Berkley Las Vegas (MVM784) 006Ql00000f29sP,207A,Evolve M2
10:2b:aa:50:3f:5e,2026-07-30 12:08:34,NxAdYxekQZxahxWUdflx3oODft9AoCVH,The Berkley Las Vegas (MVM784) 006Ql00000f29sP,401A,Evolve M2
10:2b:aa:50:2b:c3,2026-07-30 12:08:34,NxAdYxekQZxahxWUdflx3oODft9AoCVH,The Berkley Las Vegas (MVM784) 006Ql00000f29sP,1109A,Evolve M2
10:2b:aa:51:ea:3d,2026-07-30 12:08:33,NxAdYxekQZxahxWUdflx3oODft9AoCVH,The Berkley Las Vegas (MVM784) 006Ql00000f29sP,1502B@L,Evolve M2
10:2b:aa:50:31:9c,2026-07-30 12:08:27,NxAdYxekQZxahxWUdflx3oODft9AoCVH,The Berkley Las Vegas (MVM784) 006Ql00000f29sP,1510A@L,Evolve M2
10:2b:aa:50:33:d0,2026-07-30 12:08:23,NxAdYxekQZxahxWUdflx3oODft9AoCVH,The Berkley Las Vegas (MVM784) 006Ql00000f29sP,1109B,Evolve M2
10:2b:aa:50:3c:34,2026-07-30 12:08:21,NxAdYxekQZxahxWUdflx3oODft9AoCVH,The Berkley Las Vegas (MVM784) 006Ql00000f29sP,1002B,Evolve M2
10:2b:aa:50:33:ac,2026-07-30 12:08:20,NxAdYxekQZxahxWUdflx3oODft9AoCVH,The Berkley Las Vegas (MVM784) 006Ql00000f29sP,203A,Evolve M2
10:2b:aa:50:36:4c,2026-07-30 12:08:19,NxAdYxekQZxahxWUdflx3oODft9AoCVH,The Berkley Las Vegas (MVM784) 006Ql00000f29sP,1008B,Evolve M2
10:2b:aa:50:3a:81,2026-07-30 12:08:15,NxAdYxekQZxahxWUdflx3oODft9AoCVH,The Berkley Las Vegas (MVM784) 006Ql00000f29sP,304B@B,Evolve M2
10:2b:aa:50:37:2a,2026-07-30 12:08:15,NxAdYxekQZxahxWUdflx3oODft9AoCVH,The Berkley Las Vegas (MVM784) 006Ql00000f29sP,1704A,Evolve M2
10:2b:aa:51:e7:be,2026-07-30 12:08:14,NxAdYxekQZxahxWUdflx3oODft9AoCVH,The Berkley Las Vegas (MVM784) 006Ql00000f29sP,1501A,Evolve M2
10:2b:aa:50:2f:35,2026-07-30 12:08:13,NxAdYxekQZxahxWUdflx3oODft9AoCVH,The Berkley Las Vegas (MVM784) 006Ql00000f29sP,806A,Evolve M2
10:2b:aa:50:33:bb,2026-07-30 12:08:12,NxAdYxekQZxahxWUdflx3oODft9AoCVH,The Berkley Las Vegas (MVM784) 006Ql00000f29sP,911A,Evolve M2
10:2b:aa:50:32:8c,2026-07-30 12:08:12,NxAdYxekQZxahxWUdflx3oODft9AoCVH,The Berkley Las Vegas (MVM784) 006Ql00000f29sP,1508B,Evolve M2
10:2b:aa:50:35:05,2026-07-30 12:08:09,NxAdYxekQZxahxWUdflx3oODft9AoCVH,The Berkley Las Vegas (MVM784) 006Ql00000f29sP,407A,Evolve M2
10:2b:aa:50:8e:63,2026-07-30 12:08:08,NxAdYxekQZxahxWUdflx3oODft9AoCVH,The Berkley Las Vegas (MVM784) 006Ql00000f29sP,912B,Evolve M2
10:2b:aa:50:3e:ad,2026-07-30 12:08:07,NxAdYxekQZxahxWUdflx3oODft9AoCVH,The Berkley Las Vegas (MVM784) 006Ql00000f29sP,1006A,Evolve M2
10:2b:aa:50:36:5b,2026-07-30 12:08:07,NxAdYxekQZxahxWUdflx3oODft9AoCVH,The Berkley Las Vegas (MVM784) 006Ql00000f29sP,605B,Evolve M2
10:2b:aa:50:3b:41,2026-07-30 12:08:07,NxAdYxekQZxahxWUdflx3oODft9AoCVH,The Berkley Las Vegas (MVM784) 006Ql00000f29sP,509B,Evolve M2
10:2b:aa:50:90:58,2026-07-30 12:08:05,NxAdYxekQZxahxWUdflx3oODft9AoCVH,The Berkley Las Vegas (MVM784) 006Ql00000f29sP,502B,Evolve M2
10:2b:aa:50:33:2e,2026-07-30 12:08:04,NxAdYxekQZxahxWUdflx3oODft9AoCVH,The Berkley Las Vegas (MVM784) 006Ql00000f29sP,1509A@B,Evolve M2
10:2b:aa:50:3e:95,2026-07-30 12:08:01,NxAdYxekQZxahxWUdflx3oODft9AoCVH,The Berkley Las Vegas (MVM784) 006Ql00000f29sP,306A@B,Evolve M2
10:2b:aa:50:31:f6,2026-07-30 12:08:00,NxAdYxekQZxahxWUdflx3oODft9AoCVH,The Berkley Las Vegas (MVM784) 006Ql00000f29sP,1002A,Evolve M2
10:2b:aa:50:34:8a,2026-07-30 12:07:59,NxAdYxekQZxahxWUdflx3oODft9AoCVH,The Berkley Las Vegas (MVM784) 006Ql00000f29sP,403A,Evolve M2
10:2b:aa:50:35:e3,2026-07-30 12:07:59,NxAdYxekQZxahxWUdflx3oODft9AoCVH,The Berkley Las Vegas (MVM784) 006Ql00000f29sP,612B,Evolve M2
10:2b:aa:50:2f:ef,2026-07-30 12:07:59,NxAdYxekQZxahxWUdflx3oODft9AoCVH,The Berkley Las Vegas (MVM784) 006Ql00000f29sP,712A,Evolve M2
10:2b:aa:51:e8:cf,2026-07-30 12:07:58,NxAdYxekQZxahxWUdflx3oODft9AoCVH,The Berkley Las Vegas (MVM784) 006Ql00000f29sP,1703A@L,Evolve M2
10:2b:aa:50:8f:dd,2026-07-30 12:07:58,NxAdYxekQZxahxWUdflx3oODft9AoCVH,The Berkley Las Vegas (MVM784) 006Ql00000f29sP,504A,Evolve M2
10:2b:aa:51:ea:c7,2026-07-30 12:07:56,NxAdYxekQZxahxWUdflx3oODft9AoCVH,The Berkley Las Vegas (MVM784) 006Ql00000f29sP,1204A,Evolve M2
10:2b:aa:50:31:d8,2026-07-30 12:07:56,NxAdYxekQZxahxWUdflx3oODft9AoCVH,The Berkley Las Vegas (MVM784) 006Ql00000f29sP,1405A,Evolve M2
10:2b:aa:50:31:bd,2026-07-30 12:07:52,NxAdYxekQZxahxWUdflx3oODft9AoCVH,The Berkley Las Vegas (MVM784) 006Ql00000f29sP,1009B,Evolve M2
10:2b:aa:50:38:23,2026-07-30 12:07:52,NxAdYxekQZxahxWUdflx3oODft9AoCVH,The Berkley Las Vegas (MVM784) 006Ql00000f29sP,904A,Evolve M2
10:2b:aa:50:35:02,2026-07-30 12:07:52,NxAdYxekQZxahxWUdflx3oODft9AoCVH,The Berkley Las Vegas (MVM784) 006Ql00000f29sP,909A,Evolve M2
10:2b:aa:50:90:91,2026-07-30 12:07:51,NxAdYxekQZxahxWUdflx3oODft9AoCVH,The Berkley Las Vegas (MVM784) 006Ql00000f29sP,503A,Evolve M2
10:2b:aa:50:39:4f,2026-07-30 12:07:48,NxAdYxekQZxahxWUdflx3oODft9AoCVH,The Berkley Las Vegas (MVM784) 006Ql00000f29sP,401S,Evolve M2
10:2b:aa:50:36:7c,2026-07-30 12:07:48,NxAdYxekQZxahxWUdflx3oODft9AoCVH,The Berkley Las Vegas (MVM784) 006Ql00000f29sP,1007A,Evolve M2
10:2b:aa:50:3e:4a,2026-07-30 12:07:47,NxAdYxekQZxahxWUdflx3oODft9AoCVH,The Berkley Las Vegas (MVM784) 006Ql00000f29sP,1212B,Evolve M2
10:2b:aa:50:2c:c2,2026-07-30 12:07:47,NxAdYxekQZxahxWUdflx3oODft9AoCVH,The Berkley Las Vegas (MVM784) 006Ql00000f29sP,1611A@B,Evolve M2
10:2b:aa:50:31:8a,2026-07-30 12:07:44,NxAdYxekQZxahxWUdflx3oODft9AoCVH,The Berkley Las Vegas (MVM784) 006Ql00000f29sP,1408B,Evolve M2
10:2b:aa:50:37:db,2026-07-30 12:07:43,NxAdYxekQZxahxWUdflx3oODft9AoCVH,The Berkley Las Vegas (MVM784) 006Ql00000f29sP,1008B,Evolve M2
10:2b:aa:50:3d:db,2026-07-30 12:07:42,NxAdYxekQZxahxWUdflx3oODft9AoCVH,The Berkley Las Vegas (MVM784) 006Ql00000f29sP,101B@B,Evolve M2
10:2b:aa:51:ea:49,2026-07-30 12:07:41,NxAdYxekQZxahxWUdflx3oODft9AoCVH,The Berkley Las Vegas (MVM784) 006Ql00000f29sP,1207B,Evolve M2
10:2b:aa:50:34:db,2026-07-30 12:07:40,NxAdYxekQZxahxWUdflx3oODft9AoCVH,The Berkley Las Vegas (MVM784) 006Ql00000f29sP,103B,Evolve M2
10:2b:aa:50:34:1e,2026-07-30 12:07:39,NxAdYxekQZxahxWUdflx3oODft9AoCVH,The Berkley Las Vegas (MVM784) 006Ql00000f29sP,202A,Evolve M2
10:2b:aa:50:90:73,2026-07-30 12:07:38,NxAdYxekQZxahxWUdflx3oODft9AoCVH,The Berkley Las Vegas (MVM784) 006Ql00000f29sP,1705A@B,Evolve M2
10:2b:aa:51:ea:cd,2026-07-30 12:07:35,NxAdYxekQZxahxWUdflx3oODft9AoCVH,The Berkley Las Vegas (MVM784) 006Ql00000f29sP,1105A,Evolve M2
10:2b:aa:50:33:d3,2026-07-30 12:07:33,NxAdYxekQZxahxWUdflx3oODft9AoCVH,The Berkley Las Vegas (MVM784) 006Ql00000f29sP,608B,Evolve M2
10:2b:aa:50:91:30,2026-07-30 12:07:31,NxAdYxekQZxahxWUdflx3oODft9AoCVH,The Berkley Las Vegas (MVM784) 006Ql00000f29sP,1510B,Evolve M2
10:2b:aa:50:38:83,2026-07-30 12:07:29,NxAdYxekQZxahxWUdflx3oODft9AoCVH,The Berkley Las Vegas (MVM784) 006Ql00000f29sP,404B,Evolve M2
10:2b:aa:50:2e:4b,2026-07-30 12:07:27,NxAdYxekQZxahxWUdflx3oODft9AoCVH,The Berkley Las Vegas (MVM784) 006Ql00000f29sP,410A,Evolve M2
10:2b:aa:50:8f:68,2026-07-30 12:07:27,NxAdYxekQZxahxWUdflx3oODft9AoCVH,The Berkley Las Vegas (MVM784) 006Ql00000f29sP,211A,Evolve M2
10:2b:aa:50:39:3a,2026-07-30 12:07:27,NxAdYxekQZxahxWUdflx3oODft9AoCVH,The Berkley Las Vegas (MVM784) 006Ql00000f29sP,105A,Evolve M2
10:2b:aa:50:31:72,2026-07-30 12:07:27,NxAdYxekQZxahxWUdflx3oODft9AoCVH,The Berkley Las Vegas (MVM784) 006Ql00000f29sP,1405B@L,Evolve M2
10:2b:aa:50:90:4f,2026-07-30 12:07:23,NxAdYxekQZxahxWUdflx3oODft9AoCVH,The Berkley Las Vegas (MVM784) 006Ql00000f29sP,502B,Evolve M2
10:2b:aa:51:eb:03,2026-07-30 12:07:22,NxAdYxekQZxahxWUdflx3oODft9AoCVH,The Berkley Las Vegas (MVM784) 006Ql00000f29sP,1607A@B,Evolve M2
10:2b:aa:50:92:29,2026-07-30 12:07:21,NxAdYxekQZxahxWUdflx3oODft9AoCVH,The Berkley Las Vegas (MVM784) 006Ql00000f29sP,1611A@L,Evolve M2
10:2b:aa:50:90:0d,2026-07-30 12:07:20,NxAdYxekQZxahxWUdflx3oODft9AoCVH,The Berkley Las Vegas (MVM784) 006Ql00000f29sP,501A,Evolve M2
10:2b:aa:50:32:41,2026-07-30 12:07:18,NxAdYxekQZxahxWUdflx3oODft9AoCVH,The Berkley Las Vegas (MVM784) 006Ql00000f29sP,1001S,Evolve M2
10:2b:aa:50:36:fa,2026-07-30 12:07:15,NxAdYxekQZxahxWUdflx3oODft9AoCVH,The Berkley Las Vegas (MVM784) 006Ql00000f29sP,1505A@L,Evolve M2
10:2b:aa:50:3c:b8,2026-07-30 12:07:15,NxAdYxekQZxahxWUdflx3oODft9AoCVH,The Berkley Las Vegas (MVM784) 006Ql00000f29sP,1605A@L,Evolve M2
10:2b:aa:51:ea:8b,2026-07-30 12:07:13,NxAdYxekQZxahxWUdflx3oODft9AoCVH,The Berkley Las Vegas (MVM784) 006Ql00000f29sP,1212A,Evolve M2
10:2b:aa:50:32:8f,2026-07-30 12:07:10,NxAdYxekQZxahxWUdflx3oODft9AoCVH,The Berkley Las Vegas (MVM784) 006Ql00000f29sP,1807B@B,Evolve M2
10:2b:aa:50:2f:9e,2026-07-30 12:07:06,NxAdYxekQZxahxWUdflx3oODft9AoCVH,The Berkley Las Vegas (MVM784) 006Ql00000f29sP,1610A@L,Evolve M2
10:2b:aa:50:91:84,2026-07-30 12:07:05,NxAdYxekQZxahxWUdflx3oODft9AoCVH,The Berkley Las Vegas (MVM784) 006Ql00000f29sP,906A,Evolve M2
10:2b:aa:50:2c:17,2026-07-30 12:07:04,NxAdYxekQZxahxWUdflx3oODft9AoCVH,The Berkley Las Vegas (MVM784) 006Ql00000f29sP,609A,Evolve M2
10:2b:aa:50:92:44,2026-07-30 12:07:03,NxAdYxekQZxahxWUdflx3oODft9AoCVH,The Berkley Las Vegas (MVM784) 006Ql00000f29sP,1401A@B,Evolve M2
10:2b:aa:50:3f:88,2026-07-30 12:07:02,NxAdYxekQZxahxWUdflx3oODft9AoCVH,The Berkley Las Vegas (MVM784) 006Ql00000f29sP,1707A@L,Evolve M2
10:2b:aa:50:34:48,2026-07-30 12:07:00,NxAdYxekQZxahxWUdflx3oODft9AoCVH,The Berkley Las Vegas (MVM784) 006Ql00000f29sP,207A,Evolve M2
10:2b:aa:50:37:0f,2026-07-30 12:06:58,NxAdYxekQZxahxWUdflx3oODft9AoCVH,The Berkley Las Vegas (MVM784) 006Ql00000f29sP,709B,Evolve M2
10:2b:aa:50:90:b8,2026-07-30 12:06:57,NxAdYxekQZxahxWUdflx3oODft9AoCVH,The Berkley Las Vegas (MVM784) 006Ql00000f29sP,1502B@B,Evolve M2
10:2b:aa:50:3b:3b,2026-07-30 12:06:57,NxAdYxekQZxahxWUdflx3oODft9AoCVH,The Berkley Las Vegas (MVM784) 006Ql00000f29sP,403B,Evolve M2
10:2b:aa:50:32:ad,2026-07-30 12:06:56,NxAdYxekQZxahxWUdflx3oODft9AoCVH,The Berkley Las Vegas (MVM784) 006Ql00000f29sP,701A,Evolve M2
10:2b:aa:50:2f:a7,2026-07-30 12:06:55,NxAdYxekQZxahxWUdflx3oODft9AoCVH,The Berkley Las Vegas (MVM784) 006Ql00000f29sP,601B,Evolve M2
10:2b:aa:50:8c:b3,2026-07-30 12:06:54,NxAdYxekQZxahxWUdflx3oODft9AoCVH,The Berkley Las Vegas (MVM784) 006Ql00000f29sP,404A,Evolve M2
10:2b:aa:50:35:ce,2026-07-30 12:06:50,NxAdYxekQZxahxWUdflx3oODft9AoCVH,The Berkley Las Vegas (MVM784) 006Ql00000f29sP,709B,Evolve M2
10:2b:aa:50:92:80,2026-07-30 12:06:48,NxAdYxekQZxahxWUdflx3oODft9AoCVH,The Berkley Las Vegas (MVM784) 006Ql00000f29sP,1603B@B,Evolve M2
10:2b:aa:51:ea:5e,2026-07-30 12:06:43,NxAdYxekQZxahxWUdflx3oODft9AoCVH,The Berkley Las Vegas (MVM784) 006Ql00000f29sP,707A,Evolve M2
10:2b:aa:50:34:6c,2026-07-30 12:06:40,NxAdYxekQZxahxWUdflx3oODft9AoCVH,The Berkley Las Vegas (MVM784) 006Ql00000f29sP,405B,Evolve M2
10:2b:aa:4f:fc:f8,2026-07-30 12:06:39,NxAdYxekQZxahxWUdflx3oODft9AoCVH,The Berkley Las Vegas (MVM784) 006Ql00000f29sP,1009A,Evolve M2
10:2b:aa:50:90:31,2026-07-30 12:06:37,NxAdYxekQZxahxWUdflx3oODft9AoCVH,The Berkley Las Vegas (MVM784) 006Ql00000f29sP,1211A,Evolve M2
10:2b:aa:50:8c:e9,2026-07-30 12:06:35,NxAdYxekQZxahxWUdflx3oODft9AoCVH,The Berkley Las Vegas (MVM784) 006Ql00000f29sP,411B,Evolve M2
10:2b:aa:50:32:c5,2026-07-30 12:06:35,NxAdYxekQZxahxWUdflx3oODft9AoCVH,The Berkley Las Vegas (MVM784) 006Ql00000f29sP,805B,Evolve M2
10:2b:aa:50:32:02,2026-07-30 12:06:34,NxAdYxekQZxahxWUdflx3oODft9AoCVH,The Berkley Las Vegas (MVM784) 006Ql00000f29sP,1511A@B,Evolve M2
10:2b:aa:50:3c:22,2026-07-30 12:06:33,NxAdYxekQZxahxWUdflx3oODft9AoCVH,The Berkley Las Vegas (MVM784) 006Ql00000f29sP,411A,Evolve M2
10:2b:aa:50:04:d5,2026-07-30 12:06:32,NxAdYxekQZxahxWUdflx3oODft9AoCVH,The Berkley Las Vegas (MVM784) 006Ql00000f29sP,1611B@B,Evolve M2
10:2b:aa:50:37:90,2026-07-30 12:06:31,NxAdYxekQZxahxWUdflx3oODft9AoCVH,The Berkley Las Vegas (MVM784) 006Ql00000f29sP,1108B,Evolve M2
10:2b:aa:50:8f:56,2026-07-30 12:06:29,NxAdYxekQZxahxWUdflx3oODft9AoCVH,The Berkley Las Vegas (MVM784) 006Ql00000f29sP,1408A,Evolve M2
10:2b:aa:50:2f:f2,2026-07-30 12:06:28,NxAdYxekQZxahxWUdflx3oODft9AoCVH,The Berkley Las Vegas (MVM784) 006Ql00000f29sP,1610B@B,Evolve M2
10:2b:aa:50:39:55,2026-07-30 12:06:27,NxAdYxekQZxahxWUdflx3oODft9AoCVH,The Berkley Las Vegas (MVM784) 006Ql00000f29sP,704B,Evolve M2
10:2b:aa:50:2e:18,2026-07-30 12:06:26,NxAdYxekQZxahxWUdflx3oODft9AoCVH,The Berkley Las Vegas (MVM784) 006Ql00000f29sP,1111B,Evolve M2
10:2b:aa:50:3d:f0,2026-07-30 12:06:25,NxAdYxekQZxahxWUdflx3oODft9AoCVH,The Berkley Las Vegas (MVM784) 006Ql00000f29sP,1202B,Evolve M2
10:2b:aa:50:2d:3d,2026-07-30 12:06:22,NxAdYxekQZxahxWUdflx3oODft9AoCVH,The Berkley Las Vegas (MVM784) 006Ql00000f29sP,1010B,Evolve M2
10:2b:aa:50:3e:74,2026-07-30 12:06:22,NxAdYxekQZxahxWUdflx3oODft9AoCVH,The Berkley Las Vegas (MVM784) 006Ql00000f29sP,1003A,Evolve M2
10:2b:aa:50:2b:ed,2026-07-30 12:06:19,NxAdYxekQZxahxWUdflx3oODft9AoCVH,The Berkley Las Vegas (MVM784) 006Ql00000f29sP,808B,Evolve M2
10:2b:aa:50:32:6e,2026-07-30 12:06:14,NxAdYxekQZxahxWUdflx3oODft9AoCVH,The Berkley Las Vegas (MVM784) 006Ql00000f29sP,809B,Evolve M2
10:2b:aa:50:04:ba,2026-07-30 12:06:12,NxAdYxekQZxahxWUdflx3oODft9AoCVH,The Berkley Las Vegas (MVM784) 006Ql00000f29sP,410B,Evolve M2
10:2b:aa:50:2d:3a,2026-07-30 12:06:09,NxAdYxekQZxahxWUdflx3oODft9AoCVH,The Berkley Las Vegas (MVM784) 006Ql00000f29sP,1104A,Evolve M2
10:2b:aa:51:e8:e4,2026-07-30 12:06:07,NxAdYxekQZxahxWUdflx3oODft9AoCVH,The Berkley Las Vegas (MVM784) 006Ql00000f29sP,507B,Evolve M2
10:2b:aa:50:91:d2,2026-07-30 12:06:04,NxAdYxekQZxahxWUdflx3oODft9AoCVH,The Berkley Las Vegas (MVM784) 006Ql00000f29sP,1104B,Evolve M2
68:ab:a9:fc:c2:a0,2026-07-30 12:06:03,NxAdYxekQZxahxWUdflx3oODft9AoCVH,The Berkley Las Vegas (MVM784) 006Ql00000f29sP,1812B,Evolve M2
10:2b:aa:50:32:2c,2026-07-30 12:06:02,NxAdYxekQZxahxWUdflx3oODft9AoCVH,The Berkley Las Vegas (MVM784) 006Ql00000f29sP,1203B,Evolve M2
10:2b:aa:50:3b:59,2026-07-30 12:06:02,NxAdYxekQZxahxWUdflx3oODft9AoCVH,The Berkley Las Vegas (MVM784) 006Ql00000f29sP,406A,Evolve M2
10:2b:aa:50:33:ee,2026-07-30 12:06:01,NxAdYxekQZxahxWUdflx3oODft9AoCVH,The Berkley Las Vegas (MVM784) 006Ql00000f29sP,1103A,Evolve M2
10:2b:aa:51:e8:e7,2026-07-30 12:06:01,NxAdYxekQZxahxWUdflx3oODft9AoCVH,The Berkley Las Vegas (MVM784) 006Ql00000f29sP,512A,Evolve M2
10:2b:aa:50:39:64,2026-07-30 12:06:00,NxAdYxekQZxahxWUdflx3oODft9AoCVH,The Berkley Las Vegas (MVM784) 006Ql00000f29sP,508B,Evolve M2
10:2b:aa:50:3f:c7,2026-07-30 12:06:00,NxAdYxekQZxahxWUdflx3oODft9AoCVH,The Berkley Las Vegas (MVM784) 006Ql00000f29sP,308A@L,Evolve M2
10:2b:aa:50:39:25,2026-07-30 12:05:57,NxAdYxekQZxahxWUdflx3oODft9AoCVH,The Berkley Las Vegas (MVM784) 006Ql00000f29sP,407B,Evolve M2
10:2b:aa:50:2f:83,2026-07-30 12:05:54,NxAdYxekQZxahxWUdflx3oODft9AoCVH,The Berkley Las Vegas (MVM784) 006Ql00000f29sP,1002B,Evolve M2
10:2b:aa:50:33:49,2026-07-30 12:05:52,NxAdYxekQZxahxWUdflx3oODft9AoCVH,The Berkley Las Vegas (MVM784) 006Ql00000f29sP,1506B@B,Evolve M2
10:2b:aa:50:37:fc,2026-07-30 12:05:51,NxAdYxekQZxahxWUdflx3oODft9AoCVH,The Berkley Las Vegas (MVM784) 006Ql00000f29sP,1107A,Evolve M2
10:2b:aa:50:8f:fe,2026-07-30 12:05:47,NxAdYxekQZxahxWUdflx3oODft9AoCVH,The Berkley Las Vegas (MVM784) 006Ql00000f29sP,506A,Evolve M2
10:2b:aa:50:32:e0,2026-07-30 12:05:43,NxAdYxekQZxahxWUdflx3oODft9AoCVH,The Berkley Las Vegas (MVM784) 006Ql00000f29sP,1704B,Evolve M2
10:2b:aa:50:3f:1f,2026-07-30 12:05:43,NxAdYxekQZxahxWUdflx3oODft9AoCVH,The Berkley Las Vegas (MVM784) 006Ql00000f29sP,1703B@B,Evolve M2
10:2b:aa:50:2c:83,2026-07-30 12:05:42,NxAdYxekQZxahxWUdflx3oODft9AoCVH,The Berkley Las Vegas (MVM784) 006Ql00000f29sP,1103B,Evolve M2
10:2b:aa:50:2d:61,2026-07-30 12:05:39,NxAdYxekQZxahxWUdflx3oODft9AoCVH,The Berkley Las Vegas (MVM784) 006Ql00000f29sP,1502A@B,Evolve M2
10:2b:aa:50:33:b8,2026-07-30 12:05:39,NxAdYxekQZxahxWUdflx3oODft9AoCVH,The Berkley Las Vegas (MVM784) 006Ql00000f29sP,608B,Evolve M2
10:2b:aa:50:36:97,2026-07-30 12:05:38,NxAdYxekQZxahxWUdflx3oODft9AoCVH,The Berkley Las Vegas (MVM784) 006Ql00000f29sP,1210A,Evolve M2
10:2b:aa:50:04:4e,2026-07-30 12:05:34,NxAdYxekQZxahxWUdflx3oODft9AoCVH,The Berkley Las Vegas (MVM784) 006Ql00000f29sP,1209A,Evolve M2
10:2b:aa:50:2d:64,2026-07-30 12:05:34,NxAdYxekQZxahxWUdflx3oODft9AoCVH,The Berkley Las Vegas (MVM784) 006Ql00000f29sP,801S,Evolve M2
10:2b:aa:50:2f:71,2026-07-30 12:05:34,NxAdYxekQZxahxWUdflx3oODft9AoCVH,The Berkley Las Vegas (MVM784) 006Ql00000f29sP,1111B,Evolve M2
10:2b:aa:50:31:b1,2026-07-30 12:05:34,NxAdYxekQZxahxWUdflx3oODft9AoCVH,The Berkley Las Vegas (MVM784) 006Ql00000f29sP,1511A@L,Evolve M2
68:ab:a9:fc:98:d5,2026-07-30 12:05:33,NxAdYxekQZxahxWUdflx3oODft9AoCVH,The Berkley Las Vegas (MVM784) 006Ql00000f29sP,1709A,Evolve M2
10:2b:aa:50:35:1a,2026-07-30 12:05:32,NxAdYxekQZxahxWUdflx3oODft9AoCVH,The Berkley Las Vegas (MVM784) 006Ql00000f29sP,410A,Evolve M2
10:2b:aa:50:30:7c,2026-07-30 12:05:32,NxAdYxekQZxahxWUdflx3oODft9AoCVH,The Berkley Las Vegas (MVM784) 006Ql00000f29sP,1404B,Evolve M2
10:2b:aa:50:8f:6b,2026-07-30 12:05:29,NxAdYxekQZxahxWUdflx3oODft9AoCVH,The Berkley Las Vegas (MVM784) 006Ql00000f29sP,1402A,Evolve M2
10:2b:aa:50:8e:f0,2026-07-30 12:05:27,NxAdYxekQZxahxWUdflx3oODft9AoCVH,The Berkley Las Vegas (MVM784) 006Ql00000f29sP,905B,Evolve M2
10:2b:aa:50:04:66,2026-07-30 12:05:26,NxAdYxekQZxahxWUdflx3oODft9AoCVH,The Berkley Las Vegas (MVM784) 006Ql00000f29sP,1703A@B,Evolve M2
10:2b:aa:50:31:03,2026-07-30 12:05:22,NxAdYxekQZxahxWUdflx3oODft9AoCVH,The Berkley Las Vegas (MVM784) 006Ql00000f29sP,1709B@L,Evolve M2
10:2b:aa:50:3f:a9,2026-07-30 12:05:21,NxAdYxekQZxahxWUdflx3oODft9AoCVH,The Berkley Las Vegas (MVM784) 006Ql00000f29sP,310B,Evolve M2
10:2b:aa:50:30:13,2026-07-30 12:05:21,NxAdYxekQZxahxWUdflx3oODft9AoCVH,The Berkley Las Vegas (MVM784) 006Ql00000f29sP,702A,Evolve M2
10:2b:aa:50:35:56,2026-07-30 12:05:20,NxAdYxekQZxahxWUdflx3oODft9AoCVH,The Berkley Las Vegas (MVM784) 006Ql00000f29sP,1706A@B,Evolve M2
10:2b:aa:50:92:35,2026-07-30 12:05:18,NxAdYxekQZxahxWUdflx3oODft9AoCVH,The Berkley Las Vegas (MVM784) 006Ql00000f29sP,704B,Evolve M2
10:2b:aa:50:3c:e8,2026-07-30 12:05:14,NxAdYxekQZxahxWUdflx3oODft9AoCVH,The Berkley Las Vegas (MVM784) 006Ql00000f29sP,202B,Evolve M2
10:2b:aa:50:04:78,2026-07-30 12:05:13,NxAdYxekQZxahxWUdflx3oODft9AoCVH,The Berkley Las Vegas (MVM784) 006Ql00000f29sP,1507B@L,Evolve M2
10:2b:aa:50:35:62,2026-07-30 12:05:13,NxAdYxekQZxahxWUdflx3oODft9AoCVH,The Berkley Las Vegas (MVM784) 006Ql00000f29sP,1604B@B,Evolve M2
10:2b:aa:50:3f:b8,2026-07-30 12:05:12,NxAdYxekQZxahxWUdflx3oODft9AoCVH,The Berkley Las Vegas (MVM784) 006Ql00000f29sP,411B,Evolve M2
10:2b:aa:50:2c:3e,2026-07-30 12:05:10,NxAdYxekQZxahxWUdflx3oODft9AoCVH,The Berkley Las Vegas (MVM784) 006Ql00000f29sP,605A,Evolve M2
10:2b:aa:50:38:41,2026-07-30 12:05:09,NxAdYxekQZxahxWUdflx3oODft9AoCVH,The Berkley Las Vegas (MVM784) 006Ql00000f29sP,811B,Evolve M2
10:2b:aa:50:8e:ae,2026-07-30 12:05:09,NxAdYxekQZxahxWUdflx3oODft9AoCVH,The Berkley Las Vegas (MVM784) 006Ql00000f29sP,908A,Evolve M2
10:2b:aa:50:3f:43,2026-07-30 12:05:08,NxAdYxekQZxahxWUdflx3oODft9AoCVH,The Berkley Las Vegas (MVM784) 006Ql00000f29sP,312B,Evolve M2
10:2b:aa:50:04:27,2026-07-30 12:05:08,NxAdYxekQZxahxWUdflx3oODft9AoCVH,The Berkley Las Vegas (MVM784) 006Ql00000f29sP,708A,Evolve M2
10:2b:aa:50:31:99,2026-07-30 12:05:07,NxAdYxekQZxahxWUdflx3oODft9AoCVH,The Berkley Las Vegas (MVM784) 006Ql00000f29sP,1210B,Evolve M2
10:2b:aa:50:92:65,2026-07-30 12:05:07,NxAdYxekQZxahxWUdflx3oODft9AoCVH,The Berkley Las Vegas (MVM784) 006Ql00000f29sP,802A,Evolve M2
10:2b:aa:50:35:6b,2026-07-30 12:05:04,NxAdYxekQZxahxWUdflx3oODft9AoCVH,The Berkley Las Vegas (MVM784) 006Ql00000f29sP,1205B,Evolve M2
10:2b:aa:51:e2:48,2026-07-30 12:05:04,NxAdYxekQZxahxWUdflx3oODft9AoCVH,The Berkley Las Vegas (MVM784) 006Ql00000f29sP,505A,Evolve M2
10:2b:aa:50:04:99,2026-07-30 12:05:03,NxAdYxekQZxahxWUdflx3oODft9AoCVH,The Berkley Las Vegas (MVM784) 006Ql00000f29sP,1111A,Evolve M2
10:2b:aa:50:2e:4e,2026-07-30 12:05:02,NxAdYxekQZxahxWUdflx3oODft9AoCVH,The Berkley Las Vegas (MVM784) 006Ql00000f29sP,1203A,Evolve M2
10:2b:aa:50:32:62,2026-07-30 12:05:02,NxAdYxekQZxahxWUdflx3oODft9AoCVH,The Berkley Las Vegas (MVM784) 006Ql00000f29sP,1708B@B,Evolve M2
10:2b:aa:50:36:13,2026-07-30 12:05:02,NxAdYxekQZxahxWUdflx3oODft9AoCVH,The Berkley Las Vegas (MVM784) 006Ql00000f29sP,712B,Evolve M2
10:2b:aa:50:3d:66,2026-07-30 12:05:01,NxAdYxekQZxahxWUdflx3oODft9AoCVH,The Berkley Las Vegas (MVM784) 006Ql00000f29sP,208A,Evolve M2
10:2b:aa:50:35:d7,2026-07-30 12:04:58,NxAdYxekQZxahxWUdflx3oODft9AoCVH,The Berkley Las Vegas (MVM784) 006Ql00000f29sP,510A,Evolve M2
10:2b:aa:50:8e:c9,2026-07-30 12:04:55,NxAdYxekQZxahxWUdflx3oODft9AoCVH,The Berkley Las Vegas (MVM784) 006Ql00000f29sP,905A,Evolve M2
10:2b:aa:50:39:e2,2026-07-30 12:04:54,NxAdYxekQZxahxWUdflx3oODft9AoCVH,The Berkley Las Vegas (MVM784) 006Ql00000f29sP,706B,Evolve M2
10:2b:aa:50:2c:50,2026-07-30 12:04:53,NxAdYxekQZxahxWUdflx3oODft9AoCVH,The Berkley Las Vegas (MVM784) 006Ql00000f29sP,1008A,Evolve M2
10:2b:aa:51:da:26,2026-07-30 12:04:52,NxAdYxekQZxahxWUdflx3oODft9AoCVH,The Berkley Las Vegas (MVM784) 006Ql00000f29sP,1207B,Evolve M2
10:2b:aa:50:2c:7d,2026-07-30 12:04:49,NxAdYxekQZxahxWUdflx3oODft9AoCVH,The Berkley Las Vegas (MVM784) 006Ql00000f29sP,1605A@B,Evolve M2
10:2b:aa:50:36:10,2026-07-30 12:04:45,NxAdYxekQZxahxWUdflx3oODft9AoCVH,The Berkley Las Vegas (MVM784) 006Ql00000f29sP,901A,Evolve M2
10:2b:aa:50:3c:37,2026-07-30 12:04:45,NxAdYxekQZxahxWUdflx3oODft9AoCVH,The Berkley Las Vegas (MVM784) 006Ql00000f29sP,202B,Evolve M2
10:2b:aa:51:e8:66,2026-07-30 12:04:44,NxAdYxekQZxahxWUdflx3oODft9AoCVH,The Berkley Las Vegas (MVM784) 006Ql00000f29sP,503A,Evolve M2
10:2b:aa:50:2f:62,2026-07-30 12:04:44,NxAdYxekQZxahxWUdflx3oODft9AoCVH,The Berkley Las Vegas (MVM784) 006Ql00000f29sP,1407A,Evolve M2
10:2b:aa:50:2e:e4,2026-07-30 12:04:40,NxAdYxekQZxahxWUdflx3oODft9AoCVH,The Berkley Las Vegas (MVM784) 006Ql00000f29sP,1106B,Evolve M2
10:2b:aa:50:91:bd,2026-07-30 12:04:40,NxAdYxekQZxahxWUdflx3oODft9AoCVH,The Berkley Las Vegas (MVM784) 006Ql00000f29sP,1404A,Evolve M2
10:2b:aa:50:33:31,2026-07-30 12:04:39,NxAdYxekQZxahxWUdflx3oODft9AoCVH,The Berkley Las Vegas (MVM784) 006Ql00000f29sP,605B,Evolve M2
10:2b:aa:50:2e:a5,2026-07-30 12:04:38,NxAdYxekQZxahxWUdflx3oODft9AoCVH,The Berkley Las Vegas (MVM784) 006Ql00000f29sP,1404A,Evolve M2
10:2b:aa:50:33:4f,2026-07-30 12:04:37,NxAdYxekQZxahxWUdflx3oODft9AoCVH,The Berkley Las Vegas (MVM784) 006Ql00000f29sP,607A,Evolve M2
10:2b:aa:50:37:c3,2026-07-30 12:04:37,NxAdYxekQZxahxWUdflx3oODft9AoCVH,The Berkley Las Vegas (MVM784) 006Ql00000f29sP,812A,Evolve M2
10:2b:aa:50:04:d2,2026-07-30 12:04:35,NxAdYxekQZxahxWUdflx3oODft9AoCVH,The Berkley Las Vegas (MVM784) 006Ql00000f29sP,1710B@L,Evolve M2
10:2b:aa:50:03:e8,2026-07-30 12:04:35,NxAdYxekQZxahxWUdflx3oODft9AoCVH,The Berkley Las Vegas (MVM784) 006Ql00000f29sP,708B,Evolve M2
10:2b:aa:50:90:ca,2026-07-30 12:04:34,NxAdYxekQZxahxWUdflx3oODft9AoCVH,The Berkley Las Vegas (MVM784) 006Ql00000f29sP,1511B@L,Evolve M2
10:2b:aa:50:39:c1,2026-07-30 12:04:32,NxAdYxekQZxahxWUdflx3oODft9AoCVH,The Berkley Las Vegas (MVM784) 006Ql00000f29sP,709A,Evolve M2
10:2b:aa:50:04:d8,2026-07-30 12:04:31,NxAdYxekQZxahxWUdflx3oODft9AoCVH,The Berkley Las Vegas (MVM784) 006Ql00000f29sP,703B,Evolve M2
10:2b:aa:50:39:73,2026-07-30 12:04:31,NxAdYxekQZxahxWUdflx3oODft9AoCVH,The Berkley Las Vegas (MVM784) 006Ql00000f29sP,601A,Evolve M2
10:2b:aa:50:3f:d3,2026-07-30 12:04:26,NxAdYxekQZxahxWUdflx3oODft9AoCVH,The Berkley Las Vegas (MVM784) 006Ql00000f29sP,302B@B,Evolve M2
10:2b:aa:50:3e:65,2026-07-30 12:04:25,NxAdYxekQZxahxWUdflx3oODft9AoCVH,The Berkley Las Vegas (MVM784) 006Ql00000f29sP,1712A@B,Evolve M2
10:2b:aa:50:3c:c7,2026-07-30 12:04:23,NxAdYxekQZxahxWUdflx3oODft9AoCVH,The Berkley Las Vegas (MVM784) 006Ql00000f29sP,208B,Evolve M2
10:2b:aa:50:35:89,2026-07-30 12:04:22,NxAdYxekQZxahxWUdflx3oODft9AoCVH,The Berkley Las Vegas (MVM784) 006Ql00000f29sP,1209B,Evolve M2
10:2b:aa:50:3a:c3,2026-07-30 12:04:20,NxAdYxekQZxahxWUdflx3oODft9AoCVH,The Berkley Las Vegas (MVM784) 006Ql00000f29sP,301A@L,Evolve M2
10:2b:aa:50:33:37,2026-07-30 12:04:19,NxAdYxekQZxahxWUdflx3oODft9AoCVH,The Berkley Las Vegas (MVM784) 006Ql00000f29sP,1509A@L,Evolve M2
68:ab:a9:fb:4c:b8,2026-07-30 12:04:19,NxAdYxekQZxahxWUdflx3oODft9AoCVH,The Berkley Las Vegas (MVM784) 006Ql00000f29sP,1509B@L,Evolve M2
10:2b:aa:50:34:33,2026-07-30 12:04:15,NxAdYxekQZxahxWUdflx3oODft9AoCVH,The Berkley Las Vegas (MVM784) 006Ql00000f29sP,210A,Evolve M2
10:2b:aa:50:38:6e,2026-07-30 12:04:14,NxAdYxekQZxahxWUdflx3oODft9AoCVH,The Berkley Las Vegas (MVM784) 006Ql00000f29sP,306B@B,Evolve M2
10:2b:aa:50:3e:ce,2026-07-30 12:04:12,NxAdYxekQZxahxWUdflx3oODft9AoCVH,The Berkley Las Vegas (MVM784) 006Ql00000f29sP,804A,Evolve M2
10:2b:aa:50:37:42,2026-07-30 12:04:12,NxAdYxekQZxahxWUdflx3oODft9AoCVH,The Berkley Las Vegas (MVM784) 006Ql00000f29sP,804B,Evolve M2
10:2b:aa:50:8f:9b,2026-07-30 12:04:12,NxAdYxekQZxahxWUdflx3oODft9AoCVH,The Berkley Las Vegas (MVM784) 006Ql00000f29sP,1608A@B,Evolve M2
10:2b:aa:50:33:f4,2026-07-30 12:04:09,NxAdYxekQZxahxWUdflx3oODft9AoCVH,The Berkley Las Vegas (MVM784) 006Ql00000f29sP,210B,Evolve M2
10:2b:aa:50:90:2e,2026-07-30 12:04:09,NxAdYxekQZxahxWUdflx3oODft9AoCVH,The Berkley Las Vegas (MVM784) 006Ql00000f29sP,501A,Evolve M2
10:2b:aa:50:36:3a,2026-07-30 12:04:08,NxAdYxekQZxahxWUdflx3oODft9AoCVH,The Berkley Las Vegas (MVM784) 006Ql00000f29sP,909B,Evolve M2
10:2b:aa:50:04:c6,2026-07-30 12:04:06,NxAdYxekQZxahxWUdflx3oODft9AoCVH,The Berkley Las Vegas (MVM784) 006Ql00000f29sP,806B,Evolve M2
10:2b:aa:51:e9:74,2026-07-30 12:04:06,NxAdYxekQZxahxWUdflx3oODft9AoCVH,The Berkley Las Vegas (MVM784) 006Ql00000f29sP,1102A,Evolve M2
10:2b:aa:50:2d:dc,2026-07-30 12:04:05,NxAdYxekQZxahxWUdflx3oODft9AoCVH,The Berkley Las Vegas (MVM784) 006Ql00000f29sP,1206A,Evolve M2
10:2b:aa:50:39:0d,2026-07-30 12:04:04,NxAdYxekQZxahxWUdflx3oODft9AoCVH,The Berkley Las Vegas (MVM784) 006Ql00000f29sP,302A@L,Evolve M2
10:2b:aa:50:8e:1b,2026-07-30 12:04:04,NxAdYxekQZxahxWUdflx3oODft9AoCVH,The Berkley Las Vegas (MVM784) 006Ql00000f29sP,206A,Evolve M2
10:2b:aa:50:37:ba,2026-07-30 12:04:02,NxAdYxekQZxahxWUdflx3oODft9AoCVH,The Berkley Las Vegas (MVM784) 006Ql00000f29sP,910B,Evolve M2
10:2b:aa:50:30:82,2026-07-30 12:04:02,NxAdYxekQZxahxWUdflx3oODft9AoCVH,The Berkley Las Vegas (MVM784) 006Ql00000f29sP,603A,Evolve M2
10:2b:aa:50:3f:22,2026-07-30 12:04:01,NxAdYxekQZxahxWUdflx3oODft9AoCVH,The Berkley Las Vegas (MVM784) 006Ql00000f29sP,1103B,Evolve M2
10:2b:aa:50:30:19,2026-07-30 12:04:00,NxAdYxekQZxahxWUdflx3oODft9AoCVH,The Berkley Las Vegas (MVM784) 006Ql00000f29sP,603A,Evolve M2
10:2b:aa:50:32:b9,2026-07-30 12:03:59,NxAdYxekQZxahxWUdflx3oODft9AoCVH,The Berkley Las Vegas (MVM784) 006Ql00000f29sP,1408A,Evolve M2
10:2b:aa:50:33:9a,2026-07-30 12:03:57,NxAdYxekQZxahxWUdflx3oODft9AoCVH,The Berkley Las Vegas (MVM784) 006Ql00000f29sP,211B,Evolve M2
68:ab:a9:fc:92:bf,2026-07-30 12:03:56,NxAdYxekQZxahxWUdflx3oODft9AoCVH,The Berkley Las Vegas (MVM784) 006Ql00000f29sP,1811B@L,Evolve M2
10:2b:aa:50:3d:ab,2026-07-30 12:03:56,NxAdYxekQZxahxWUdflx3oODft9AoCVH,The Berkley Las Vegas (MVM784) 006Ql00000f29sP,101AB,Evolve M2
10:2b:aa:50:92:98,2026-07-30 12:03:55,NxAdYxekQZxahxWUdflx3oODft9AoCVH,The Berkley Las Vegas (MVM784) 006Ql00000f29sP,906A,Evolve M2
10:2b:aa:50:3d:d5,2026-07-30 12:03:54,NxAdYxekQZxahxWUdflx3oODft9AoCVH,The Berkley Las Vegas (MVM784) 006Ql00000f29sP,1201B,Evolve M2
10:2b:aa:50:34:63,2026-07-30 12:03:54,NxAdYxekQZxahxWUdflx3oODft9AoCVH,The Berkley Las Vegas (MVM784) 006Ql00000f29sP,210A,Evolve M2
10:2b:aa:51:e1:1c,2026-07-30 12:03:53,NxAdYxekQZxahxWUdflx3oODft9AoCVH,The Berkley Las Vegas (MVM784) 006Ql00000f29sP,504B,Evolve M2
10:2b:aa:51:ea:f4,2026-07-30 12:03:50,NxAdYxekQZxahxWUdflx3oODft9AoCVH,The Berkley Las Vegas (MVM784) 006Ql00000f29sP,705B,Evolve M2
10:2b:aa:50:91:33,2026-07-30 12:03:50,NxAdYxekQZxahxWUdflx3oODft9AoCVH,The Berkley Las Vegas (MVM784) 006Ql00000f29sP,1512B@B,Evolve M2
10:2b:aa:50:90:9d,2026-07-30 12:03:49,NxAdYxekQZxahxWUdflx3oODft9AoCVH,The Berkley Las Vegas (MVM784) 006Ql00000f29sP,1704B,Evolve M2
10:2b:aa:50:2e:39,2026-07-30 12:03:49,NxAdYxekQZxahxWUdflx3oODft9AoCVH,The Berkley Las Vegas (MVM784) 006Ql00000f29sP,611A,Evolve M2
10:2b:aa:50:33:67,2026-07-30 12:03:48,NxAdYxekQZxahxWUdflx3oODft9AoCVH,The Berkley Las Vegas (MVM784) 006Ql00000f29sP,1606B@L,Evolve M2
10:2b:aa:50:04:a8,2026-07-30 12:03:47,NxAdYxekQZxahxWUdflx3oODft9AoCVH,The Berkley Las Vegas (MVM784) 006Ql00000f29sP,1208A,Evolve M2
10:2b:aa:50:90:97,2026-07-30 12:03:47,NxAdYxekQZxahxWUdflx3oODft9AoCVH,The Berkley Las Vegas (MVM784) 006Ql00000f29sP,1708A,Evolve M2
10:2b:aa:51:e1:1f,2026-07-30 12:03:46,NxAdYxekQZxahxWUdflx3oODft9AoCVH,The Berkley Las Vegas (MVM784) 006Ql00000f29sP,502A,Evolve M2
10:2b:aa:50:04:c9,2026-07-30 12:03:46,NxAdYxekQZxahxWUdflx3oODft9AoCVH,The Berkley Las Vegas (MVM784) 006Ql00000f29sP,1110B,Evolve M2
10:2b:aa:50:2e:5d,2026-07-30 12:03:45,NxAdYxekQZxahxWUdflx3oODft9AoCVH,The Berkley Las Vegas (MVM784) 006Ql00000f29sP,1206B,Evolve M2
10:2b:aa:50:3c:85,2026-07-30 12:03:45,NxAdYxekQZxahxWUdflx3oODft9AoCVH,The Berkley Las Vegas (MVM784) 006Ql00000f29sP,101B@L,Evolve M2
10:2b:aa:50:31:6f,2026-07-30 12:03:44,NxAdYxekQZxahxWUdflx3oODft9AoCVH,The Berkley Las Vegas (MVM784) 006Ql00000f29sP,1001S,Evolve M2
10:2b:aa:51:ea:d3,2026-07-30 12:03:43,NxAdYxekQZxahxWUdflx3oODft9AoCVH,The Berkley Las Vegas (MVM784) 006Ql00000f29sP,1410A,Evolve M2
10:2b:aa:50:31:a5,2026-07-30 12:03:43,NxAdYxekQZxahxWUdflx3oODft9AoCVH,The Berkley Las Vegas (MVM784) 006Ql00000f29sP,402B,Evolve M2
10:2b:aa:50:31:db,2026-07-30 12:03:42,NxAdYxekQZxahxWUdflx3oODft9AoCVH,The Berkley Las Vegas (MVM784) 006Ql00000f29sP,606,Evolve M2
10:2b:aa:50:3f:eb,2026-07-30 12:03:41,NxAdYxekQZxahxWUdflx3oODft9AoCVH,The Berkley Las Vegas (MVM784) 006Ql00000f29sP,401B,Evolve M2
10:2b:aa:50:3c:55,2026-07-30 12:03:41,NxAdYxekQZxahxWUdflx3oODft9AoCVH,The Berkley Las Vegas (MVM784) 006Ql00000f29sP,212A,Evolve M2
10:2b:aa:50:3c:97,2026-07-30 12:03:40,NxAdYxekQZxahxWUdflx3oODft9AoCVH,The Berkley Las Vegas (MVM784) 006Ql00000f29sP,209A,Evolve M2
10:2b:aa:50:30:d9,2026-07-30 12:03:40,NxAdYxekQZxahxWUdflx3oODft9AoCVH,The Berkley Las Vegas (MVM784) 006Ql00000f29sP,1810A@L,Evolve M2
10:2b:aa:50:3f:16,2026-07-30 12:03:39,NxAdYxekQZxahxWUdflx3oODft9AoCVH,The Berkley Las Vegas (MVM784) 006Ql00000f29sP,310A,Evolve M2
10:2b:aa:50:3a:0c,2026-07-30 12:03:39,NxAdYxekQZxahxWUdflx3oODft9AoCVH,The Berkley Las Vegas (MVM784) 006Ql00000f29sP,1507A,Evolve M2
10:2b:aa:50:3c:2b,2026-07-30 12:03:39,NxAdYxekQZxahxWUdflx3oODft9AoCVH,The Berkley Las Vegas (MVM784) 006Ql00000f29sP,402B,Evolve M2
10:2b:aa:50:2e:c6,2026-07-30 12:03:38,NxAdYxekQZxahxWUdflx3oODft9AoCVH,The Berkley Las Vegas (MVM784) 006Ql00000f29sP,1107B,Evolve M2
10:2b:aa:50:37:84,2026-07-30 12:03:37,NxAdYxekQZxahxWUdflx3oODft9AoCVH,The Berkley Las Vegas (MVM784) 006Ql00000f29sP,812B,Evolve M2
10:2b:aa:51:eb:33,2026-07-30 12:03:37,NxAdYxekQZxahxWUdflx3oODft9AoCVH,The Berkley Las Vegas (MVM784) 006Ql00000f29sP,1105A,Evolve M2
10:2b:aa:51:d1:76,2026-07-30 12:03:36,NxAdYxekQZxahxWUdflx3oODft9AoCVH,The Berkley Las Vegas (MVM784) 006Ql00000f29sP,707B,Evolve M2
10:2b:aa:50:33:52,2026-07-30 12:03:35,NxAdYxekQZxahxWUdflx3oODft9AoCVH,The Berkley Las Vegas (MVM784) 006Ql00000f29sP,912A,Evolve M2
10:2b:aa:51:e8:09,2026-07-30 12:03:34,NxAdYxekQZxahxWUdflx3oODft9AoCVH,The Berkley Las Vegas (MVM784) 006Ql00000f29sP,503B,Evolve M2
10:2b:aa:50:92:c8,2026-07-30 12:03:34,NxAdYxekQZxahxWUdflx3oODft9AoCVH,The Berkley Las Vegas (MVM784) 006Ql00000f29sP,1512A@L,Evolve M2
10:2b:aa:50:39:f1,2026-07-30 12:03:32,NxAdYxekQZxahxWUdflx3oODft9AoCVH,The Berkley Las Vegas (MVM784) 006Ql00000f29sP,601A,Evolve M2
10:2b:aa:50:04:a2,2026-07-30 12:03:32,NxAdYxekQZxahxWUdflx3oODft9AoCVH,The Berkley Las Vegas (MVM784) 006Ql00000f29sP,1108B,Evolve M2
10:2b:aa:50:34:0f,2026-07-30 12:03:31,NxAdYxekQZxahxWUdflx3oODft9AoCVH,The Berkley Las Vegas (MVM784) 006Ql00000f29sP,204A,Evolve M2
10:2b:aa:50:8e:09,2026-07-30 12:03:31,NxAdYxekQZxahxWUdflx3oODft9AoCVH,The Berkley Las Vegas (MVM784) 006Ql00000f29sP,1409B,Evolve M2
10:2b:aa:50:31:ab,2026-07-30 12:03:30,NxAdYxekQZxahxWUdflx3oODft9AoCVH,The Berkley Las Vegas (MVM784) 006Ql00000f29sP,1101A,Evolve M2
10:2b:aa:50:3d:96,2026-07-30 12:03:29,NxAdYxekQZxahxWUdflx3oODft9AoCVH,The Berkley Las Vegas (MVM784) 006Ql00000f29sP,212B,Evolve M2
10:2b:aa:50:3b:32,2026-07-30 12:03:28,NxAdYxekQZxahxWUdflx3oODft9AoCVH,The Berkley Las Vegas (MVM784) 006Ql00000f29sP,1204B,Evolve M2
10:2b:aa:50:2f:b6,2026-07-30 12:03:27,NxAdYxekQZxahxWUdflx3oODft9AoCVH,The Berkley Las Vegas (MVM784) 006Ql00000f29sP,1609B@L,Evolve M2
10:2b:aa:50:8f:8c,2026-07-30 12:03:27,NxAdYxekQZxahxWUdflx3oODft9AoCVH,The Berkley Las Vegas (MVM784) 006Ql00000f29sP,504A,Evolve M2
10:2b:aa:50:8d:a0,2026-07-30 12:03:25,NxAdYxekQZxahxWUdflx3oODft9AoCVH,The Berkley Las Vegas (MVM784) 006Ql00000f29sP,404A,Evolve M2
10:2b:aa:51:ea:73,2026-07-30 12:03:24,NxAdYxekQZxahxWUdflx3oODft9AoCVH,The Berkley Las Vegas (MVM784) 006Ql00000f29sP,505A,Evolve M2
10:2b:aa:50:2d:fd,2026-07-30 12:03:23,NxAdYxekQZxahxWUdflx3oODft9AoCVH,The Berkley Las Vegas (MVM784) 006Ql00000f29sP,1007B,Evolve M2
10:2b:aa:50:35:c5,2026-07-30 12:03:22,NxAdYxekQZxahxWUdflx3oODft9AoCVH,The Berkley Las Vegas (MVM784) 006Ql00000f29sP,902B,Evolve M2
10:2b:aa:51:ea:e5,2026-07-30 12:03:21,NxAdYxekQZxahxWUdflx3oODft9AoCVH,The Berkley Las Vegas (MVM784) 006Ql00000f29sP,1501A,Evolve M2
68:ab:a9:fc:c5:31,2026-07-30 12:03:20,NxAdYxekQZxahxWUdflx3oODft9AoCVH,The Berkley Las Vegas (MVM784) 006Ql00000f29sP,1811A@B,Evolve M2
10:2b:aa:50:2f:7a,2026-07-30 12:03:20,NxAdYxekQZxahxWUdflx3oODft9AoCVH,The Berkley Las Vegas (MVM784) 006Ql00000f29sP,1605B@L,Evolve M2
10:2b:aa:50:39:7c,2026-07-30 12:03:20,NxAdYxekQZxahxWUdflx3oODft9AoCVH,The Berkley Las Vegas (MVM784) 006Ql00000f29sP,1204A,Evolve M2
10:2b:aa:50:2f:d4,2026-07-30 12:03:19,NxAdYxekQZxahxWUdflx3oODft9AoCVH,The Berkley Las Vegas (MVM784) 006Ql00000f29sP,903A,Evolve M2
10:2b:aa:50:2c:89,2026-07-30 12:03:17,NxAdYxekQZxahxWUdflx3oODft9AoCVH,The Berkley Las Vegas (MVM784) 006Ql00000f29sP,610A@L,Evolve M2
10:2b:aa:50:2d:ca,2026-07-30 12:03:17,NxAdYxekQZxahxWUdflx3oODft9AoCVH,The Berkley Las Vegas (MVM784) 006Ql00000f29sP,805A,Evolve M2
10:2b:aa:50:38:ef,2026-07-30 12:03:15,NxAdYxekQZxahxWUdflx3oODft9AoCVH,The Berkley Las Vegas (MVM784) 006Ql00000f29sP,401S,Evolve M2
10:2b:aa:50:37:ff,2026-07-30 12:03:15,NxAdYxekQZxahxWUdflx3oODft9AoCVH,The Berkley Las Vegas (MVM784) 006Ql00000f29sP,308A@B,Evolve M2
10:2b:aa:51:e8:ed,2026-07-30 12:03:15,NxAdYxekQZxahxWUdflx3oODft9AoCVH,The Berkley Las Vegas (MVM784) 006Ql00000f29sP,1410A,Evolve M2
10:2b:aa:50:37:9f,2026-07-30 12:03:15,NxAdYxekQZxahxWUdflx3oODft9AoCVH,The Berkley Las Vegas (MVM784) 006Ql00000f29sP,811A,Evolve M2
10:2b:aa:51:e0:d4,2026-07-30 12:03:14,NxAdYxekQZxahxWUdflx3oODft9AoCVH,The Berkley Las Vegas (MVM784) 006Ql00000f29sP,507A,Evolve M2
10:2b:aa:51:e8:c0,2026-07-30 12:03:14,NxAdYxekQZxahxWUdflx3oODft9AoCVH,The Berkley Las Vegas (MVM784) 006Ql00000f29sP,502A,Evolve M2
10:2b:aa:50:3a:12,2026-07-30 12:03:12,NxAdYxekQZxahxWUdflx3oODft9AoCVH,The Berkley Las Vegas (MVM784) 006Ql00000f29sP,105B,Evolve M2
10:2b:aa:50:8d:e8,2026-07-30 12:03:11,NxAdYxekQZxahxWUdflx3oODft9AoCVH,The Berkley Las Vegas (MVM784) 006Ql00000f29sP,1211B,Evolve M2
10:2b:aa:50:3d:18,2026-07-30 12:03:11,NxAdYxekQZxahxWUdflx3oODft9AoCVH,The Berkley Las Vegas (MVM784) 006Ql00000f29sP,1205A,Evolve M2
10:2b:aa:50:32:e9,2026-07-30 12:03:11,NxAdYxekQZxahxWUdflx3oODft9AoCVH,The Berkley Las Vegas (MVM784) 006Ql00000f29sP,1107A,Evolve M2
10:2b:aa:50:8d:8e,2026-07-30 12:03:10,NxAdYxekQZxahxWUdflx3oODft9AoCVH,The Berkley Las Vegas (MVM784) 006Ql00000f29sP,1410B,Evolve M2
10:2b:aa:50:3e:bf,2026-07-30 12:03:08,NxAdYxekQZxahxWUdflx3oODft9AoCVH,The Berkley Las Vegas (MVM784) 006Ql00000f29sP,1711B,Evolve M2
10:2b:aa:50:2e:42,2026-07-30 12:03:08,NxAdYxekQZxahxWUdflx3oODft9AoCVH,The Berkley Las Vegas (MVM784) 006Ql00000f29sP,1407A@B,Evolve M2
10:2b:aa:51:e6:05,2026-07-30 12:03:08,NxAdYxekQZxahxWUdflx3oODft9AoCVH,The Berkley Las Vegas (MVM784) 006Ql00000f29sP,1505A,Evolve M2
10:2b:aa:50:92:74,2026-07-30 12:03:08,NxAdYxekQZxahxWUdflx3oODft9AoCVH,The Berkley Las Vegas (MVM784) 006Ql00000f29sP,804A,Evolve M2
10:2b:aa:50:3d:9f,2026-07-30 12:03:07,NxAdYxekQZxahxWUdflx3oODft9AoCVH,The Berkley Las Vegas (MVM784) 006Ql00000f29sP,104A,Evolve M2
10:2b:aa:50:8d:df,2026-07-30 12:03:07,NxAdYxekQZxahxWUdflx3oODft9AoCVH,The Berkley Las Vegas (MVM784) 006Ql00000f29sP,1709B@B,Evolve M2
10:2b:aa:50:92:bc,2026-07-30 12:03:06,NxAdYxekQZxahxWUdflx3oODft9AoCVH,The Berkley Las Vegas (MVM784) 006Ql00000f29sP,906B,Evolve M2
10:2b:aa:50:2e:27,2026-07-30 12:03:05,NxAdYxekQZxahxWUdflx3oODft9AoCVH,The Berkley Las Vegas (MVM784) 006Ql00000f29sP,1205B,Evolve M2
10:2b:aa:50:34:e1,2026-07-30 12:03:01,NxAdYxekQZxahxWUdflx3oODft9AoCVH,The Berkley Las Vegas (MVM784) 006Ql00000f29sP,907B,Evolve M2
10:2b:aa:50:32:80,2026-07-30 12:02:59,NxAdYxekQZxahxWUdflx3oODft9AoCVH,The Berkley Las Vegas (MVM784) 006Ql00000f29sP,902A,Evolve M2
10:2b:aa:50:3c:5b,2026-07-30 12:02:59,NxAdYxekQZxahxWUdflx3oODft9AoCVH,The Berkley Las Vegas (MVM784) 006Ql00000f29sP,409A,Evolve M2
10:2b:aa:50:8d:55,2026-07-30 12:02:59,NxAdYxekQZxahxWUdflx3oODft9AoCVH,The Berkley Las Vegas (MVM784) 006Ql00000f29sP,807B,Evolve M2
10:2b:aa:50:04:45,2026-07-30 12:02:59,NxAdYxekQZxahxWUdflx3oODft9AoCVH,The Berkley Las Vegas (MVM784) 006Ql00000f29sP,1107B,Evolve M2
10:2b:aa:50:3f:46,2026-07-30 12:02:57,NxAdYxekQZxahxWUdflx3oODft9AoCVH,The Berkley Las Vegas (MVM784) 006Ql00000f29sP,309A,Evolve M2
10:2b:aa:50:33:58,2026-07-30 12:02:55,NxAdYxekQZxahxWUdflx3oODft9AoCVH,The Berkley Las Vegas (MVM784) 006Ql00000f29sP,705A,Evolve M2
10:2b:aa:50:8f:c5,2026-07-30 12:02:55,NxAdYxekQZxahxWUdflx3oODft9AoCVH,The Berkley Las Vegas (MVM784) 006Ql00000f29sP,1506B@L,Evolve M2
10:2b:aa:50:3c:d9,2026-07-30 12:02:55,NxAdYxekQZxahxWUdflx3oODft9AoCVH,The Berkley Las Vegas (MVM784) 006Ql00000f29sP,801A,Evolve M2
10:2b:aa:50:3a:78,2026-07-30 12:02:54,NxAdYxekQZxahxWUdflx3oODft9AoCVH,The Berkley Las Vegas (MVM784) 006Ql00000f29sP,1007B,Evolve M2
10:2b:aa:50:2c:da,2026-07-30 12:02:54,NxAdYxekQZxahxWUdflx3oODft9AoCVH,The Berkley Las Vegas (MVM784) 006Ql00000f29sP,610B@B,Evolve M2
10:2b:aa:50:8d:22,2026-07-30 12:02:53,NxAdYxekQZxahxWUdflx3oODft9AoCVH,The Berkley Las Vegas (MVM784) 006Ql00000f29sP,1203A,Evolve M2
10:2b:aa:50:3a:87,2026-07-30 12:02:52,NxAdYxekQZxahxWUdflx3oODft9AoCVH,The Berkley Las Vegas (MVM784) 006Ql00000f29sP,1503B@L,Evolve M2
10:2b:aa:50:3a:27,2026-07-30 12:02:52,NxAdYxekQZxahxWUdflx3oODft9AoCVH,The Berkley Las Vegas (MVM784) 006Ql00000f29sP,412A,Evolve M2
10:2b:aa:50:8f:17,2026-07-30 12:02:50,NxAdYxekQZxahxWUdflx3oODft9AoCVH,The Berkley Las Vegas (MVM784) 006Ql00000f29sP,802B,Evolve M2
10:2b:aa:50:92:4a,2026-07-30 12:02:48,NxAdYxekQZxahxWUdflx3oODft9AoCVH,The Berkley Las Vegas (MVM784) 006Ql00000f29sP,1602B@L,Evolve M2
10:2b:aa:50:3d:ae,2026-07-30 12:02:47,NxAdYxekQZxahxWUdflx3oODft9AoCVH,The Berkley Las Vegas (MVM784) 006Ql00000f29sP,211B,Evolve M2
10:2b:aa:50:33:e2,2026-07-30 12:02:45,NxAdYxekQZxahxWUdflx3oODft9AoCVH,The Berkley Las Vegas (MVM784) 006Ql00000f29sP,910A,Evolve M2
68:ab:a9:f8:43:ad,2026-07-30 12:02:44,NxAdYxekQZxahxWUdflx3oODft9AoCVH,The Berkley Las Vegas (MVM784) 006Ql00000f29sP,1509B@B,Evolve M2
68:ab:a9:f8:51:b0,2026-07-30 12:02:41,NxAdYxekQZxahxWUdflx3oODft9AoCVH,The Berkley Las Vegas (MVM784) 006Ql00000f29sP,1809B,Evolve M2
10:2b:aa:50:30:d3,2026-07-30 12:02:40,NxAdYxekQZxahxWUdflx3oODft9AoCVH,The Berkley Las Vegas (MVM784) 006Ql00000f29sP,1403A,Evolve M2
10:2b:aa:50:2e:90,2026-07-30 12:02:40,NxAdYxekQZxahxWUdflx3oODft9AoCVH,The Berkley Las Vegas (MVM784) 006Ql00000f29sP,1607A@L,Evolve M2
10:2b:aa:50:3c:10,2026-07-30 12:02:39,NxAdYxekQZxahxWUdflx3oODft9AoCVH,The Berkley Las Vegas (MVM784) 006Ql00000f29sP,208A,Evolve M2
10:2b:aa:50:37:3f,2026-07-30 12:02:38,NxAdYxekQZxahxWUdflx3oODft9AoCVH,The Berkley Las Vegas (MVM784) 006Ql00000f29sP,1701A@L,Evolve M2
10:2b:aa:50:35:bc,2026-07-30 12:02:37,NxAdYxekQZxahxWUdflx3oODft9AoCVH,The Berkley Las Vegas (MVM784) 006Ql00000f29sP,603B,Evolve M2
10:2b:aa:50:34:06,2026-07-30 12:02:35,NxAdYxekQZxahxWUdflx3oODft9AoCVH,The Berkley Las Vegas (MVM784) 006Ql00000f29sP,303B@B,Evolve M2
10:2b:aa:50:31:93,2026-07-30 12:02:34,NxAdYxekQZxahxWUdflx3oODft9AoCVH,The Berkley Las Vegas (MVM784) 006Ql00000f29sP,212A,Evolve M2
10:2b:aa:50:3c:8e,2026-07-30 12:02:33,NxAdYxekQZxahxWUdflx3oODft9AoCVH,The Berkley Las Vegas (MVM784) 006Ql00000f29sP,305A,Evolve M2
10:2b:aa:50:35:74,2026-07-30 12:02:30,NxAdYxekQZxahxWUdflx3oODft9AoCVH,The Berkley Las Vegas (MVM784) 006Ql00000f29sP,401B,Evolve M2
10:2b:aa:50:32:9b,2026-07-30 12:02:30,NxAdYxekQZxahxWUdflx3oODft9AoCVH,The Berkley Las Vegas (MVM784) 006Ql00000f29sP,809A,Evolve M2
10:2b:aa:50:8e:81,2026-07-30 12:02:29,NxAdYxekQZxahxWUdflx3oODft9AoCVH,The Berkley Las Vegas (MVM784) 006Ql00000f29sP,1411B,Evolve M2
10:2b:aa:50:8d:a6,2026-07-30 12:02:28,NxAdYxekQZxahxWUdflx3oODft9AoCVH,The Berkley Las Vegas (MVM784) 006Ql00000f29sP,801B,Evolve M2
10:2b:aa:50:03:f4,2026-07-30 12:02:28,NxAdYxekQZxahxWUdflx3oODft9AoCVH,The Berkley Las Vegas (MVM784) 006Ql00000f29sP,811B,Evolve M2
10:2b:aa:50:2b:db,2026-07-30 12:02:28,NxAdYxekQZxahxWUdflx3oODft9AoCVH,The Berkley Las Vegas (MVM784) 006Ql00000f29sP,1612B,Evolve M2
10:2b:aa:50:36:f7,2026-07-30 12:02:26,NxAdYxekQZxahxWUdflx3oODft9AoCVH,The Berkley Las Vegas (MVM784) 006Ql00000f29sP,1701A@B,Evolve M2
10:2b:aa:50:3b:7d,2026-07-30 12:02:25,NxAdYxekQZxahxWUdflx3oODft9AoCVH,The Berkley Las Vegas (MVM784) 006Ql00000f29sP,405B,Evolve M2
10:2b:aa:50:35:c2,2026-07-30 12:02:24,NxAdYxekQZxahxWUdflx3oODft9AoCVH,The Berkley Las Vegas (MVM784) 006Ql00000f29sP,407B,Evolve M2
10:2b:aa:50:32:35,2026-07-30 12:02:21,NxAdYxekQZxahxWUdflx3oODft9AoCVH,The Berkley Las Vegas (MVM784) 006Ql00000f29sP,604A,Evolve M2
10:2b:aa:50:92:b9,2026-07-30 12:02:20,NxAdYxekQZxahxWUdflx3oODft9AoCVH,The Berkley Las Vegas (MVM784) 006Ql00000f29sP,1401A@L,Evolve M2
10:2b:aa:50:31:d2,2026-07-30 12:02:20,NxAdYxekQZxahxWUdflx3oODft9AoCVH,The Berkley Las Vegas (MVM784) 006Ql00000f29sP,703B,Evolve M2
10:2b:aa:50:3c:d0,2026-07-30 12:02:20,NxAdYxekQZxahxWUdflx3oODft9AoCVH,The Berkley Las Vegas (MVM784) 006Ql00000f29sP,1101A,Evolve M2
10:2b:aa:50:3d:78,2026-07-30 12:02:20,NxAdYxekQZxahxWUdflx3oODft9AoCVH,The Berkley Las Vegas (MVM784) 006Ql00000f29sP,206B,Evolve M2
10:2b:aa:50:2d:d6,2026-07-30 12:02:19,NxAdYxekQZxahxWUdflx3oODft9AoCVH,The Berkley Las Vegas (MVM784) 006Ql00000f29sP,1008A,Evolve M2
10:2b:aa:50:31:18,2026-07-30 12:02:17,NxAdYxekQZxahxWUdflx3oODft9AoCVH,The Berkley Las Vegas (MVM784) 006Ql00000f29sP,1401B,Evolve M2
10:2b:aa:50:8f:f2,2026-07-30 12:02:17,NxAdYxekQZxahxWUdflx3oODft9AoCVH,The Berkley Las Vegas (MVM784) 006Ql00000f29sP,1407B@L,Evolve M2
10:2b:aa:50:39:97,2026-07-30 12:02:16,NxAdYxekQZxahxWUdflx3oODft9AoCVH,The Berkley Las Vegas (MVM784) 006Ql00000f29sP,1201A,Evolve M2
10:2b:aa:50:2c:4d,2026-07-30 12:02:15,NxAdYxekQZxahxWUdflx3oODft9AoCVH,The Berkley Las Vegas (MVM784) 006Ql00000f29sP,902A,Evolve M2
10:2b:aa:50:35:d1,2026-07-30 12:02:14,NxAdYxekQZxahxWUdflx3oODft9AoCVH,The Berkley Las Vegas (MVM784) 006Ql00000f29sP,711B,Evolve M2
10:2b:aa:51:ea:df,2026-07-30 12:02:14,NxAdYxekQZxahxWUdflx3oODft9AoCVH,The Berkley Las Vegas (MVM784) 006Ql00000f29sP,1101B,Evolve M2
10:2b:aa:50:3e:80,2026-07-30 12:02:13,NxAdYxekQZxahxWUdflx3oODft9AoCVH,The Berkley Las Vegas (MVM784) 006Ql00000f29sP,1708B@L,Evolve M2
10:2b:aa:50:8e:2a,2026-07-30 12:02:12,NxAdYxekQZxahxWUdflx3oODft9AoCVH,The Berkley Las Vegas (MVM784) 006Ql00000f29sP,1706A@L,Evolve M2
10:2b:aa:50:91:b1,2026-07-30 12:02:11,NxAdYxekQZxahxWUdflx3oODft9AoCVH,The Berkley Las Vegas (MVM784) 006Ql00000f29sP,1605B@B,Evolve M2
10:2b:aa:50:2d:76,2026-07-30 12:02:09,NxAdYxekQZxahxWUdflx3oODft9AoCVH,The Berkley Las Vegas (MVM784) 006Ql00000f29sP,806B,Evolve M2
10:2b:aa:50:34:9f,2026-07-30 12:02:07,NxAdYxekQZxahxWUdflx3oODft9AoCVH,The Berkley Las Vegas (MVM784) 006Ql00000f29sP,409B,Evolve M2
10:2b:aa:50:92:47,2026-07-30 12:02:07,NxAdYxekQZxahxWUdflx3oODft9AoCVH,The Berkley Las Vegas (MVM784) 006Ql00000f29sP,1610B@L,Evolve M2
10:2b:aa:50:8f:29,2026-07-30 12:02:06,NxAdYxekQZxahxWUdflx3oODft9AoCVH,The Berkley Las Vegas (MVM784) 006Ql00000f29sP,901S,Evolve M2
10:2b:aa:50:91:c6,2026-07-30 12:02:06,NxAdYxekQZxahxWUdflx3oODft9AoCVH,The Berkley Las Vegas (MVM784) 006Ql00000f29sP,1702B@L,Evolve M2
10:2b:aa:50:33:82,2026-07-30 12:02:06,NxAdYxekQZxahxWUdflx3oODft9AoCVH,The Berkley Las Vegas (MVM784) 006Ql00000f29sP,1602A@B,Evolve M2
10:2b:aa:50:36:fd,2026-07-30 12:02:05,NxAdYxekQZxahxWUdflx3oODft9AoCVH,The Berkley Las Vegas (MVM784) 006Ql00000f29sP,1501B,Evolve M2
10:2b:aa:50:3e:c2,2026-07-30 12:02:03,NxAdYxekQZxahxWUdflx3oODft9AoCVH,The Berkley Las Vegas (MVM784) 006Ql00000f29sP,1711A,Evolve M2
10:2b:aa:50:2f:92,2026-07-30 12:02:03,NxAdYxekQZxahxWUdflx3oODft9AoCVH,The Berkley Las Vegas (MVM784) 006Ql00000f29sP,1603B@L,Evolve M2
10:2b:aa:50:90:ac,2026-07-30 12:02:00,NxAdYxekQZxahxWUdflx3oODft9AoCVH,The Berkley Las Vegas (MVM784) 006Ql00000f29sP,1104B,Evolve M2
10:2b:aa:50:37:63,2026-07-30 12:01:59,NxAdYxekQZxahxWUdflx3oODft9AoCVH,The Berkley Las Vegas (MVM784) 006Ql00000f29sP,1508A,Evolve M2
10:2b:aa:50:30:ac,2026-07-30 12:01:57,NxAdYxekQZxahxWUdflx3oODft9AoCVH,The Berkley Las Vegas (MVM784) 006Ql00000f29sP,602A,Evolve M2
10:2b:aa:50:91:96,2026-07-30 12:01:57,NxAdYxekQZxahxWUdflx3oODft9AoCVH,The Berkley Las Vegas (MVM784) 006Ql00000f29sP,1702B@B,Evolve M2
10:2b:aa:50:3f:ee,2026-07-30 12:01:56,NxAdYxekQZxahxWUdflx3oODft9AoCVH,The Berkley Las Vegas (MVM784) 006Ql00000f29sP,307B@B,Evolve M2
10:2b:aa:50:3a:f9,2026-07-30 12:01:55,NxAdYxekQZxahxWUdflx3oODft9AoCVH,The Berkley Las Vegas (MVM784) 006Ql00000f29sP,306A@L,Evolve M2
10:2b:aa:50:38:38,2026-07-30 12:01:54,NxAdYxekQZxahxWUdflx3oODft9AoCVH,The Berkley Las Vegas (MVM784) 006Ql00000f29sP,1012B,Evolve M2
10:2b:aa:50:39:a0,2026-07-30 12:01:53,NxAdYxekQZxahxWUdflx3oODft9AoCVH,The Berkley Las Vegas (MVM784) 006Ql00000f29sP,1601A@B,Evolve M2
10:2b:aa:51:ea:2b,2026-07-30 12:01:51,NxAdYxekQZxahxWUdflx3oODft9AoCVH,The Berkley Las Vegas (MVM784) 006Ql00000f29sP,1209G,Evolve M2
10:2b:aa:50:91:e7,2026-07-30 12:01:50,NxAdYxekQZxahxWUdflx3oODft9AoCVH,The Berkley Las Vegas (MVM784) 006Ql00000f29sP,1708A,Evolve M2
10:2b:aa:50:3c:07,2026-07-30 12:01:49,NxAdYxekQZxahxWUdflx3oODft9AoCVH,The Berkley Las Vegas (MVM784) 006Ql00000f29sP,609B,Evolve M2
10:2b:aa:51:eb:15,2026-07-30 12:01:49,NxAdYxekQZxahxWUdflx3oODft9AoCVH,The Berkley Las Vegas (MVM784) 006Ql00000f29sP,707B,Evolve M2
10:2b:aa:50:91:cf,2026-07-30 12:01:48,NxAdYxekQZxahxWUdflx3oODft9AoCVH,The Berkley Las Vegas (MVM784) 006Ql00000f29sP,1511@B,Evolve M2
10:2b:aa:50:35:47,2026-07-30 12:01:47,NxAdYxekQZxahxWUdflx3oODft9AoCVH,The Berkley Las Vegas (MVM784) 006Ql00000f29sP,406B,Evolve M2
10:2b:aa:50:04:60,2026-07-30 12:01:46,NxAdYxekQZxahxWUdflx3oODft9AoCVH,The Berkley Las Vegas (MVM784) 006Ql00000f29sP,1603A@L,Evolve M2
10:2b:aa:50:04:81,2026-07-30 12:01:45,NxAdYxekQZxahxWUdflx3oODft9AoCVH,The Berkley Las Vegas (MVM784) 006Ql00000f29sP,1607B@B,Evolve M2
10:2b:aa:50:31:e7,2026-07-30 12:01:45,NxAdYxekQZxahxWUdflx3oODft9AoCVH,The Berkley Las Vegas (MVM784) 006Ql00000f29sP,305B,Evolve M2
10:2b:aa:50:3f:97,2026-07-30 12:01:44,NxAdYxekQZxahxWUdflx3oODft9AoCVH,The Berkley Las Vegas (MVM784) 006Ql00000f29sP,1411A,Evolve M2
10:2b:aa:50:3f:55,2026-07-30 12:01:42,NxAdYxekQZxahxWUdflx3oODft9AoCVH,The Berkley Las Vegas (MVM784) 006Ql00000f29sP,508B,Evolve M2
10:2b:aa:50:3c:46,2026-07-30 12:01:39,NxAdYxekQZxahxWUdflx3oODft9AoCVH,The Berkley Las Vegas (MVM784) 006Ql00000f29sP,204B,Evolve M2
10:2b:aa:50:37:cf,2026-07-30 12:01:37,NxAdYxekQZxahxWUdflx3oODft9AoCVH,The Berkley Las Vegas (MVM784) 006Ql00000f29sP,807A,Evolve M2
10:2b:aa:50:2f:4a,2026-07-30 12:01:36,NxAdYxekQZxahxWUdflx3oODft9AoCVH,The Berkley Las Vegas (MVM784) 006Ql00000f29sP,1112B,Evolve M2
68:ab:a9:fb:06:e8,2026-07-30 12:01:35,NxAdYxekQZxahxWUdflx3oODft9AoCVH,The Berkley Las Vegas (MVM784) 006Ql00000f29sP,1812A,Evolve M2
10:2b:aa:50:03:dc,2026-07-30 12:01:34,NxAdYxekQZxahxWUdflx3oODft9AoCVH,The Berkley Las Vegas (MVM784) 006Ql00000f29sP,1110A,Evolve M2
10:2b:aa:50:32:77,2026-07-30 12:01:31,NxAdYxekQZxahxWUdflx3oODft9AoCVH,The Berkley Las Vegas (MVM784) 006Ql00000f29sP,409B,Evolve M2
10:2b:aa:50:92:d1,2026-07-30 12:01:31,NxAdYxekQZxahxWUdflx3oODft9AoCVH,The Berkley Las Vegas (MVM784) 006Ql00000f29sP,1208A,Evolve M2
10:2b:aa:50:2c:08,2026-07-30 12:01:29,NxAdYxekQZxahxWUdflx3oODft9AoCVH,The Berkley Las Vegas (MVM784) 006Ql00000f29sP,1607B@L,Evolve M2
10:2b:aa:50:3f:31,2026-07-30 12:01:28,NxAdYxekQZxahxWUdflx3oODft9AoCVH,The Berkley Las Vegas (MVM784) 006Ql00000f29sP,309B,Evolve M2
10:2b:aa:50:8d:34,2026-07-30 12:01:28,NxAdYxekQZxahxWUdflx3oODft9AoCVH,The Berkley Las Vegas (MVM784) 006Ql00000f29sP,411A,Evolve M2
10:2b:aa:50:34:36,2026-07-30 12:01:27,NxAdYxekQZxahxWUdflx3oODft9AoCVH,The Berkley Las Vegas (MVM784) 006Ql00000f29sP,202A,Evolve M2
10:2b:aa:50:33:b5,2026-07-30 12:01:24,NxAdYxekQZxahxWUdflx3oODft9AoCVH,The Berkley Las Vegas (MVM784) 006Ql00000f29sP,206B,Evolve M2
10:2b:aa:50:8d:46,2026-07-30 12:01:23,NxAdYxekQZxahxWUdflx3oODft9AoCVH,The Berkley Las Vegas (MVM784) 006Ql00000f29sP,1410B,Evolve M2
10:2b:aa:50:3f:79,2026-07-30 12:01:23,NxAdYxekQZxahxWUdflx3oODft9AoCVH,The Berkley Las Vegas (MVM784) 006Ql00000f29sP,511B,Evolve M2
10:2b:aa:50:2d:9a,2026-07-30 12:01:22,NxAdYxekQZxahxWUdflx3oODft9AoCVH,The Berkley Las Vegas (MVM784) 006Ql00000f29sP,1010B,Evolve M2
10:2b:aa:50:04:b1,2026-07-30 12:01:22,NxAdYxekQZxahxWUdflx3oODft9AoCVH,The Berkley Las Vegas (MVM784) 006Ql00000f29sP,1101B,Evolve M2
10:2b:aa:50:3e:e0,2026-07-30 12:01:21,NxAdYxekQZxahxWUdflx3oODft9AoCVH,The Berkley Las Vegas (MVM784) 006Ql00000f29sP,1711B,Evolve M2
10:2b:aa:51:e8:c6,2026-07-30 12:01:20,NxAdYxekQZxahxWUdflx3oODft9AoCVH,The Berkley Las Vegas (MVM784) 006Ql00000f29sP,506B,Evolve M2
10:2b:aa:50:31:60,2026-07-30 12:01:20,NxAdYxekQZxahxWUdflx3oODft9AoCVH,The Berkley Las Vegas (MVM784) 006Ql00000f29sP,1405A,Evolve M2
10:2b:aa:50:36:82,2026-07-30 12:01:19,NxAdYxekQZxahxWUdflx3oODft9AoCVH,The Berkley Las Vegas (MVM784) 006Ql00000f29sP,602B,Evolve M2
10:2b:aa:50:04:3f,2026-07-30 12:01:18,NxAdYxekQZxahxWUdflx3oODft9AoCVH,The Berkley Las Vegas (MVM784) 006Ql00000f29sP,1105B,Evolve M2
10:2b:aa:51:ea:b2,2026-07-30 12:01:18,NxAdYxekQZxahxWUdflx3oODft9AoCVH,The Berkley Las Vegas (MVM784) 006Ql00000f29sP,710B,Evolve M2
10:2b:aa:50:2d:ac,2026-07-30 12:01:18,NxAdYxekQZxahxWUdflx3oODft9AoCVH,The Berkley Las Vegas (MVM784) 006Ql00000f29sP,904B,Evolve M2
10:2b:aa:50:8c:ce,2026-07-30 12:01:18,NxAdYxekQZxahxWUdflx3oODft9AoCVH,The Berkley Las Vegas (MVM784) 006Ql00000f29sP,402A,Evolve M2
10:2b:aa:50:8e:5a,2026-07-30 12:01:18,NxAdYxekQZxahxWUdflx3oODft9AoCVH,The Berkley Las Vegas (MVM784) 006Ql00000f29sP,801B,Evolve M2
10:2b:aa:51:ea:4c,2026-07-30 12:01:17,NxAdYxekQZxahxWUdflx3oODft9AoCVH,The Berkley Las Vegas (MVM784) 006Ql00000f29sP,1205A,Evolve M2
10:2b:aa:50:37:ae,2026-07-30 12:01:16,NxAdYxekQZxahxWUdflx3oODft9AoCVH,The Berkley Las Vegas (MVM784) 006Ql00000f29sP,1105B,Evolve M2
10:2b:aa:50:37:e7,2026-07-30 12:01:16,NxAdYxekQZxahxWUdflx3oODft9AoCVH,The Berkley Las Vegas (MVM784) 006Ql00000f29sP,602B,Evolve M2
10:2b:aa:50:90:61,2026-07-30 12:01:16,NxAdYxekQZxahxWUdflx3oODft9AoCVH,The Berkley Las Vegas (MVM784) 006Ql00000f29sP,1505B,Evolve M2
10:2b:aa:50:33:1f,2026-07-30 12:01:14,NxAdYxekQZxahxWUdflx3oODft9AoCVH,The Berkley Las Vegas (MVM784) 006Ql00000f29sP,809A,Evolve M2
10:2b:aa:50:2e:bd,2026-07-30 12:01:14,NxAdYxekQZxahxWUdflx3oODft9AoCVH,The Berkley Las Vegas (MVM784) 006Ql00000f29sP,1112A,Evolve M2
10:2b:aa:50:90:70,2026-07-30 12:01:13,NxAdYxekQZxahxWUdflx3oODft9AoCVH,The Berkley Las Vegas (MVM784) 006Ql00000f29sP,1504B,Evolve M2
10:2b:aa:50:91:9c,2026-07-30 12:01:12,NxAdYxekQZxahxWUdflx3oODft9AoCVH,The Berkley Las Vegas (MVM784) 006Ql00000f29sP,1001B,Evolve M2
10:2b:aa:50:91:de,2026-07-30 12:01:10,NxAdYxekQZxahxWUdflx3oODft9AoCVH,The Berkley Las Vegas (MVM784) 006Ql00000f29sP,1001B,Evolve M2
10:2b:aa:50:3a:c9,2026-07-30 12:01:09,NxAdYxekQZxahxWUdflx3oODft9AoCVH,The Berkley Las Vegas (MVM784) 006Ql00000f29sP,412B,Evolve M2
10:2b:aa:50:39:af,2026-07-30 12:01:08,NxAdYxekQZxahxWUdflx3oODft9AoCVH,The Berkley Las Vegas (MVM784) 006Ql00000f29sP,601B,Evolve M2
10:2b:aa:50:36:73,2026-07-30 12:01:08,NxAdYxekQZxahxWUdflx3oODft9AoCVH,The Berkley Las Vegas (MVM784) 006Ql00000f29sP,912B,Evolve M2
10:2b:aa:50:8f:20,2026-07-30 12:01:08,NxAdYxekQZxahxWUdflx3oODft9AoCVH,The Berkley Las Vegas (MVM784) 006Ql00000f29sP,911B,Evolve M2
10:2b:aa:50:35:bf,2026-07-30 12:01:06,NxAdYxekQZxahxWUdflx3oODft9AoCVH,The Berkley Las Vegas (MVM784) 006Ql00000f29sP,702B,Evolve M2
10:2b:aa:50:34:12,2026-07-30 12:01:06,NxAdYxekQZxahxWUdflx3oODft9AoCVH,The Berkley Las Vegas (MVM784) 006Ql00000f29sP,203B,Evolve M2
10:2b:aa:50:3a:39,2026-07-30 12:01:05,NxAdYxekQZxahxWUdflx3oODft9AoCVH,The Berkley Las Vegas (MVM784) 006Ql00000f29sP,612A,Evolve M2
10:2b:aa:50:2e:a2,2026-07-30 12:01:04,NxAdYxekQZxahxWUdflx3oODft9AoCVH,The Berkley Las Vegas (MVM784) 006Ql00000f29sP,1505A,Evolve M2
10:2b:aa:50:3f:94,2026-07-30 12:01:03,NxAdYxekQZxahxWUdflx3oODft9AoCVH,The Berkley Las Vegas (MVM784) 006Ql00000f29sP,311B,Evolve M2
10:2b:aa:50:39:22,2026-07-30 12:01:00,NxAdYxekQZxahxWUdflx3oODft9AoCVH,The Berkley Las Vegas (MVM784) 006Ql00000f29sP,408B,Evolve M2
10:2b:aa:50:34:7e,2026-07-30 12:01:00,NxAdYxekQZxahxWUdflx3oODft9AoCVH,The Berkley Las Vegas (MVM784) 006Ql00000f29sP,901B,Evolve M2
10:2b:aa:50:90:43,2026-07-30 12:00:59,NxAdYxekQZxahxWUdflx3oODft9AoCVH,The Berkley Las Vegas (MVM784) 006Ql00000f29sP,1603A@B,Evolve M2
10:2b:aa:50:3a:3c,2026-07-30 12:00:54,NxAdYxekQZxahxWUdflx3oODft9AoCVH,The Berkley Las Vegas (MVM784) 006Ql00000f29sP,601S,Evolve M2
10:2b:aa:50:3a:f3,2026-07-30 12:00:54,NxAdYxekQZxahxWUdflx3oODft9AoCVH,The Berkley Las Vegas (MVM784) 006Ql00000f29sP,308B@L,Evolve M2
10:2b:aa:50:34:72,2026-07-30 12:00:54,NxAdYxekQZxahxWUdflx3oODft9AoCVH,The Berkley Las Vegas (MVM784) 006Ql00000f29sP,303B@L,Evolve M2
10:2b:aa:50:3f:73,2026-07-30 12:00:53,NxAdYxekQZxahxWUdflx3oODft9AoCVH,The Berkley Las Vegas (MVM784) 006Ql00000f29sP,204A,Evolve M2
10:2b:aa:50:3e:92,2026-07-30 12:00:52,NxAdYxekQZxahxWUdflx3oODft9AoCVH,The Berkley Las Vegas (MVM784) 006Ql00000f29sP,309A,Evolve M2
10:2b:aa:50:33:fd,2026-07-30 12:00:52,NxAdYxekQZxahxWUdflx3oODft9AoCVH,The Berkley Las Vegas (MVM784) 006Ql00000f29sP,204B,Evolve M2
10:2b:aa:50:2c:fb,2026-07-30 12:00:51,NxAdYxekQZxahxWUdflx3oODft9AoCVH,The Berkley Las Vegas (MVM784) 006Ql00000f29sP,1703B@L,Evolve M2
10:2b:aa:50:38:44,2026-07-30 12:00:48,NxAdYxekQZxahxWUdflx3oODft9AoCVH,The Berkley Las Vegas (MVM784) 006Ql00000f29sP,1011B,Evolve M2
10:2b:aa:50:31:0f,2026-07-30 12:00:46,NxAdYxekQZxahxWUdflx3oODft9AoCVH,The Berkley Las Vegas (MVM784) 006Ql00000f29sP,1403A,Evolve M2
10:2b:aa:50:35:8c,2026-07-30 12:00:44,NxAdYxekQZxahxWUdflx3oODft9AoCVH,The Berkley Las Vegas (MVM784) 006Ql00000f29sP,1507B@B,Evolve M2
10:2b:aa:50:8d:f7,2026-07-30 12:00:43,NxAdYxekQZxahxWUdflx3oODft9AoCVH,The Berkley Las Vegas (MVM784) 006Ql00000f29sP,604B,Evolve M2
10:2b:aa:50:35:2c,2026-07-30 12:00:40,NxAdYxekQZxahxWUdflx3oODft9AoCVH,The Berkley Las Vegas (MVM784) 006Ql00000f29sP,408A,Evolve M2
10:2b:aa:50:38:53,2026-07-30 12:00:39,NxAdYxekQZxahxWUdflx3oODft9AoCVH,The Berkley Las Vegas (MVM784) 006Ql00000f29sP,307A@B,Evolve M2
10:2b:aa:4f:fc:ec,2026-07-30 12:00:36,NxAdYxekQZxahxWUdflx3oODft9AoCVH,The Berkley Las Vegas (MVM784) 006Ql00000f29sP,1108A,Evolve M2
10:2b:aa:50:2d:a0,2026-07-30 12:00:36,NxAdYxekQZxahxWUdflx3oODft9AoCVH,The Berkley Las Vegas (MVM784) 006Ql00000f29sP,905A,Evolve M2
10:2b:aa:50:33:8e,2026-07-30 12:00:34,NxAdYxekQZxahxWUdflx3oODft9AoCVH,The Berkley Las Vegas (MVM784) 006Ql00000f29sP,1602B@B,Evolve M2
10:2b:aa:51:ea:67,2026-07-30 12:00:33,NxAdYxekQZxahxWUdflx3oODft9AoCVH,The Berkley Las Vegas (MVM784) 006Ql00000f29sP,1208B,Evolve M2
10:2b:aa:50:34:90,2026-07-30 12:00:33,NxAdYxekQZxahxWUdflx3oODft9AoCVH,The Berkley Las Vegas (MVM784) 006Ql00000f29sP,501S,Evolve M2
10:2b:aa:50:92:8f,2026-07-30 12:00:33,NxAdYxekQZxahxWUdflx3oODft9AoCVH,The Berkley Las Vegas (MVM784) 006Ql00000f29sP,1201S,Evolve M2
10:2b:aa:50:37:5a,2026-07-30 12:00:32,NxAdYxekQZxahxWUdflx3oODft9AoCVH,The Berkley Las Vegas (MVM784) 006Ql00000f29sP,810A,Evolve M2
10:2b:aa:50:38:65,2026-07-30 12:00:32,NxAdYxekQZxahxWUdflx3oODft9AoCVH,The Berkley Las Vegas (MVM784) 006Ql00000f29sP,311A,Evolve M2
10:2b:aa:50:3c:3a,2026-07-30 12:00:31,NxAdYxekQZxahxWUdflx3oODft9AoCVH,The Berkley Las Vegas (MVM784) 006Ql00000f29sP,609A,Evolve M2
10:2b:aa:50:38:08,2026-07-30 12:00:29,NxAdYxekQZxahxWUdflx3oODft9AoCVH,The Berkley Las Vegas (MVM784) 006Ql00000f29sP,307A@L,Evolve M2
10:2b:aa:50:3a:b7,2026-07-30 12:00:29,NxAdYxekQZxahxWUdflx3oODft9AoCVH,The Berkley Las Vegas (MVM784) 006Ql00000f29sP,1201A,Evolve M2
10:2b:aa:50:2c:2f,2026-07-30 12:00:29,NxAdYxekQZxahxWUdflx3oODft9AoCVH,The Berkley Las Vegas (MVM784) 006Ql00000f29sP,610A@B,Evolve M2
10:2b:aa:50:33:5e,2026-07-30 12:00:28,NxAdYxekQZxahxWUdflx3oODft9AoCVH,The Berkley Las Vegas (MVM784) 006Ql00000f29sP,1610A@B,Evolve M2
10:2b:aa:50:8d:64,2026-07-30 12:00:28,NxAdYxekQZxahxWUdflx3oODft9AoCVH,The Berkley Las Vegas (MVM784) 006Ql00000f29sP,402A,Evolve M2
68:ab:a9:f8:56:8a,2026-07-30 12:00:27,NxAdYxekQZxahxWUdflx3oODft9AoCVH,The Berkley Las Vegas (MVM784) 006Ql00000f29sP,1810B@B,Evolve M2
10:2b:aa:50:2c:0e,2026-07-30 12:00:27,NxAdYxekQZxahxWUdflx3oODft9AoCVH,The Berkley Las Vegas (MVM784) 006Ql00000f29sP,507A,Evolve M2
10:2b:aa:50:32:da,2026-07-30 12:00:24,NxAdYxekQZxahxWUdflx3oODft9AoCVH,The Berkley Las Vegas (MVM784) 006Ql00000f29sP,607A,Evolve M2
10:2b:aa:50:2e:0f,2026-07-30 12:00:24,NxAdYxekQZxahxWUdflx3oODft9AoCVH,The Berkley Las Vegas (MVM784) 006Ql00000f29sP,701B,Evolve M2
10:2b:aa:50:8e:bd,2026-07-30 12:00:24,NxAdYxekQZxahxWUdflx3oODft9AoCVH,The Berkley Las Vegas (MVM784) 006Ql00000f29sP,212B,Evolve M2
10:2b:aa:50:33:a6,2026-07-30 12:00:23,NxAdYxekQZxahxWUdflx3oODft9AoCVH,The Berkley Las Vegas (MVM784) 006Ql00000f29sP,609B,Evolve M2
10:2b:aa:50:3d:03,2026-07-30 12:00:21,NxAdYxekQZxahxWUdflx3oODft9AoCVH,The Berkley Las Vegas (MVM784) 006Ql00000f29sP,209A,Evolve M2
10:2b:aa:50:3e:e6,2026-07-30 12:00:21,NxAdYxekQZxahxWUdflx3oODft9AoCVH,The Berkley Las Vegas (MVM784) 006Ql00000f29sP,1702A@B,Evolve M2
10:2b:aa:50:32:aa,2026-07-30 12:00:20,NxAdYxekQZxahxWUdflx3oODft9AoCVH,The Berkley Las Vegas (MVM784) 006Ql00000f29sP,1012B,Evolve M2
10:2b:aa:50:37:36,2026-07-30 12:00:19,NxAdYxekQZxahxWUdflx3oODft9AoCVH,The Berkley Las Vegas (MVM784) 006Ql00000f29sP,701B,Evolve M2
10:2b:aa:50:8c:8f,2026-07-30 12:00:19,NxAdYxekQZxahxWUdflx3oODft9AoCVH,The Berkley Las Vegas (MVM784) 006Ql00000f29sP,807A,Evolve M2
10:2b:aa:50:90:d6,2026-07-30 12:00:18,NxAdYxekQZxahxWUdflx3oODft9AoCVH,The Berkley Las Vegas (MVM784) 006Ql00000f29sP,1202A,Evolve M2
10:2b:aa:50:3e:1d,2026-07-30 12:00:18,NxAdYxekQZxahxWUdflx3oODft9AoCVH,The Berkley Las Vegas (MVM784) 006Ql00000f29sP,1701B@B,Evolve M2
10:2b:aa:50:2e:87,2026-07-30 12:00:17,NxAdYxekQZxahxWUdflx3oODft9AoCVH,The Berkley Las Vegas (MVM784) 006Ql00000f29sP,708A,Evolve M2
10:2b:aa:50:33:22,2026-07-30 12:00:16,NxAdYxekQZxahxWUdflx3oODft9AoCVH,The Berkley Las Vegas (MVM784) 006Ql00000f29sP,806A,Evolve M2
10:2b:aa:50:39:13,2026-07-30 12:00:14,NxAdYxekQZxahxWUdflx3oODft9AoCVH,The Berkley Las Vegas (MVM784) 006Ql00000f29sP,1601A@L,Evolve M2
10:2b:aa:51:ea:7c,2026-07-30 12:00:13,NxAdYxekQZxahxWUdflx3oODft9AoCVH,The Berkley Las Vegas (MVM784) 006Ql00000f29sP,507A,Evolve M2
10:2b:aa:50:90:be,2026-07-30 12:00:13,NxAdYxekQZxahxWUdflx3oODft9AoCVH,The Berkley Las Vegas (MVM784) 006Ql00000f29sP,1004B,Evolve M2
10:2b:aa:50:32:08,2026-07-30 12:00:11,NxAdYxekQZxahxWUdflx3oODft9AoCVH,The Berkley Las Vegas (MVM784) 006Ql00000f29sP,807B,Evolve M2
10:2b:aa:50:3a:69,2026-07-30 12:00:11,NxAdYxekQZxahxWUdflx3oODft9AoCVH,The Berkley Las Vegas (MVM784) 006Ql00000f29sP,803B,Evolve M2
10:2b:aa:50:91:6f,2026-07-30 12:00:09,NxAdYxekQZxahxWUdflx3oODft9AoCVH,The Berkley Las Vegas (MVM784) 006Ql00000f29sP,1510B@L,Evolve M2
10:2b:aa:50:8f:44,2026-07-30 12:00:07,NxAdYxekQZxahxWUdflx3oODft9AoCVH,The Berkley Las Vegas (MVM784) 006Ql00000f29sP,803B,Evolve M2
10:2b:aa:50:3e:3b,2026-07-30 12:00:07,NxAdYxekQZxahxWUdflx3oODft9AoCVH,The Berkley Las Vegas (MVM784) 006Ql00000f29sP,1705B@L,Evolve M2
10:2b:aa:50:3c:6d,2026-07-30 12:00:05,NxAdYxekQZxahxWUdflx3oODft9AoCVH,The Berkley Las Vegas (MVM784) 006Ql00000f29sP,103A,Evolve M2
10:2b:aa:50:37:c0,2026-07-30 12:00:05,NxAdYxekQZxahxWUdflx3oODft9AoCVH,The Berkley Las Vegas (MVM784) 006Ql00000f29sP,812A,Evolve M2
10:2b:aa:50:3c:94,2026-07-30 12:00:04,NxAdYxekQZxahxWUdflx3oODft9AoCVH,The Berkley Las Vegas (MVM784) 006Ql00000f29sP,104B,Evolve M2
10:2b:aa:50:39:a6,2026-07-30 12:00:04,NxAdYxekQZxahxWUdflx3oODft9AoCVH,The Berkley Las Vegas (MVM784) 006Ql00000f29sP,703A,Evolve M2
10:2b:aa:50:2d:73,2026-07-30 12:00:02,NxAdYxekQZxahxWUdflx3oODft9AoCVH,The Berkley Las Vegas (MVM784) 006Ql00000f29sP,611A,Evolve M2
10:2b:aa:50:33:8b,2026-07-30 12:00:01,NxAdYxekQZxahxWUdflx3oODft9AoCVH,The Berkley Las Vegas (MVM784) 006Ql00000f29sP,608A,Evolve M2
10:2b:aa:50:30:dc,2026-07-30 12:00:00,NxAdYxekQZxahxWUdflx3oODft9AoCVH,The Berkley Las Vegas (MVM784) 006Ql00000f29sP,808A,Evolve M2
